benchmark,period,edge,operator_flow,node_balance_flow,exact_difference
synthetic_scale_500u_1022e_4p,k1,e0,8835.95796602024,8835.95796602024,0
synthetic_scale_500u_1022e_4p,k1,e1,8397.214197247404,8397.214197247404,0
synthetic_scale_500u_1022e_4p,k1,e2,4361.336374299104,4361.336374299104,0
synthetic_scale_500u_1022e_4p,k1,e3,4386.262012060934,4386.262012060934,0
synthetic_scale_500u_1022e_4p,k1,e4,4367.62196990862,4367.62196990862,0
synthetic_scale_500u_1022e_4p,k1,e5,3945.6200853663104,3945.6200853663104,0
synthetic_scale_500u_1022e_4p,k1,e6,2194.052170904297,2194.052170904297,0
synthetic_scale_500u_1022e_4p,k1,e7,2123.6708396518166,2123.6708396518166,0
synthetic_scale_500u_1022e_4p,k1,e8,2174.7402202557505,2174.7402202557505,0
synthetic_scale_500u_1022e_4p,k1,e9,2167.6591716845737,2167.6591716845737,0
synthetic_scale_500u_1022e_4p,k1,e10,2168.3029033729017,2168.3029033729017,0
synthetic_scale_500u_1022e_4p,k1,e11,2155.642846836632,2155.642846836632,0
synthetic_scale_500u_1022e_4p,k1,e12,2149.4201071832117,2149.4201071832117,0
synthetic_scale_500u_1022e_4p,k1,e13,1756.7437773294355,1756.7437773294355,0
synthetic_scale_500u_1022e_4p,k1,e14,1088.711217811802,1088.711217811802,0
synthetic_scale_500u_1022e_4p,k1,e15,1083.4004313834519,1083.4004313834519,0
synthetic_scale_500u_1022e_4p,k1,e16,1048.986535327742,1048.986535327742,0
synthetic_scale_500u_1022e_4p,k1,e17,1053.4475959275562,1053.4475959275562,0
synthetic_scale_500u_1022e_4p,k1,e18,1072.7788585267513,1072.7788585267513,0
synthetic_scale_500u_1022e_4p,k1,e19,1080.2139595264416,1080.2139595264416,0
synthetic_scale_500u_1022e_4p,k1,e20,1087.649060526132,1087.649060526132,0
synthetic_scale_500u_1022e_4p,k1,e21,1058.333519441596,1058.333519441596,0
synthetic_scale_500u_1022e_4p,k1,e22,1069.592386669741,1069.592386669741,0
synthetic_scale_500u_1022e_4p,k1,e23,1077.0274876694314,1077.0274876694314,0
synthetic_scale_500u_1022e_4p,k1,e24,1084.4625886691217,1084.4625886691217,0
synthetic_scale_500u_1022e_4p,k1,e25,1049.6238296991442,1049.6238296991442,0
synthetic_scale_500u_1022e_4p,k1,e26,1054.0848902989583,1054.0848902989583,0
synthetic_scale_500u_1022e_4p,k1,e27,1073.8410158124213,1073.8410158124213,0
synthetic_scale_500u_1022e_4p,k1,e28,1081.2761168121117,1081.2761168121117,0
synthetic_scale_500u_1022e_4p,k1,e29,657.9002227440294,657.9002227440294,0
synthetic_scale_500u_1022e_4p,k1,e30,557.3139277910756,557.3139277910756,0
synthetic_scale_500u_1022e_4p,k1,e31,520.5101778426084,520.5101778426084,0
synthetic_scale_500u_1022e_4p,k1,e32,533.7595278240566,533.7595278240566,0
synthetic_scale_500u_1022e_4p,k1,e33,538.8068992455607,538.8068992455607,0
synthetic_scale_500u_1022e_4p,k1,e34,521.1410992702964,521.1410992702964,0
synthetic_scale_500u_1022e_4p,k1,e35,517.3555707041683,517.3555707041683,0
synthetic_scale_500u_1022e_4p,k1,e36,549.9531778013821,549.9531778013821,0
synthetic_scale_500u_1022e_4p,k1,e37,492.9599421668986,492.9599421668986,0
synthetic_scale_500u_1022e_4p,k1,e38,581.7095563283453,581.7095563283453,0
synthetic_scale_500u_1022e_4p,k1,e39,480.3415136131384,480.3415136131384,0
synthetic_scale_500u_1022e_4p,k1,e40,559.4169992167023,559.4169992167023,0
synthetic_scale_500u_1022e_4p,k1,e41,509.9948207144749,509.9948207144749,0
synthetic_scale_500u_1022e_4p,k1,e42,534.1801421091819,534.1801421091819,0
synthetic_scale_500u_1022e_4p,k1,e43,542.5924278116887,542.5924278116887,0
synthetic_scale_500u_1022e_4p,k1,e44,528.2915421173851,528.2915421173851,0
synthetic_scale_500u_1022e_4p,k1,e45,519.4586421297951,519.4586421297951,0
synthetic_scale_500u_1022e_4p,k1,e46,552.0562492270088,552.0562492270088,0
synthetic_scale_500u_1022e_4p,k1,e47,506.8402135760348,506.8402135760348,0
synthetic_scale_500u_1022e_4p,k1,e48,531.0255349707419,531.0255349707419,0
synthetic_scale_500u_1022e_4p,k1,e49,535.2316778219953,535.2316778219953,0
synthetic_scale_500u_1022e_4p,k1,e50,507.05052071859745,507.05052071859745,0
synthetic_scale_500u_1022e_4p,k1,e51,566.5674420638331,566.5674420638331,0
synthetic_scale_500u_1022e_4p,k1,e52,494.4320921648373,494.4320921648373,0
synthetic_scale_500u_1022e_4p,k1,e53,544.6954992373154,544.6954992373154,0
synthetic_scale_500u_1022e_4p,k1,e54,523.6647849810485,523.6647849810485,0
synthetic_scale_500u_1022e_4p,k1,e55,519.8792564149204,519.8792564149204,0
synthetic_scale_500u_1022e_4p,k1,e56,555.8417777931369,555.8417777931369,0
synthetic_scale_500u_1022e_4p,k1,e57,507.2608278611601,507.2608278611601,0
synthetic_scale_500u_1022e_4p,k1,e58,533.1286063963686,533.1286063963686,0
synthetic_scale_500u_1022e_4p,k1,e59,537.334749247622,537.334749247622,0
synthetic_scale_500u_1022e_4p,k1,e60,533.1286063963686,533.1286063963686,0
synthetic_scale_500u_1022e_4p,k1,e61,118.19261412022057,118.19261412022057,0
synthetic_scale_500u_1022e_4p,k1,e62,263.7945581306339,263.7945581306339,0
synthetic_scale_500u_1022e_4p,k1,e63,287.9462303825309,287.9462303825309,0
synthetic_scale_500u_1022e_4p,k1,e64,271.0817006204304,271.0817006204304,0
synthetic_scale_500u_1022e_4p,k1,e65,244.22337544375185,244.22337544375185,0
synthetic_scale_500u_1022e_4p,k1,e66,257.54843599652264,257.54843599652264,0
synthetic_scale_500u_1022e_4p,k1,e67,270.8734965492934,270.8734965492934,0
synthetic_scale_500u_1022e_4p,k1,e68,254.84178307174105,254.84178307174105,0
synthetic_scale_500u_1022e_4p,k1,e69,278.577047181364,278.577047181364,0
synthetic_scale_500u_1022e_4p,k1,e70,251.30231386241132,251.30231386241132,0
synthetic_scale_500u_1022e_4p,k1,e71,264.6273744151821,264.6273744151821,0
synthetic_scale_500u_1022e_4p,k1,e72,237.3526410962294,237.3526410962294,0
synthetic_scale_500u_1022e_4p,k1,e73,274.8293739008972,274.8293739008972,0
synthetic_scale_500u_1022e_4p,k1,e74,286.07239374229755,286.07239374229755,0
synthetic_scale_500u_1022e_4p,k1,e75,258.3812522810708,258.3812522810708,0
synthetic_scale_500u_1022e_4p,k1,e76,231.10651896211812,231.10651896211812,0
synthetic_scale_500u_1022e_4p,k1,e77,256.92382378311146,256.92382378311146,0
synthetic_scale_500u_1022e_4p,k1,e78,282.3247204618308,282.3247204618308,0
synthetic_scale_500u_1022e_4p,k1,e79,293.5677403032311,293.5677403032311,0
synthetic_scale_500u_1022e_4p,k1,e80,224.8603968280068,224.8603968280068,0
synthetic_scale_500u_1022e_4p,k1,e81,250.6777016490002,250.6777016490002,0
synthetic_scale_500u_1022e_4p,k1,e82,264.00276220177096,264.00276220177096,0
synthetic_scale_500u_1022e_4p,k1,e83,289.82006702276436,289.82006702276436,0
synthetic_scale_500u_1022e_4p,k1,e84,260.4632929924412,260.4632929924412,0
synthetic_scale_500u_1022e_4p,k1,e85,244.43157951488888,244.43157951488888,0
synthetic_scale_500u_1022e_4p,k1,e86,257.75664006765965,257.75664006765965,0
synthetic_scale_500u_1022e_4p,k1,e87,271.0817006204304,271.0817006204304,0
synthetic_scale_500u_1022e_4p,k1,e88,256.71561971197445,256.71561971197445,0
synthetic_scale_500u_1022e_4p,k1,e89,280.45088382159736,280.45088382159736,0
synthetic_scale_500u_1022e_4p,k1,e90,251.51051793354836,251.51051793354836,0
synthetic_scale_500u_1022e_4p,k1,e91,271.49810876266287,271.49810876266287,0
synthetic_scale_500u_1022e_4p,k1,e92,250.46949757786314,250.46949757786314,0
synthetic_scale_500u_1022e_4p,k1,e93,263.7945581306339,263.7945581306339,0
synthetic_scale_500u_1022e_4p,k1,e94,287.9462303825309,287.9462303825309,0
synthetic_scale_500u_1022e_4p,k1,e95,258.58945635220783,258.58945635220783,0
synthetic_scale_500u_1022e_4p,k1,e96,244.22337544375185,244.22337544375185,0
synthetic_scale_500u_1022e_4p,k1,e97,257.54843599652264,257.54843599652264,0
synthetic_scale_500u_1022e_4p,k1,e98,270.8734965492934,270.8734965492934,0
synthetic_scale_500u_1022e_4p,k1,e99,254.84178307174105,254.84178307174105,0
synthetic_scale_500u_1022e_4p,k1,e100,278.577047181364,278.577047181364,0
synthetic_scale_500u_1022e_4p,k1,e101,251.30231386241132,251.30231386241132,0
synthetic_scale_500u_1022e_4p,k1,e102,264.6273744151821,264.6273744151821,0
synthetic_scale_500u_1022e_4p,k1,e103,237.3526410962294,237.3526410962294,0
synthetic_scale_500u_1022e_4p,k1,e104,274.8293739008972,274.8293739008972,0
synthetic_scale_500u_1022e_4p,k1,e105,286.07239374229755,286.07239374229755,0
synthetic_scale_500u_1022e_4p,k1,e106,258.3812522810708,258.3812522810708,0
synthetic_scale_500u_1022e_4p,k1,e107,231.10651896211812,231.10651896211812,0
synthetic_scale_500u_1022e_4p,k1,e108,256.92382378311146,256.92382378311146,0
synthetic_scale_500u_1022e_4p,k1,e109,282.3247204618308,282.3247204618308,0
synthetic_scale_500u_1022e_4p,k1,e110,293.5677403032311,293.5677403032311,0
synthetic_scale_500u_1022e_4p,k1,e111,224.8603968280068,224.8603968280068,0
synthetic_scale_500u_1022e_4p,k1,e112,250.6777016490002,250.6777016490002,0
synthetic_scale_500u_1022e_4p,k1,e113,264.00276220177096,264.00276220177096,0
synthetic_scale_500u_1022e_4p,k1,e114,289.82006702276436,289.82006702276436,0
synthetic_scale_500u_1022e_4p,k1,e115,260.4632929924412,260.4632929924412,0
synthetic_scale_500u_1022e_4p,k1,e116,244.43157951488888,244.43157951488888,0
synthetic_scale_500u_1022e_4p,k1,e117,257.75664006765965,257.75664006765965,0
synthetic_scale_500u_1022e_4p,k1,e118,271.0817006204304,271.0817006204304,0
synthetic_scale_500u_1022e_4p,k1,e119,256.71561971197445,256.71561971197445,0
synthetic_scale_500u_1022e_4p,k1,e120,280.45088382159736,280.45088382159736,0
synthetic_scale_500u_1022e_4p,k1,e121,251.51051793354836,251.51051793354836,0
synthetic_scale_500u_1022e_4p,k1,e122,277.3278227545417,277.3278227545417,0
synthetic_scale_500u_1022e_4p,k1,e123,250.46949757786314,250.46949757786314,0
synthetic_scale_500u_1022e_4p,k1,e124,117.01068797901836,117.01068797901836,0
synthetic_scale_500u_1022e_4p,k1,e125,0.0,0.0,0
synthetic_scale_500u_1022e_4p,k1,e126,115.84058109922817,115.84058109922817,0
synthetic_scale_500u_1022e_4p,k1,e127,145.31603145009942,145.31603145009942,0
synthetic_scale_500u_1022e_4p,k1,e128,134.18544180711305,134.18544180711305,0
synthetic_scale_500u_1022e_4p,k1,e129,150.88132627159257,150.88132627159257,0
synthetic_scale_500u_1022e_4p,k1,e130,139.75073662860623,139.75073662860623,0
synthetic_scale_500u_1022e_4p,k1,e131,128.6201469856199,128.6201469856199,0
synthetic_scale_500u_1022e_4p,k1,e132,106.35896769964722,106.35896769964722,0
synthetic_scale_500u_1022e_4p,k1,e133,135.4221739896671,135.4221739896671,0
synthetic_scale_500u_1022e_4p,k1,e134,112.74875064284308,112.74875064284308,0
synthetic_scale_500u_1022e_4p,k1,e135,142.2242009937143,142.2242009937143,0
synthetic_scale_500u_1022e_4p,k1,e136,119.13853358603895,119.13853358603895,0
synthetic_scale_500u_1022e_4p,k1,e137,149.0262279977615,149.0262279977615,0
synthetic_scale_500u_1022e_4p,k1,e138,137.89563835477517,137.89563835477517,0
synthetic_scale_500u_1022e_4p,k1,e139,114.39772688624846,114.39772688624846,0
synthetic_scale_500u_1022e_4p,k1,e140,143.46093317626836,143.46093317626836,0
synthetic_scale_500u_1022e_4p,k1,e141,132.33034353328202,132.33034353328202,0
synthetic_scale_500u_1022e_4p,k1,e142,109.656920186458,109.656920186458,0
synthetic_scale_500u_1022e_4p,k1,e143,139.13237053732922,139.13237053732922,0
synthetic_scale_500u_1022e_4p,k1,e144,116.04670312965385,116.04670312965385,0
synthetic_scale_500u_1022e_4p,k1,e145,145.93439754137643,145.93439754137643,0
synthetic_scale_500u_1022e_4p,k1,e146,122.4364860728497,122.4364860728497,0
synthetic_scale_500u_1022e_4p,k1,e147,112.5426286124174,112.5426286124174,0
synthetic_scale_500u_1022e_4p,k1,e148,141.6058349024373,141.6058349024373,0
synthetic_scale_500u_1022e_4p,k1,e149,130.47524525945096,130.47524525945096,0
synthetic_scale_500u_1022e_4p,k1,e150,147.17112972393045,147.17112972393045,0
synthetic_scale_500u_1022e_4p,k1,e151,136.0405400809441,136.0405400809441,0
synthetic_scale_500u_1022e_4p,k1,e152,112.95487267326875,112.95487267326875,0
synthetic_scale_500u_1022e_4p,k1,e153,142.84256708499132,142.84256708499132,0
synthetic_scale_500u_1022e_4p,k1,e154,119.34465561646462,119.34465561646462,0
synthetic_scale_500u_1022e_4p,k1,e155,109.45079815603232,109.45079815603232,0
synthetic_scale_500u_1022e_4p,k1,e156,138.51400444605218,138.51400444605218,0
synthetic_scale_500u_1022e_4p,k1,e157,115.84058109922817,115.84058109922817,0
synthetic_scale_500u_1022e_4p,k1,e158,145.31603145009942,145.31603145009942,0
synthetic_scale_500u_1022e_4p,k1,e159,134.18544180711305,134.18544180711305,0
synthetic_scale_500u_1022e_4p,k1,e160,150.88132627159257,150.88132627159257,0
synthetic_scale_500u_1022e_4p,k1,e161,139.75073662860623,139.75073662860623,0
synthetic_scale_500u_1022e_4p,k1,e162,116.25282516007952,116.25282516007952,0
synthetic_scale_500u_1022e_4p,k1,e163,106.35896769964722,106.35896769964722,0
synthetic_scale_500u_1022e_4p,k1,e164,135.4221739896671,135.4221739896671,0
synthetic_scale_500u_1022e_4p,k1,e165,112.74875064284308,112.74875064284308,0
synthetic_scale_500u_1022e_4p,k1,e166,142.2242009937143,142.2242009937143,0
synthetic_scale_500u_1022e_4p,k1,e167,119.13853358603895,119.13853358603895,0
synthetic_scale_500u_1022e_4p,k1,e168,149.0262279977615,149.0262279977615,0
synthetic_scale_500u_1022e_4p,k1,e169,137.89563835477517,137.89563835477517,0
synthetic_scale_500u_1022e_4p,k1,e170,114.39772688624846,114.39772688624846,0
synthetic_scale_500u_1022e_4p,k1,e171,143.46093317626836,143.46093317626836,0
synthetic_scale_500u_1022e_4p,k1,e172,132.33034353328202,132.33034353328202,0
synthetic_scale_500u_1022e_4p,k1,e173,109.656920186458,109.656920186458,0
synthetic_scale_500u_1022e_4p,k1,e174,139.13237053732922,139.13237053732922,0
synthetic_scale_500u_1022e_4p,k1,e175,116.04670312965385,116.04670312965385,0
synthetic_scale_500u_1022e_4p,k1,e176,145.93439754137643,145.93439754137643,0
synthetic_scale_500u_1022e_4p,k1,e177,122.4364860728497,122.4364860728497,0
synthetic_scale_500u_1022e_4p,k1,e178,112.5426286124174,112.5426286124174,0
synthetic_scale_500u_1022e_4p,k1,e179,141.6058349024373,141.6058349024373,0
synthetic_scale_500u_1022e_4p,k1,e180,130.47524525945096,130.47524525945096,0
synthetic_scale_500u_1022e_4p,k1,e181,147.17112972393045,147.17112972393045,0
synthetic_scale_500u_1022e_4p,k1,e182,136.0405400809441,136.0405400809441,0
synthetic_scale_500u_1022e_4p,k1,e183,112.95487267326875,112.95487267326875,0
synthetic_scale_500u_1022e_4p,k1,e184,142.84256708499132,142.84256708499132,0
synthetic_scale_500u_1022e_4p,k1,e185,125.94056059004492,125.94056059004492,0
synthetic_scale_500u_1022e_4p,k1,e186,109.45079815603232,109.45079815603232,0
synthetic_scale_500u_1022e_4p,k1,e187,138.51400444605218,138.51400444605218,0
synthetic_scale_500u_1022e_4p,k1,e188,115.84058109922817,115.84058109922817,0
synthetic_scale_500u_1022e_4p,k1,e189,145.31603145009942,145.31603145009942,0
synthetic_scale_500u_1022e_4p,k1,e190,134.18544180711305,134.18544180711305,0
synthetic_scale_500u_1022e_4p,k1,e191,150.88132627159257,150.88132627159257,0
synthetic_scale_500u_1022e_4p,k1,e192,139.75073662860623,139.75073662860623,0
synthetic_scale_500u_1022e_4p,k1,e193,116.25282516007952,116.25282516007952,0
synthetic_scale_500u_1022e_4p,k1,e194,106.35896769964722,106.35896769964722,0
synthetic_scale_500u_1022e_4p,k1,e195,135.4221739896671,135.4221739896671,0
synthetic_scale_500u_1022e_4p,k1,e196,112.74875064284308,112.74875064284308,0
synthetic_scale_500u_1022e_4p,k1,e197,142.2242009937143,142.2242009937143,0
synthetic_scale_500u_1022e_4p,k1,e198,119.13853358603895,119.13853358603895,0
synthetic_scale_500u_1022e_4p,k1,e199,149.0262279977615,149.0262279977615,0
synthetic_scale_500u_1022e_4p,k1,e200,137.89563835477517,137.89563835477517,0
synthetic_scale_500u_1022e_4p,k1,e201,114.39772688624846,114.39772688624846,0
synthetic_scale_500u_1022e_4p,k1,e202,143.46093317626836,143.46093317626836,0
synthetic_scale_500u_1022e_4p,k1,e203,132.33034353328202,132.33034353328202,0
synthetic_scale_500u_1022e_4p,k1,e204,109.656920186458,109.656920186458,0
synthetic_scale_500u_1022e_4p,k1,e205,139.13237053732922,139.13237053732922,0
synthetic_scale_500u_1022e_4p,k1,e206,116.04670312965385,116.04670312965385,0
synthetic_scale_500u_1022e_4p,k1,e207,145.93439754137643,145.93439754137643,0
synthetic_scale_500u_1022e_4p,k1,e208,122.4364860728497,122.4364860728497,0
synthetic_scale_500u_1022e_4p,k1,e209,112.5426286124174,112.5426286124174,0
synthetic_scale_500u_1022e_4p,k1,e210,141.6058349024373,141.6058349024373,0
synthetic_scale_500u_1022e_4p,k1,e211,130.47524525945096,130.47524525945096,0
synthetic_scale_500u_1022e_4p,k1,e212,147.17112972393045,147.17112972393045,0
synthetic_scale_500u_1022e_4p,k1,e213,136.0405400809441,136.0405400809441,0
synthetic_scale_500u_1022e_4p,k1,e214,112.95487267326875,112.95487267326875,0
synthetic_scale_500u_1022e_4p,k1,e215,142.84256708499132,142.84256708499132,0
synthetic_scale_500u_1022e_4p,k1,e216,119.34465561646462,119.34465561646462,0
synthetic_scale_500u_1022e_4p,k1,e217,109.45079815603232,109.45079815603232,0
synthetic_scale_500u_1022e_4p,k1,e218,138.51400444605218,138.51400444605218,0
synthetic_scale_500u_1022e_4p,k1,e219,115.84058109922817,115.84058109922817,0
synthetic_scale_500u_1022e_4p,k1,e220,145.31603145009942,145.31603145009942,0
synthetic_scale_500u_1022e_4p,k1,e221,134.18544180711305,134.18544180711305,0
synthetic_scale_500u_1022e_4p,k1,e222,150.88132627159257,150.88132627159257,0
synthetic_scale_500u_1022e_4p,k1,e223,139.75073662860623,139.75073662860623,0
synthetic_scale_500u_1022e_4p,k1,e224,116.25282516007952,116.25282516007952,0
synthetic_scale_500u_1022e_4p,k1,e225,106.35896769964722,106.35896769964722,0
synthetic_scale_500u_1022e_4p,k1,e226,135.4221739896671,135.4221739896671,0
synthetic_scale_500u_1022e_4p,k1,e227,112.74875064284308,112.74875064284308,0
synthetic_scale_500u_1022e_4p,k1,e228,142.2242009937143,142.2242009937143,0
synthetic_scale_500u_1022e_4p,k1,e229,119.13853358603895,119.13853358603895,0
synthetic_scale_500u_1022e_4p,k1,e230,149.0262279977615,149.0262279977615,0
synthetic_scale_500u_1022e_4p,k1,e231,137.89563835477517,137.89563835477517,0
synthetic_scale_500u_1022e_4p,k1,e232,114.39772688624846,114.39772688624846,0
synthetic_scale_500u_1022e_4p,k1,e233,143.46093317626836,143.46093317626836,0
synthetic_scale_500u_1022e_4p,k1,e234,132.33034353328202,132.33034353328202,0
synthetic_scale_500u_1022e_4p,k1,e235,109.656920186458,109.656920186458,0
synthetic_scale_500u_1022e_4p,k1,e236,139.13237053732922,139.13237053732922,0
synthetic_scale_500u_1022e_4p,k1,e237,116.04670312965385,116.04670312965385,0
synthetic_scale_500u_1022e_4p,k1,e238,145.93439754137643,145.93439754137643,0
synthetic_scale_500u_1022e_4p,k1,e239,122.4364860728497,122.4364860728497,0
synthetic_scale_500u_1022e_4p,k1,e240,112.5426286124174,112.5426286124174,0
synthetic_scale_500u_1022e_4p,k1,e241,141.6058349024373,141.6058349024373,0
synthetic_scale_500u_1022e_4p,k1,e242,130.47524525945096,130.47524525945096,0
synthetic_scale_500u_1022e_4p,k1,e243,147.17112972393045,147.17112972393045,0
synthetic_scale_500u_1022e_4p,k1,e244,136.0405400809441,136.0405400809441,0
synthetic_scale_500u_1022e_4p,k1,e245,112.95487267326875,112.95487267326875,0
synthetic_scale_500u_1022e_4p,k1,e246,142.84256708499132,142.84256708499132,0
synthetic_scale_500u_1022e_4p,k1,e247,131.71197744200498,131.71197744200498,0
synthetic_scale_500u_1022e_4p,k1,e248,109.45079815603232,109.45079815603232,0
synthetic_scale_500u_1022e_4p,k1,e249,138.51400444605218,138.51400444605218,0
synthetic_scale_500u_1022e_4p,k1,e250,115.84058109922817,115.84058109922817,0
synthetic_scale_500u_1022e_4p,k1,e251,0.0,0.0,0
synthetic_scale_500u_1022e_4p,k1,e252,0.0,0.0,0
synthetic_scale_500u_1022e_4p,k1,e253,0.0,0.0,0
synthetic_scale_500u_1022e_4p,k1,e254,84.68523620038772,84.68523620038772,0
synthetic_scale_500u_1022e_4p,k1,e255,29.99693908784818,29.99693908784818,0
synthetic_scale_500u_1022e_4p,k1,e256,78.56341189674524,78.56341189674524,0
synthetic_scale_500u_1022e_4p,k1,e257,65.29945923885317,65.29945923885317,0
synthetic_scale_500u_1022e_4p,k1,e258,72.44158759310274,72.44158759310274,0
synthetic_scale_500u_1022e_4p,k1,e259,60.40199979593919,60.40199979593919,0
synthetic_scale_500u_1022e_4p,k1,e260,54.48423630241812,54.48423630241812,0
synthetic_scale_500u_1022e_4p,k1,e261,94.88827670645853,94.88827670645853,0
synthetic_scale_500u_1022e_4p,k1,e262,49.586776859504134,49.586776859504134,0
synthetic_scale_500u_1022e_4p,k1,e263,88.76645240281604,88.76645240281604,0
synthetic_scale_500u_1022e_4p,k1,e264,44.68931741659014,44.68931741659014,0
synthetic_scale_500u_1022e_4p,k1,e265,82.64462809917356,82.64462809917356,0
synthetic_scale_500u_1022e_4p,k1,e266,28.77257422711968,28.77257422711968,0
synthetic_scale_500u_1022e_4p,k1,e267,76.52280379553106,76.52280379553106,0
synthetic_scale_500u_1022e_4p,k1,e268,63.66697275788185,63.66697275788185,0
synthetic_scale_500u_1022e_4p,k1,e269,70.40097949188858,70.40097949188858,0
synthetic_scale_500u_1022e_4p,k1,e270,58.76951331496786,58.76951331496786,0
synthetic_scale_500u_1022e_4p,k1,e271,52.85174982144679,52.85174982144679,0
synthetic_scale_500u_1022e_4p,k1,e272,92.84766860524437,92.84766860524437,0
synthetic_scale_500u_1022e_4p,k1,e273,47.954290378532804,47.954290378532804,0
synthetic_scale_500u_1022e_4p,k1,e274,86.72584430160188,86.72584430160188,0
synthetic_scale_500u_1022e_4p,k1,e275,31.221303948576676,31.221303948576676,0
synthetic_scale_500u_1022e_4p,k1,e276,80.6040199979594,80.6040199979594,0
synthetic_scale_500u_1022e_4p,k1,e277,66.93194571982451,66.93194571982451,0
synthetic_scale_500u_1022e_4p,k1,e278,74.4821956943169,74.4821956943169,0
synthetic_scale_500u_1022e_4p,k1,e279,62.03448627691052,62.03448627691052,0
synthetic_scale_500u_1022e_4p,k1,e280,56.11672278338945,56.11672278338945,0
synthetic_scale_500u_1022e_4p,k1,e281,57.13702683399653,57.13702683399653,0
synthetic_scale_500u_1022e_4p,k1,e282,51.219263340475464,51.219263340475464,0
synthetic_scale_500u_1022e_4p,k1,e283,90.8070605040302,90.8070605040302,0
synthetic_scale_500u_1022e_4p,k1,e284,46.32180389756147,46.32180389756147,0
synthetic_scale_500u_1022e_4p,k1,e285,84.68523620038772,84.68523620038772,0
synthetic_scale_500u_1022e_4p,k1,e286,29.99693908784818,29.99693908784818,0
synthetic_scale_500u_1022e_4p,k1,e287,78.56341189674524,78.56341189674524,0
synthetic_scale_500u_1022e_4p,k1,e288,65.29945923885317,65.29945923885317,0
synthetic_scale_500u_1022e_4p,k1,e289,72.44158759310274,72.44158759310274,0
synthetic_scale_500u_1022e_4p,k1,e290,60.40199979593919,60.40199979593919,0
synthetic_scale_500u_1022e_4p,k1,e291,54.48423630241812,54.48423630241812,0
synthetic_scale_500u_1022e_4p,k1,e292,94.88827670645853,94.88827670645853,0
synthetic_scale_500u_1022e_4p,k1,e293,49.586776859504134,49.586776859504134,0
synthetic_scale_500u_1022e_4p,k1,e294,88.76645240281604,88.76645240281604,0
synthetic_scale_500u_1022e_4p,k1,e295,32.445668809305175,32.445668809305175,0
synthetic_scale_500u_1022e_4p,k1,e296,82.64462809917356,82.64462809917356,0
synthetic_scale_500u_1022e_4p,k1,e297,28.77257422711968,28.77257422711968,0
synthetic_scale_500u_1022e_4p,k1,e298,76.52280379553106,76.52280379553106,0
synthetic_scale_500u_1022e_4p,k1,e299,63.66697275788185,63.66697275788185,0
synthetic_scale_500u_1022e_4p,k1,e300,70.40097949188858,70.40097949188858,0
synthetic_scale_500u_1022e_4p,k1,e301,58.76951331496786,58.76951331496786,0
synthetic_scale_500u_1022e_4p,k1,e302,52.85174982144679,52.85174982144679,0
synthetic_scale_500u_1022e_4p,k1,e303,92.84766860524437,92.84766860524437,0
synthetic_scale_500u_1022e_4p,k1,e304,47.954290378532804,47.954290378532804,0
synthetic_scale_500u_1022e_4p,k1,e305,86.72584430160188,86.72584430160188,0
synthetic_scale_500u_1022e_4p,k1,e306,31.221303948576676,31.221303948576676,0
synthetic_scale_500u_1022e_4p,k1,e307,80.6040199979594,80.6040199979594,0
synthetic_scale_500u_1022e_4p,k1,e308,66.93194571982451,66.93194571982451,0
synthetic_scale_500u_1022e_4p,k1,e309,74.4821956943169,74.4821956943169,0
synthetic_scale_500u_1022e_4p,k1,e310,62.03448627691052,62.03448627691052,0
synthetic_scale_500u_1022e_4p,k1,e311,56.11672278338945,56.11672278338945,0
synthetic_scale_500u_1022e_4p,k1,e312,57.13702683399653,57.13702683399653,0
synthetic_scale_500u_1022e_4p,k1,e313,51.219263340475464,51.219263340475464,0
synthetic_scale_500u_1022e_4p,k1,e314,90.8070605040302,90.8070605040302,0
synthetic_scale_500u_1022e_4p,k1,e315,46.32180389756147,46.32180389756147,0
synthetic_scale_500u_1022e_4p,k1,e316,84.68523620038772,84.68523620038772,0
synthetic_scale_500u_1022e_4p,k1,e317,29.99693908784818,29.99693908784818,0
synthetic_scale_500u_1022e_4p,k1,e318,78.56341189674524,78.56341189674524,0
synthetic_scale_500u_1022e_4p,k1,e319,65.29945923885317,65.29945923885317,0
synthetic_scale_500u_1022e_4p,k1,e320,72.44158759310274,72.44158759310274,0
synthetic_scale_500u_1022e_4p,k1,e321,60.40199979593919,60.40199979593919,0
synthetic_scale_500u_1022e_4p,k1,e322,54.48423630241812,54.48423630241812,0
synthetic_scale_500u_1022e_4p,k1,e323,94.88827670645853,94.88827670645853,0
synthetic_scale_500u_1022e_4p,k1,e324,49.586776859504134,49.586776859504134,0
synthetic_scale_500u_1022e_4p,k1,e325,88.76645240281604,88.76645240281604,0
synthetic_scale_500u_1022e_4p,k1,e326,32.445668809305175,32.445668809305175,0
synthetic_scale_500u_1022e_4p,k1,e327,82.64462809917356,82.64462809917356,0
synthetic_scale_500u_1022e_4p,k1,e328,28.77257422711968,28.77257422711968,0
synthetic_scale_500u_1022e_4p,k1,e329,76.52280379553106,76.52280379553106,0
synthetic_scale_500u_1022e_4p,k1,e330,63.66697275788185,63.66697275788185,0
synthetic_scale_500u_1022e_4p,k1,e331,70.40097949188858,70.40097949188858,0
synthetic_scale_500u_1022e_4p,k1,e332,58.76951331496786,58.76951331496786,0
synthetic_scale_500u_1022e_4p,k1,e333,52.85174982144679,52.85174982144679,0
synthetic_scale_500u_1022e_4p,k1,e334,92.84766860524437,92.84766860524437,0
synthetic_scale_500u_1022e_4p,k1,e335,47.954290378532804,47.954290378532804,0
synthetic_scale_500u_1022e_4p,k1,e336,86.72584430160188,86.72584430160188,0
synthetic_scale_500u_1022e_4p,k1,e337,31.221303948576676,31.221303948576676,0
synthetic_scale_500u_1022e_4p,k1,e338,80.6040199979594,80.6040199979594,0
synthetic_scale_500u_1022e_4p,k1,e339,66.93194571982451,66.93194571982451,0
synthetic_scale_500u_1022e_4p,k1,e340,74.4821956943169,74.4821956943169,0
synthetic_scale_500u_1022e_4p,k1,e341,62.03448627691052,62.03448627691052,0
synthetic_scale_500u_1022e_4p,k1,e342,56.11672278338945,56.11672278338945,0
synthetic_scale_500u_1022e_4p,k1,e343,57.13702683399653,57.13702683399653,0
synthetic_scale_500u_1022e_4p,k1,e344,51.219263340475464,51.219263340475464,0
synthetic_scale_500u_1022e_4p,k1,e345,90.8070605040302,90.8070605040302,0
synthetic_scale_500u_1022e_4p,k1,e346,46.32180389756147,46.32180389756147,0
synthetic_scale_500u_1022e_4p,k1,e347,84.68523620038772,84.68523620038772,0
synthetic_scale_500u_1022e_4p,k1,e348,29.99693908784818,29.99693908784818,0
synthetic_scale_500u_1022e_4p,k1,e349,78.56341189674524,78.56341189674524,0
synthetic_scale_500u_1022e_4p,k1,e350,65.29945923885317,65.29945923885317,0
synthetic_scale_500u_1022e_4p,k1,e351,72.44158759310274,72.44158759310274,0
synthetic_scale_500u_1022e_4p,k1,e352,60.40199979593919,60.40199979593919,0
synthetic_scale_500u_1022e_4p,k1,e353,54.48423630241812,54.48423630241812,0
synthetic_scale_500u_1022e_4p,k1,e354,94.88827670645853,94.88827670645853,0
synthetic_scale_500u_1022e_4p,k1,e355,49.586776859504134,49.586776859504134,0
synthetic_scale_500u_1022e_4p,k1,e356,88.76645240281604,88.76645240281604,0
synthetic_scale_500u_1022e_4p,k1,e357,32.445668809305175,32.445668809305175,0
synthetic_scale_500u_1022e_4p,k1,e358,82.64462809917356,82.64462809917356,0
synthetic_scale_500u_1022e_4p,k1,e359,28.77257422711968,28.77257422711968,0
synthetic_scale_500u_1022e_4p,k1,e360,76.52280379553106,76.52280379553106,0
synthetic_scale_500u_1022e_4p,k1,e361,63.66697275788185,63.66697275788185,0
synthetic_scale_500u_1022e_4p,k1,e362,70.40097949188858,70.40097949188858,0
synthetic_scale_500u_1022e_4p,k1,e363,58.76951331496786,58.76951331496786,0
synthetic_scale_500u_1022e_4p,k1,e364,52.85174982144679,52.85174982144679,0
synthetic_scale_500u_1022e_4p,k1,e365,92.84766860524437,92.84766860524437,0
synthetic_scale_500u_1022e_4p,k1,e366,47.954290378532804,47.954290378532804,0
synthetic_scale_500u_1022e_4p,k1,e367,86.72584430160188,86.72584430160188,0
synthetic_scale_500u_1022e_4p,k1,e368,31.221303948576676,31.221303948576676,0
synthetic_scale_500u_1022e_4p,k1,e369,80.6040199979594,80.6040199979594,0
synthetic_scale_500u_1022e_4p,k1,e370,66.93194571982451,66.93194571982451,0
synthetic_scale_500u_1022e_4p,k1,e371,74.4821956943169,74.4821956943169,0
synthetic_scale_500u_1022e_4p,k1,e372,62.03448627691052,62.03448627691052,0
synthetic_scale_500u_1022e_4p,k1,e373,62.64666870723396,62.64666870723396,0
synthetic_scale_500u_1022e_4p,k1,e374,57.13702683399653,57.13702683399653,0
synthetic_scale_500u_1022e_4p,k1,e375,51.219263340475464,51.219263340475464,0
synthetic_scale_500u_1022e_4p,k1,e376,90.8070605040302,90.8070605040302,0
synthetic_scale_500u_1022e_4p,k1,e377,46.32180389756147,46.32180389756147,0
synthetic_scale_500u_1022e_4p,k1,e378,84.68523620038772,84.68523620038772,0
synthetic_scale_500u_1022e_4p,k1,e379,29.99693908784818,29.99693908784818,0
synthetic_scale_500u_1022e_4p,k1,e380,78.56341189674524,78.56341189674524,0
synthetic_scale_500u_1022e_4p,k1,e381,65.29945923885317,65.29945923885317,0
synthetic_scale_500u_1022e_4p,k1,e382,72.44158759310274,72.44158759310274,0
synthetic_scale_500u_1022e_4p,k1,e383,60.40199979593919,60.40199979593919,0
synthetic_scale_500u_1022e_4p,k1,e384,54.48423630241812,54.48423630241812,0
synthetic_scale_500u_1022e_4p,k1,e385,94.88827670645853,94.88827670645853,0
synthetic_scale_500u_1022e_4p,k1,e386,49.586776859504134,49.586776859504134,0
synthetic_scale_500u_1022e_4p,k1,e387,88.76645240281604,88.76645240281604,0
synthetic_scale_500u_1022e_4p,k1,e388,32.445668809305175,32.445668809305175,0
synthetic_scale_500u_1022e_4p,k1,e389,82.64462809917356,82.64462809917356,0
synthetic_scale_500u_1022e_4p,k1,e390,28.77257422711968,28.77257422711968,0
synthetic_scale_500u_1022e_4p,k1,e391,76.52280379553106,76.52280379553106,0
synthetic_scale_500u_1022e_4p,k1,e392,63.66697275788185,63.66697275788185,0
synthetic_scale_500u_1022e_4p,k1,e393,70.40097949188858,70.40097949188858,0
synthetic_scale_500u_1022e_4p,k1,e394,58.76951331496786,58.76951331496786,0
synthetic_scale_500u_1022e_4p,k1,e395,52.85174982144679,52.85174982144679,0
synthetic_scale_500u_1022e_4p,k1,e396,92.84766860524437,92.84766860524437,0
synthetic_scale_500u_1022e_4p,k1,e397,47.954290378532804,47.954290378532804,0
synthetic_scale_500u_1022e_4p,k1,e398,86.72584430160188,86.72584430160188,0
synthetic_scale_500u_1022e_4p,k1,e399,31.221303948576676,31.221303948576676,0
synthetic_scale_500u_1022e_4p,k1,e400,80.6040199979594,80.6040199979594,0
synthetic_scale_500u_1022e_4p,k1,e401,66.93194571982451,66.93194571982451,0
synthetic_scale_500u_1022e_4p,k1,e402,74.4821956943169,74.4821956943169,0
synthetic_scale_500u_1022e_4p,k1,e403,62.03448627691052,62.03448627691052,0
synthetic_scale_500u_1022e_4p,k1,e404,56.11672278338945,56.11672278338945,0
synthetic_scale_500u_1022e_4p,k1,e405,57.13702683399653,57.13702683399653,0
synthetic_scale_500u_1022e_4p,k1,e406,51.219263340475464,51.219263340475464,0
synthetic_scale_500u_1022e_4p,k1,e407,90.8070605040302,90.8070605040302,0
synthetic_scale_500u_1022e_4p,k1,e408,46.32180389756147,46.32180389756147,0
synthetic_scale_500u_1022e_4p,k1,e409,84.68523620038772,84.68523620038772,0
synthetic_scale_500u_1022e_4p,k1,e410,29.99693908784818,29.99693908784818,0
synthetic_scale_500u_1022e_4p,k1,e411,78.56341189674524,78.56341189674524,0
synthetic_scale_500u_1022e_4p,k1,e412,65.29945923885317,65.29945923885317,0
synthetic_scale_500u_1022e_4p,k1,e413,72.44158759310274,72.44158759310274,0
synthetic_scale_500u_1022e_4p,k1,e414,60.40199979593919,60.40199979593919,0
synthetic_scale_500u_1022e_4p,k1,e415,54.48423630241812,54.48423630241812,0
synthetic_scale_500u_1022e_4p,k1,e416,94.88827670645853,94.88827670645853,0
synthetic_scale_500u_1022e_4p,k1,e417,49.586776859504134,49.586776859504134,0
synthetic_scale_500u_1022e_4p,k1,e418,88.76645240281604,88.76645240281604,0
synthetic_scale_500u_1022e_4p,k1,e419,32.445668809305175,32.445668809305175,0
synthetic_scale_500u_1022e_4p,k1,e420,82.64462809917356,82.64462809917356,0
synthetic_scale_500u_1022e_4p,k1,e421,28.77257422711968,28.77257422711968,0
synthetic_scale_500u_1022e_4p,k1,e422,76.52280379553106,76.52280379553106,0
synthetic_scale_500u_1022e_4p,k1,e423,63.66697275788185,63.66697275788185,0
synthetic_scale_500u_1022e_4p,k1,e424,70.40097949188858,70.40097949188858,0
synthetic_scale_500u_1022e_4p,k1,e425,58.76951331496786,58.76951331496786,0
synthetic_scale_500u_1022e_4p,k1,e426,52.85174982144679,52.85174982144679,0
synthetic_scale_500u_1022e_4p,k1,e427,92.84766860524437,92.84766860524437,0
synthetic_scale_500u_1022e_4p,k1,e428,47.954290378532804,47.954290378532804,0
synthetic_scale_500u_1022e_4p,k1,e429,86.72584430160188,86.72584430160188,0
synthetic_scale_500u_1022e_4p,k1,e430,31.221303948576676,31.221303948576676,0
synthetic_scale_500u_1022e_4p,k1,e431,80.6040199979594,80.6040199979594,0
synthetic_scale_500u_1022e_4p,k1,e432,66.93194571982451,66.93194571982451,0
synthetic_scale_500u_1022e_4p,k1,e433,74.4821956943169,74.4821956943169,0
synthetic_scale_500u_1022e_4p,k1,e434,62.03448627691052,62.03448627691052,0
synthetic_scale_500u_1022e_4p,k1,e435,56.11672278338945,56.11672278338945,0
synthetic_scale_500u_1022e_4p,k1,e436,57.13702683399653,57.13702683399653,0
synthetic_scale_500u_1022e_4p,k1,e437,51.219263340475464,51.219263340475464,0
synthetic_scale_500u_1022e_4p,k1,e438,90.8070605040302,90.8070605040302,0
synthetic_scale_500u_1022e_4p,k1,e439,46.32180389756147,46.32180389756147,0
synthetic_scale_500u_1022e_4p,k1,e440,84.68523620038772,84.68523620038772,0
synthetic_scale_500u_1022e_4p,k1,e441,29.99693908784818,29.99693908784818,0
synthetic_scale_500u_1022e_4p,k1,e442,78.56341189674524,78.56341189674524,0
synthetic_scale_500u_1022e_4p,k1,e443,65.29945923885317,65.29945923885317,0
synthetic_scale_500u_1022e_4p,k1,e444,72.44158759310274,72.44158759310274,0
synthetic_scale_500u_1022e_4p,k1,e445,60.40199979593919,60.40199979593919,0
synthetic_scale_500u_1022e_4p,k1,e446,54.48423630241812,54.48423630241812,0
synthetic_scale_500u_1022e_4p,k1,e447,94.88827670645853,94.88827670645853,0
synthetic_scale_500u_1022e_4p,k1,e448,49.586776859504134,49.586776859504134,0
synthetic_scale_500u_1022e_4p,k1,e449,88.76645240281604,88.76645240281604,0
synthetic_scale_500u_1022e_4p,k1,e450,32.445668809305175,32.445668809305175,0
synthetic_scale_500u_1022e_4p,k1,e451,82.64462809917356,82.64462809917356,0
synthetic_scale_500u_1022e_4p,k1,e452,28.77257422711968,28.77257422711968,0
synthetic_scale_500u_1022e_4p,k1,e453,76.52280379553106,76.52280379553106,0
synthetic_scale_500u_1022e_4p,k1,e454,63.66697275788185,63.66697275788185,0
synthetic_scale_500u_1022e_4p,k1,e455,70.40097949188858,70.40097949188858,0
synthetic_scale_500u_1022e_4p,k1,e456,58.76951331496786,58.76951331496786,0
synthetic_scale_500u_1022e_4p,k1,e457,52.85174982144679,52.85174982144679,0
synthetic_scale_500u_1022e_4p,k1,e458,92.84766860524437,92.84766860524437,0
synthetic_scale_500u_1022e_4p,k1,e459,47.954290378532804,47.954290378532804,0
synthetic_scale_500u_1022e_4p,k1,e460,86.72584430160188,86.72584430160188,0
synthetic_scale_500u_1022e_4p,k1,e461,31.221303948576676,31.221303948576676,0
synthetic_scale_500u_1022e_4p,k1,e462,80.6040199979594,80.6040199979594,0
synthetic_scale_500u_1022e_4p,k1,e463,66.93194571982451,66.93194571982451,0
synthetic_scale_500u_1022e_4p,k1,e464,74.4821956943169,74.4821956943169,0
synthetic_scale_500u_1022e_4p,k1,e465,62.03448627691052,62.03448627691052,0
synthetic_scale_500u_1022e_4p,k1,e466,56.11672278338945,56.11672278338945,0
synthetic_scale_500u_1022e_4p,k1,e467,57.13702683399653,57.13702683399653,0
synthetic_scale_500u_1022e_4p,k1,e468,51.219263340475464,51.219263340475464,0
synthetic_scale_500u_1022e_4p,k1,e469,90.8070605040302,90.8070605040302,0
synthetic_scale_500u_1022e_4p,k1,e470,46.32180389756147,46.32180389756147,0
synthetic_scale_500u_1022e_4p,k1,e471,84.68523620038772,84.68523620038772,0
synthetic_scale_500u_1022e_4p,k1,e472,29.99693908784818,29.99693908784818,0
synthetic_scale_500u_1022e_4p,k1,e473,78.56341189674524,78.56341189674524,0
synthetic_scale_500u_1022e_4p,k1,e474,65.29945923885317,65.29945923885317,0
synthetic_scale_500u_1022e_4p,k1,e475,72.44158759310274,72.44158759310274,0
synthetic_scale_500u_1022e_4p,k1,e476,60.40199979593919,60.40199979593919,0
synthetic_scale_500u_1022e_4p,k1,e477,54.48423630241812,54.48423630241812,0
synthetic_scale_500u_1022e_4p,k1,e478,94.88827670645853,94.88827670645853,0
synthetic_scale_500u_1022e_4p,k1,e479,49.586776859504134,49.586776859504134,0
synthetic_scale_500u_1022e_4p,k1,e480,88.76645240281604,88.76645240281604,0
synthetic_scale_500u_1022e_4p,k1,e481,32.445668809305175,32.445668809305175,0
synthetic_scale_500u_1022e_4p,k1,e482,82.64462809917356,82.64462809917356,0
synthetic_scale_500u_1022e_4p,k1,e483,28.77257422711968,28.77257422711968,0
synthetic_scale_500u_1022e_4p,k1,e484,76.52280379553106,76.52280379553106,0
synthetic_scale_500u_1022e_4p,k1,e485,63.66697275788185,63.66697275788185,0
synthetic_scale_500u_1022e_4p,k1,e486,70.40097949188858,70.40097949188858,0
synthetic_scale_500u_1022e_4p,k1,e487,58.76951331496786,58.76951331496786,0
synthetic_scale_500u_1022e_4p,k1,e488,52.85174982144679,52.85174982144679,0
synthetic_scale_500u_1022e_4p,k1,e489,92.84766860524437,92.84766860524437,0
synthetic_scale_500u_1022e_4p,k1,e490,47.954290378532804,47.954290378532804,0
synthetic_scale_500u_1022e_4p,k1,e491,86.72584430160188,86.72584430160188,0
synthetic_scale_500u_1022e_4p,k1,e492,31.221303948576676,31.221303948576676,0
synthetic_scale_500u_1022e_4p,k1,e493,80.6040199979594,80.6040199979594,0
synthetic_scale_500u_1022e_4p,k1,e494,66.93194571982451,66.93194571982451,0
synthetic_scale_500u_1022e_4p,k1,e495,74.4821956943169,74.4821956943169,0
synthetic_scale_500u_1022e_4p,k1,e496,62.03448627691052,62.03448627691052,0
synthetic_scale_500u_1022e_4p,k1,e497,68.36037139067442,68.36037139067442,0
synthetic_scale_500u_1022e_4p,k1,e498,57.13702683399653,57.13702683399653,0
synthetic_scale_500u_1022e_4p,k1,e499,51.219263340475464,51.219263340475464,0
synthetic_scale_500u_1022e_4p,k1,e500,90.8070605040302,90.8070605040302,0
synthetic_scale_500u_1022e_4p,k1,e501,46.32180389756147,46.32180389756147,0
synthetic_scale_500u_1022e_4p,k1,e502,84.68523620038772,84.68523620038772,0
synthetic_scale_500u_1022e_4p,k1,e503,29.99693908784818,29.99693908784818,0
synthetic_scale_500u_1022e_4p,k1,e504,0.0,0.0,0
synthetic_scale_500u_1022e_4p,k1,e505,0.0,0.0,0
synthetic_scale_500u_1022e_4p,k1,e506,0.0,0.0,0
synthetic_scale_500u_1022e_4p,k1,e507,0.0,0.0,0
synthetic_scale_500u_1022e_4p,k1,e508,0.0,0.0,0
synthetic_scale_500u_1022e_4p,k1,e509,0.0,0.0,0
synthetic_scale_500u_1022e_4p,k1,e510,38.38383838383838,38.38383838383838,0
synthetic_scale_500u_1022e_4p,k1,e511,45.45454545454545,45.45454545454545,0
synthetic_scale_500u_1022e_4p,k1,e512,12.727272727272727,12.727272727272727,0
synthetic_scale_500u_1022e_4p,k1,e513,16.96969696969697,16.96969696969697,0
synthetic_scale_500u_1022e_4p,k1,e514,35.35353535353536,35.35353535353536,0
synthetic_scale_500u_1022e_4p,k1,e515,42.42424242424242,42.42424242424242,0
synthetic_scale_500u_1022e_4p,k1,e516,49.494949494949495,49.494949494949495,0
synthetic_scale_500u_1022e_4p,k1,e517,15.151515151515152,15.151515151515152,0
synthetic_scale_500u_1022e_4p,k1,e518,32.323232323232325,32.323232323232325,0
synthetic_scale_500u_1022e_4p,k1,e519,39.39393939393939,39.39393939393939,0
synthetic_scale_500u_1022e_4p,k1,e520,46.464646464646464,46.464646464646464,0
synthetic_scale_500u_1022e_4p,k1,e521,13.333333333333334,13.333333333333334,0
synthetic_scale_500u_1022e_4p,k1,e522,17.575757575757574,17.575757575757574,0
synthetic_scale_500u_1022e_4p,k1,e523,36.36363636363637,36.36363636363637,0
synthetic_scale_500u_1022e_4p,k1,e524,43.43434343434343,43.43434343434343,0
synthetic_scale_500u_1022e_4p,k1,e525,50.505050505050505,50.505050505050505,0
synthetic_scale_500u_1022e_4p,k1,e526,15.757575757575758,15.757575757575758,0
synthetic_scale_500u_1022e_4p,k1,e527,33.333333333333336,33.333333333333336,0
synthetic_scale_500u_1022e_4p,k1,e528,40.4040404040404,40.4040404040404,0
synthetic_scale_500u_1022e_4p,k1,e529,47.474747474747474,47.474747474747474,0
synthetic_scale_500u_1022e_4p,k1,e530,13.93939393939394,13.93939393939394,0
synthetic_scale_500u_1022e_4p,k1,e531,30.303030303030305,30.303030303030305,0
synthetic_scale_500u_1022e_4p,k1,e532,37.37373737373738,37.37373737373738,0
synthetic_scale_500u_1022e_4p,k1,e533,44.44444444444444,44.44444444444444,0
synthetic_scale_500u_1022e_4p,k1,e534,12.121212121212121,12.121212121212121,0
synthetic_scale_500u_1022e_4p,k1,e535,16.363636363636363,16.363636363636363,0
synthetic_scale_500u_1022e_4p,k1,e536,34.343434343434346,34.343434343434346,0
synthetic_scale_500u_1022e_4p,k1,e537,41.41414141414141,41.41414141414141,0
synthetic_scale_500u_1022e_4p,k1,e538,48.484848484848484,48.484848484848484,0
synthetic_scale_500u_1022e_4p,k1,e539,14.545454545454545,14.545454545454545,0
synthetic_scale_500u_1022e_4p,k1,e540,31.31313131313131,31.31313131313131,0
synthetic_scale_500u_1022e_4p,k1,e541,38.38383838383838,38.38383838383838,0
synthetic_scale_500u_1022e_4p,k1,e542,45.45454545454545,45.45454545454545,0
synthetic_scale_500u_1022e_4p,k1,e543,12.727272727272727,12.727272727272727,0
synthetic_scale_500u_1022e_4p,k1,e544,16.96969696969697,16.96969696969697,0
synthetic_scale_500u_1022e_4p,k1,e545,35.35353535353536,35.35353535353536,0
synthetic_scale_500u_1022e_4p,k1,e546,42.42424242424242,42.42424242424242,0
synthetic_scale_500u_1022e_4p,k1,e547,49.494949494949495,49.494949494949495,0
synthetic_scale_500u_1022e_4p,k1,e548,15.151515151515152,15.151515151515152,0
synthetic_scale_500u_1022e_4p,k1,e549,32.323232323232325,32.323232323232325,0
synthetic_scale_500u_1022e_4p,k1,e550,39.39393939393939,39.39393939393939,0
synthetic_scale_500u_1022e_4p,k1,e551,46.464646464646464,46.464646464646464,0
synthetic_scale_500u_1022e_4p,k1,e552,13.333333333333334,13.333333333333334,0
synthetic_scale_500u_1022e_4p,k1,e553,17.575757575757574,17.575757575757574,0
synthetic_scale_500u_1022e_4p,k1,e554,36.36363636363637,36.36363636363637,0
synthetic_scale_500u_1022e_4p,k1,e555,43.43434343434343,43.43434343434343,0
synthetic_scale_500u_1022e_4p,k1,e556,50.505050505050505,50.505050505050505,0
synthetic_scale_500u_1022e_4p,k1,e557,15.757575757575758,15.757575757575758,0
synthetic_scale_500u_1022e_4p,k1,e558,33.333333333333336,33.333333333333336,0
synthetic_scale_500u_1022e_4p,k1,e559,40.4040404040404,40.4040404040404,0
synthetic_scale_500u_1022e_4p,k1,e560,47.474747474747474,47.474747474747474,0
synthetic_scale_500u_1022e_4p,k1,e561,13.93939393939394,13.93939393939394,0
synthetic_scale_500u_1022e_4p,k1,e562,18.181818181818183,18.181818181818183,0
synthetic_scale_500u_1022e_4p,k1,e563,37.37373737373738,37.37373737373738,0
synthetic_scale_500u_1022e_4p,k1,e564,44.44444444444444,44.44444444444444,0
synthetic_scale_500u_1022e_4p,k1,e565,12.121212121212121,12.121212121212121,0
synthetic_scale_500u_1022e_4p,k1,e566,16.363636363636363,16.363636363636363,0
synthetic_scale_500u_1022e_4p,k1,e567,34.343434343434346,34.343434343434346,0
synthetic_scale_500u_1022e_4p,k1,e568,41.41414141414141,41.41414141414141,0
synthetic_scale_500u_1022e_4p,k1,e569,48.484848484848484,48.484848484848484,0
synthetic_scale_500u_1022e_4p,k1,e570,14.545454545454545,14.545454545454545,0
synthetic_scale_500u_1022e_4p,k1,e571,31.31313131313131,31.31313131313131,0
synthetic_scale_500u_1022e_4p,k1,e572,38.38383838383838,38.38383838383838,0
synthetic_scale_500u_1022e_4p,k1,e573,45.45454545454545,45.45454545454545,0
synthetic_scale_500u_1022e_4p,k1,e574,12.727272727272727,12.727272727272727,0
synthetic_scale_500u_1022e_4p,k1,e575,16.96969696969697,16.96969696969697,0
synthetic_scale_500u_1022e_4p,k1,e576,35.35353535353536,35.35353535353536,0
synthetic_scale_500u_1022e_4p,k1,e577,42.42424242424242,42.42424242424242,0
synthetic_scale_500u_1022e_4p,k1,e578,49.494949494949495,49.494949494949495,0
synthetic_scale_500u_1022e_4p,k1,e579,15.151515151515152,15.151515151515152,0
synthetic_scale_500u_1022e_4p,k1,e580,32.323232323232325,32.323232323232325,0
synthetic_scale_500u_1022e_4p,k1,e581,39.39393939393939,39.39393939393939,0
synthetic_scale_500u_1022e_4p,k1,e582,46.464646464646464,46.464646464646464,0
synthetic_scale_500u_1022e_4p,k1,e583,13.333333333333334,13.333333333333334,0
synthetic_scale_500u_1022e_4p,k1,e584,17.575757575757574,17.575757575757574,0
synthetic_scale_500u_1022e_4p,k1,e585,36.36363636363637,36.36363636363637,0
synthetic_scale_500u_1022e_4p,k1,e586,43.43434343434343,43.43434343434343,0
synthetic_scale_500u_1022e_4p,k1,e587,50.505050505050505,50.505050505050505,0
synthetic_scale_500u_1022e_4p,k1,e588,15.757575757575758,15.757575757575758,0
synthetic_scale_500u_1022e_4p,k1,e589,33.333333333333336,33.333333333333336,0
synthetic_scale_500u_1022e_4p,k1,e590,40.4040404040404,40.4040404040404,0
synthetic_scale_500u_1022e_4p,k1,e591,47.474747474747474,47.474747474747474,0
synthetic_scale_500u_1022e_4p,k1,e592,13.93939393939394,13.93939393939394,0
synthetic_scale_500u_1022e_4p,k1,e593,18.181818181818183,18.181818181818183,0
synthetic_scale_500u_1022e_4p,k1,e594,37.37373737373738,37.37373737373738,0
synthetic_scale_500u_1022e_4p,k1,e595,44.44444444444444,44.44444444444444,0
synthetic_scale_500u_1022e_4p,k1,e596,12.121212121212121,12.121212121212121,0
synthetic_scale_500u_1022e_4p,k1,e597,16.363636363636363,16.363636363636363,0
synthetic_scale_500u_1022e_4p,k1,e598,34.343434343434346,34.343434343434346,0
synthetic_scale_500u_1022e_4p,k1,e599,41.41414141414141,41.41414141414141,0
synthetic_scale_500u_1022e_4p,k1,e600,48.484848484848484,48.484848484848484,0
synthetic_scale_500u_1022e_4p,k1,e601,14.545454545454545,14.545454545454545,0
synthetic_scale_500u_1022e_4p,k1,e602,31.31313131313131,31.31313131313131,0
synthetic_scale_500u_1022e_4p,k1,e603,38.38383838383838,38.38383838383838,0
synthetic_scale_500u_1022e_4p,k1,e604,45.45454545454545,45.45454545454545,0
synthetic_scale_500u_1022e_4p,k1,e605,12.727272727272727,12.727272727272727,0
synthetic_scale_500u_1022e_4p,k1,e606,16.96969696969697,16.96969696969697,0
synthetic_scale_500u_1022e_4p,k1,e607,35.35353535353536,35.35353535353536,0
synthetic_scale_500u_1022e_4p,k1,e608,42.42424242424242,42.42424242424242,0
synthetic_scale_500u_1022e_4p,k1,e609,49.494949494949495,49.494949494949495,0
synthetic_scale_500u_1022e_4p,k1,e610,15.151515151515152,15.151515151515152,0
synthetic_scale_500u_1022e_4p,k1,e611,32.323232323232325,32.323232323232325,0
synthetic_scale_500u_1022e_4p,k1,e612,39.39393939393939,39.39393939393939,0
synthetic_scale_500u_1022e_4p,k1,e613,46.464646464646464,46.464646464646464,0
synthetic_scale_500u_1022e_4p,k1,e614,13.333333333333334,13.333333333333334,0
synthetic_scale_500u_1022e_4p,k1,e615,17.575757575757574,17.575757575757574,0
synthetic_scale_500u_1022e_4p,k1,e616,36.36363636363637,36.36363636363637,0
synthetic_scale_500u_1022e_4p,k1,e617,43.43434343434343,43.43434343434343,0
synthetic_scale_500u_1022e_4p,k1,e618,50.505050505050505,50.505050505050505,0
synthetic_scale_500u_1022e_4p,k1,e619,15.757575757575758,15.757575757575758,0
synthetic_scale_500u_1022e_4p,k1,e620,33.333333333333336,33.333333333333336,0
synthetic_scale_500u_1022e_4p,k1,e621,40.4040404040404,40.4040404040404,0
synthetic_scale_500u_1022e_4p,k1,e622,47.474747474747474,47.474747474747474,0
synthetic_scale_500u_1022e_4p,k1,e623,13.93939393939394,13.93939393939394,0
synthetic_scale_500u_1022e_4p,k1,e624,18.181818181818183,18.181818181818183,0
synthetic_scale_500u_1022e_4p,k1,e625,37.37373737373738,37.37373737373738,0
synthetic_scale_500u_1022e_4p,k1,e626,44.44444444444444,44.44444444444444,0
synthetic_scale_500u_1022e_4p,k1,e627,12.121212121212121,12.121212121212121,0
synthetic_scale_500u_1022e_4p,k1,e628,16.363636363636363,16.363636363636363,0
synthetic_scale_500u_1022e_4p,k1,e629,34.343434343434346,34.343434343434346,0
synthetic_scale_500u_1022e_4p,k1,e630,41.41414141414141,41.41414141414141,0
synthetic_scale_500u_1022e_4p,k1,e631,48.484848484848484,48.484848484848484,0
synthetic_scale_500u_1022e_4p,k1,e632,14.545454545454545,14.545454545454545,0
synthetic_scale_500u_1022e_4p,k1,e633,31.31313131313131,31.31313131313131,0
synthetic_scale_500u_1022e_4p,k1,e634,38.38383838383838,38.38383838383838,0
synthetic_scale_500u_1022e_4p,k1,e635,45.45454545454545,45.45454545454545,0
synthetic_scale_500u_1022e_4p,k1,e636,12.727272727272727,12.727272727272727,0
synthetic_scale_500u_1022e_4p,k1,e637,16.96969696969697,16.96969696969697,0
synthetic_scale_500u_1022e_4p,k1,e638,35.35353535353536,35.35353535353536,0
synthetic_scale_500u_1022e_4p,k1,e639,42.42424242424242,42.42424242424242,0
synthetic_scale_500u_1022e_4p,k1,e640,49.494949494949495,49.494949494949495,0
synthetic_scale_500u_1022e_4p,k1,e641,15.151515151515152,15.151515151515152,0
synthetic_scale_500u_1022e_4p,k1,e642,32.323232323232325,32.323232323232325,0
synthetic_scale_500u_1022e_4p,k1,e643,39.39393939393939,39.39393939393939,0
synthetic_scale_500u_1022e_4p,k1,e644,46.464646464646464,46.464646464646464,0
synthetic_scale_500u_1022e_4p,k1,e645,13.333333333333334,13.333333333333334,0
synthetic_scale_500u_1022e_4p,k1,e646,17.575757575757574,17.575757575757574,0
synthetic_scale_500u_1022e_4p,k1,e647,36.36363636363637,36.36363636363637,0
synthetic_scale_500u_1022e_4p,k1,e648,43.43434343434343,43.43434343434343,0
synthetic_scale_500u_1022e_4p,k1,e649,50.505050505050505,50.505050505050505,0
synthetic_scale_500u_1022e_4p,k1,e650,15.757575757575758,15.757575757575758,0
synthetic_scale_500u_1022e_4p,k1,e651,33.333333333333336,33.333333333333336,0
synthetic_scale_500u_1022e_4p,k1,e652,40.4040404040404,40.4040404040404,0
synthetic_scale_500u_1022e_4p,k1,e653,47.474747474747474,47.474747474747474,0
synthetic_scale_500u_1022e_4p,k1,e654,13.93939393939394,13.93939393939394,0
synthetic_scale_500u_1022e_4p,k1,e655,18.181818181818183,18.181818181818183,0
synthetic_scale_500u_1022e_4p,k1,e656,37.37373737373738,37.37373737373738,0
synthetic_scale_500u_1022e_4p,k1,e657,44.44444444444444,44.44444444444444,0
synthetic_scale_500u_1022e_4p,k1,e658,12.121212121212121,12.121212121212121,0
synthetic_scale_500u_1022e_4p,k1,e659,16.363636363636363,16.363636363636363,0
synthetic_scale_500u_1022e_4p,k1,e660,34.343434343434346,34.343434343434346,0
synthetic_scale_500u_1022e_4p,k1,e661,41.41414141414141,41.41414141414141,0
synthetic_scale_500u_1022e_4p,k1,e662,48.484848484848484,48.484848484848484,0
synthetic_scale_500u_1022e_4p,k1,e663,14.545454545454545,14.545454545454545,0
synthetic_scale_500u_1022e_4p,k1,e664,31.31313131313131,31.31313131313131,0
synthetic_scale_500u_1022e_4p,k1,e665,38.38383838383838,38.38383838383838,0
synthetic_scale_500u_1022e_4p,k1,e666,45.45454545454545,45.45454545454545,0
synthetic_scale_500u_1022e_4p,k1,e667,12.727272727272727,12.727272727272727,0
synthetic_scale_500u_1022e_4p,k1,e668,16.96969696969697,16.96969696969697,0
synthetic_scale_500u_1022e_4p,k1,e669,35.35353535353536,35.35353535353536,0
synthetic_scale_500u_1022e_4p,k1,e670,42.42424242424242,42.42424242424242,0
synthetic_scale_500u_1022e_4p,k1,e671,49.494949494949495,49.494949494949495,0
synthetic_scale_500u_1022e_4p,k1,e672,15.151515151515152,15.151515151515152,0
synthetic_scale_500u_1022e_4p,k1,e673,32.323232323232325,32.323232323232325,0
synthetic_scale_500u_1022e_4p,k1,e674,39.39393939393939,39.39393939393939,0
synthetic_scale_500u_1022e_4p,k1,e675,46.464646464646464,46.464646464646464,0
synthetic_scale_500u_1022e_4p,k1,e676,13.333333333333334,13.333333333333334,0
synthetic_scale_500u_1022e_4p,k1,e677,17.575757575757574,17.575757575757574,0
synthetic_scale_500u_1022e_4p,k1,e678,36.36363636363637,36.36363636363637,0
synthetic_scale_500u_1022e_4p,k1,e679,43.43434343434343,43.43434343434343,0
synthetic_scale_500u_1022e_4p,k1,e680,50.505050505050505,50.505050505050505,0
synthetic_scale_500u_1022e_4p,k1,e681,15.757575757575758,15.757575757575758,0
synthetic_scale_500u_1022e_4p,k1,e682,33.333333333333336,33.333333333333336,0
synthetic_scale_500u_1022e_4p,k1,e683,40.4040404040404,40.4040404040404,0
synthetic_scale_500u_1022e_4p,k1,e684,47.474747474747474,47.474747474747474,0
synthetic_scale_500u_1022e_4p,k1,e685,13.93939393939394,13.93939393939394,0
synthetic_scale_500u_1022e_4p,k1,e686,18.181818181818183,18.181818181818183,0
synthetic_scale_500u_1022e_4p,k1,e687,37.37373737373738,37.37373737373738,0
synthetic_scale_500u_1022e_4p,k1,e688,44.44444444444444,44.44444444444444,0
synthetic_scale_500u_1022e_4p,k1,e689,12.121212121212121,12.121212121212121,0
synthetic_scale_500u_1022e_4p,k1,e690,16.363636363636363,16.363636363636363,0
synthetic_scale_500u_1022e_4p,k1,e691,34.343434343434346,34.343434343434346,0
synthetic_scale_500u_1022e_4p,k1,e692,41.41414141414141,41.41414141414141,0
synthetic_scale_500u_1022e_4p,k1,e693,48.484848484848484,48.484848484848484,0
synthetic_scale_500u_1022e_4p,k1,e694,14.545454545454545,14.545454545454545,0
synthetic_scale_500u_1022e_4p,k1,e695,31.31313131313131,31.31313131313131,0
synthetic_scale_500u_1022e_4p,k1,e696,38.38383838383838,38.38383838383838,0
synthetic_scale_500u_1022e_4p,k1,e697,45.45454545454545,45.45454545454545,0
synthetic_scale_500u_1022e_4p,k1,e698,12.727272727272727,12.727272727272727,0
synthetic_scale_500u_1022e_4p,k1,e699,16.96969696969697,16.96969696969697,0
synthetic_scale_500u_1022e_4p,k1,e700,35.35353535353536,35.35353535353536,0
synthetic_scale_500u_1022e_4p,k1,e701,42.42424242424242,42.42424242424242,0
synthetic_scale_500u_1022e_4p,k1,e702,49.494949494949495,49.494949494949495,0
synthetic_scale_500u_1022e_4p,k1,e703,15.151515151515152,15.151515151515152,0
synthetic_scale_500u_1022e_4p,k1,e704,32.323232323232325,32.323232323232325,0
synthetic_scale_500u_1022e_4p,k1,e705,39.39393939393939,39.39393939393939,0
synthetic_scale_500u_1022e_4p,k1,e706,46.464646464646464,46.464646464646464,0
synthetic_scale_500u_1022e_4p,k1,e707,13.333333333333334,13.333333333333334,0
synthetic_scale_500u_1022e_4p,k1,e708,17.575757575757574,17.575757575757574,0
synthetic_scale_500u_1022e_4p,k1,e709,36.36363636363637,36.36363636363637,0
synthetic_scale_500u_1022e_4p,k1,e710,43.43434343434343,43.43434343434343,0
synthetic_scale_500u_1022e_4p,k1,e711,50.505050505050505,50.505050505050505,0
synthetic_scale_500u_1022e_4p,k1,e712,15.757575757575758,15.757575757575758,0
synthetic_scale_500u_1022e_4p,k1,e713,33.333333333333336,33.333333333333336,0
synthetic_scale_500u_1022e_4p,k1,e714,40.4040404040404,40.4040404040404,0
synthetic_scale_500u_1022e_4p,k1,e715,47.474747474747474,47.474747474747474,0
synthetic_scale_500u_1022e_4p,k1,e716,13.93939393939394,13.93939393939394,0
synthetic_scale_500u_1022e_4p,k1,e717,18.181818181818183,18.181818181818183,0
synthetic_scale_500u_1022e_4p,k1,e718,37.37373737373738,37.37373737373738,0
synthetic_scale_500u_1022e_4p,k1,e719,44.44444444444444,44.44444444444444,0
synthetic_scale_500u_1022e_4p,k1,e720,12.121212121212121,12.121212121212121,0
synthetic_scale_500u_1022e_4p,k1,e721,16.363636363636363,16.363636363636363,0
synthetic_scale_500u_1022e_4p,k1,e722,34.343434343434346,34.343434343434346,0
synthetic_scale_500u_1022e_4p,k1,e723,41.41414141414141,41.41414141414141,0
synthetic_scale_500u_1022e_4p,k1,e724,48.484848484848484,48.484848484848484,0
synthetic_scale_500u_1022e_4p,k1,e725,14.545454545454545,14.545454545454545,0
synthetic_scale_500u_1022e_4p,k1,e726,31.31313131313131,31.31313131313131,0
synthetic_scale_500u_1022e_4p,k1,e727,38.38383838383838,38.38383838383838,0
synthetic_scale_500u_1022e_4p,k1,e728,45.45454545454545,45.45454545454545,0
synthetic_scale_500u_1022e_4p,k1,e729,12.727272727272727,12.727272727272727,0
synthetic_scale_500u_1022e_4p,k1,e730,16.96969696969697,16.96969696969697,0
synthetic_scale_500u_1022e_4p,k1,e731,35.35353535353536,35.35353535353536,0
synthetic_scale_500u_1022e_4p,k1,e732,42.42424242424242,42.42424242424242,0
synthetic_scale_500u_1022e_4p,k1,e733,49.494949494949495,49.494949494949495,0
synthetic_scale_500u_1022e_4p,k1,e734,15.151515151515152,15.151515151515152,0
synthetic_scale_500u_1022e_4p,k1,e735,32.323232323232325,32.323232323232325,0
synthetic_scale_500u_1022e_4p,k1,e736,39.39393939393939,39.39393939393939,0
synthetic_scale_500u_1022e_4p,k1,e737,46.464646464646464,46.464646464646464,0
synthetic_scale_500u_1022e_4p,k1,e738,13.333333333333334,13.333333333333334,0
synthetic_scale_500u_1022e_4p,k1,e739,17.575757575757574,17.575757575757574,0
synthetic_scale_500u_1022e_4p,k1,e740,36.36363636363637,36.36363636363637,0
synthetic_scale_500u_1022e_4p,k1,e741,43.43434343434343,43.43434343434343,0
synthetic_scale_500u_1022e_4p,k1,e742,50.505050505050505,50.505050505050505,0
synthetic_scale_500u_1022e_4p,k1,e743,15.757575757575758,15.757575757575758,0
synthetic_scale_500u_1022e_4p,k1,e744,33.333333333333336,33.333333333333336,0
synthetic_scale_500u_1022e_4p,k1,e745,40.4040404040404,40.4040404040404,0
synthetic_scale_500u_1022e_4p,k1,e746,47.474747474747474,47.474747474747474,0
synthetic_scale_500u_1022e_4p,k1,e747,13.93939393939394,13.93939393939394,0
synthetic_scale_500u_1022e_4p,k1,e748,24.646464646424242,24.646464646424242,0
synthetic_scale_500u_1022e_4p,k1,e749,37.37373737373738,37.37373737373738,0
synthetic_scale_500u_1022e_4p,k1,e750,44.44444444444444,44.44444444444444,0
synthetic_scale_500u_1022e_4p,k1,e751,12.121212121212121,12.121212121212121,0
synthetic_scale_500u_1022e_4p,k1,e752,16.363636363636363,16.363636363636363,0
synthetic_scale_500u_1022e_4p,k1,e753,34.343434343434346,34.343434343434346,0
synthetic_scale_500u_1022e_4p,k1,e754,41.41414141414141,41.41414141414141,0
synthetic_scale_500u_1022e_4p,k1,e755,48.484848484848484,48.484848484848484,0
synthetic_scale_500u_1022e_4p,k1,e756,14.545454545454545,14.545454545454545,0
synthetic_scale_500u_1022e_4p,k1,e757,31.31313131313131,31.31313131313131,0
synthetic_scale_500u_1022e_4p,k1,e758,38.38383838383838,38.38383838383838,0
synthetic_scale_500u_1022e_4p,k1,e759,45.45454545454545,45.45454545454545,0
synthetic_scale_500u_1022e_4p,k1,e760,12.727272727272727,12.727272727272727,0
synthetic_scale_500u_1022e_4p,k1,e761,16.96969696969697,16.96969696969697,0
synthetic_scale_500u_1022e_4p,k1,e762,35.35353535353536,35.35353535353536,0
synthetic_scale_500u_1022e_4p,k1,e763,42.42424242424242,42.42424242424242,0
synthetic_scale_500u_1022e_4p,k1,e764,49.494949494949495,49.494949494949495,0
synthetic_scale_500u_1022e_4p,k1,e765,15.151515151515152,15.151515151515152,0
synthetic_scale_500u_1022e_4p,k1,e766,32.323232323232325,32.323232323232325,0
synthetic_scale_500u_1022e_4p,k1,e767,39.39393939393939,39.39393939393939,0
synthetic_scale_500u_1022e_4p,k1,e768,46.464646464646464,46.464646464646464,0
synthetic_scale_500u_1022e_4p,k1,e769,13.333333333333334,13.333333333333334,0
synthetic_scale_500u_1022e_4p,k1,e770,17.575757575757574,17.575757575757574,0
synthetic_scale_500u_1022e_4p,k1,e771,36.36363636363637,36.36363636363637,0
synthetic_scale_500u_1022e_4p,k1,e772,43.43434343434343,43.43434343434343,0
synthetic_scale_500u_1022e_4p,k1,e773,50.505050505050505,50.505050505050505,0
synthetic_scale_500u_1022e_4p,k1,e774,15.757575757575758,15.757575757575758,0
synthetic_scale_500u_1022e_4p,k1,e775,33.333333333333336,33.333333333333336,0
synthetic_scale_500u_1022e_4p,k1,e776,40.4040404040404,40.4040404040404,0
synthetic_scale_500u_1022e_4p,k1,e777,47.474747474747474,47.474747474747474,0
synthetic_scale_500u_1022e_4p,k1,e778,13.93939393939394,13.93939393939394,0
synthetic_scale_500u_1022e_4p,k1,e779,18.181818181818183,18.181818181818183,0
synthetic_scale_500u_1022e_4p,k1,e780,37.37373737373738,37.37373737373738,0
synthetic_scale_500u_1022e_4p,k1,e781,44.44444444444444,44.44444444444444,0
synthetic_scale_500u_1022e_4p,k1,e782,12.121212121212121,12.121212121212121,0
synthetic_scale_500u_1022e_4p,k1,e783,16.363636363636363,16.363636363636363,0
synthetic_scale_500u_1022e_4p,k1,e784,34.343434343434346,34.343434343434346,0
synthetic_scale_500u_1022e_4p,k1,e785,41.41414141414141,41.41414141414141,0
synthetic_scale_500u_1022e_4p,k1,e786,48.484848484848484,48.484848484848484,0
synthetic_scale_500u_1022e_4p,k1,e787,14.545454545454545,14.545454545454545,0
synthetic_scale_500u_1022e_4p,k1,e788,31.31313131313131,31.31313131313131,0
synthetic_scale_500u_1022e_4p,k1,e789,38.38383838383838,38.38383838383838,0
synthetic_scale_500u_1022e_4p,k1,e790,45.45454545454545,45.45454545454545,0
synthetic_scale_500u_1022e_4p,k1,e791,12.727272727272727,12.727272727272727,0
synthetic_scale_500u_1022e_4p,k1,e792,16.96969696969697,16.96969696969697,0
synthetic_scale_500u_1022e_4p,k1,e793,35.35353535353536,35.35353535353536,0
synthetic_scale_500u_1022e_4p,k1,e794,42.42424242424242,42.42424242424242,0
synthetic_scale_500u_1022e_4p,k1,e795,49.494949494949495,49.494949494949495,0
synthetic_scale_500u_1022e_4p,k1,e796,15.151515151515152,15.151515151515152,0
synthetic_scale_500u_1022e_4p,k1,e797,32.323232323232325,32.323232323232325,0
synthetic_scale_500u_1022e_4p,k1,e798,39.39393939393939,39.39393939393939,0
synthetic_scale_500u_1022e_4p,k1,e799,46.464646464646464,46.464646464646464,0
synthetic_scale_500u_1022e_4p,k1,e800,13.333333333333334,13.333333333333334,0
synthetic_scale_500u_1022e_4p,k1,e801,17.575757575757574,17.575757575757574,0
synthetic_scale_500u_1022e_4p,k1,e802,36.36363636363637,36.36363636363637,0
synthetic_scale_500u_1022e_4p,k1,e803,43.43434343434343,43.43434343434343,0
synthetic_scale_500u_1022e_4p,k1,e804,50.505050505050505,50.505050505050505,0
synthetic_scale_500u_1022e_4p,k1,e805,15.757575757575758,15.757575757575758,0
synthetic_scale_500u_1022e_4p,k1,e806,33.333333333333336,33.333333333333336,0
synthetic_scale_500u_1022e_4p,k1,e807,40.4040404040404,40.4040404040404,0
synthetic_scale_500u_1022e_4p,k1,e808,47.474747474747474,47.474747474747474,0
synthetic_scale_500u_1022e_4p,k1,e809,13.93939393939394,13.93939393939394,0
synthetic_scale_500u_1022e_4p,k1,e810,18.181818181818183,18.181818181818183,0
synthetic_scale_500u_1022e_4p,k1,e811,37.37373737373738,37.37373737373738,0
synthetic_scale_500u_1022e_4p,k1,e812,44.44444444444444,44.44444444444444,0
synthetic_scale_500u_1022e_4p,k1,e813,12.121212121212121,12.121212121212121,0
synthetic_scale_500u_1022e_4p,k1,e814,16.363636363636363,16.363636363636363,0
synthetic_scale_500u_1022e_4p,k1,e815,34.343434343434346,34.343434343434346,0
synthetic_scale_500u_1022e_4p,k1,e816,41.41414141414141,41.41414141414141,0
synthetic_scale_500u_1022e_4p,k1,e817,48.484848484848484,48.484848484848484,0
synthetic_scale_500u_1022e_4p,k1,e818,14.545454545454545,14.545454545454545,0
synthetic_scale_500u_1022e_4p,k1,e819,31.31313131313131,31.31313131313131,0
synthetic_scale_500u_1022e_4p,k1,e820,38.38383838383838,38.38383838383838,0
synthetic_scale_500u_1022e_4p,k1,e821,45.45454545454545,45.45454545454545,0
synthetic_scale_500u_1022e_4p,k1,e822,12.727272727272727,12.727272727272727,0
synthetic_scale_500u_1022e_4p,k1,e823,16.96969696969697,16.96969696969697,0
synthetic_scale_500u_1022e_4p,k1,e824,35.35353535353536,35.35353535353536,0
synthetic_scale_500u_1022e_4p,k1,e825,42.42424242424242,42.42424242424242,0
synthetic_scale_500u_1022e_4p,k1,e826,49.494949494949495,49.494949494949495,0
synthetic_scale_500u_1022e_4p,k1,e827,15.151515151515152,15.151515151515152,0
synthetic_scale_500u_1022e_4p,k1,e828,32.323232323232325,32.323232323232325,0
synthetic_scale_500u_1022e_4p,k1,e829,39.39393939393939,39.39393939393939,0
synthetic_scale_500u_1022e_4p,k1,e830,46.464646464646464,46.464646464646464,0
synthetic_scale_500u_1022e_4p,k1,e831,13.333333333333334,13.333333333333334,0
synthetic_scale_500u_1022e_4p,k1,e832,17.575757575757574,17.575757575757574,0
synthetic_scale_500u_1022e_4p,k1,e833,36.36363636363637,36.36363636363637,0
synthetic_scale_500u_1022e_4p,k1,e834,43.43434343434343,43.43434343434343,0
synthetic_scale_500u_1022e_4p,k1,e835,50.505050505050505,50.505050505050505,0
synthetic_scale_500u_1022e_4p,k1,e836,15.757575757575758,15.757575757575758,0
synthetic_scale_500u_1022e_4p,k1,e837,33.333333333333336,33.333333333333336,0
synthetic_scale_500u_1022e_4p,k1,e838,40.4040404040404,40.4040404040404,0
synthetic_scale_500u_1022e_4p,k1,e839,47.474747474747474,47.474747474747474,0
synthetic_scale_500u_1022e_4p,k1,e840,13.93939393939394,13.93939393939394,0
synthetic_scale_500u_1022e_4p,k1,e841,18.181818181818183,18.181818181818183,0
synthetic_scale_500u_1022e_4p,k1,e842,37.37373737373738,37.37373737373738,0
synthetic_scale_500u_1022e_4p,k1,e843,44.44444444444444,44.44444444444444,0
synthetic_scale_500u_1022e_4p,k1,e844,12.121212121212121,12.121212121212121,0
synthetic_scale_500u_1022e_4p,k1,e845,16.363636363636363,16.363636363636363,0
synthetic_scale_500u_1022e_4p,k1,e846,34.343434343434346,34.343434343434346,0
synthetic_scale_500u_1022e_4p,k1,e847,41.41414141414141,41.41414141414141,0
synthetic_scale_500u_1022e_4p,k1,e848,48.484848484848484,48.484848484848484,0
synthetic_scale_500u_1022e_4p,k1,e849,14.545454545454545,14.545454545454545,0
synthetic_scale_500u_1022e_4p,k1,e850,31.31313131313131,31.31313131313131,0
synthetic_scale_500u_1022e_4p,k1,e851,38.38383838383838,38.38383838383838,0
synthetic_scale_500u_1022e_4p,k1,e852,45.45454545454545,45.45454545454545,0
synthetic_scale_500u_1022e_4p,k1,e853,12.727272727272727,12.727272727272727,0
synthetic_scale_500u_1022e_4p,k1,e854,16.96969696969697,16.96969696969697,0
synthetic_scale_500u_1022e_4p,k1,e855,35.35353535353536,35.35353535353536,0
synthetic_scale_500u_1022e_4p,k1,e856,42.42424242424242,42.42424242424242,0
synthetic_scale_500u_1022e_4p,k1,e857,49.494949494949495,49.494949494949495,0
synthetic_scale_500u_1022e_4p,k1,e858,15.151515151515152,15.151515151515152,0
synthetic_scale_500u_1022e_4p,k1,e859,32.323232323232325,32.323232323232325,0
synthetic_scale_500u_1022e_4p,k1,e860,39.39393939393939,39.39393939393939,0
synthetic_scale_500u_1022e_4p,k1,e861,46.464646464646464,46.464646464646464,0
synthetic_scale_500u_1022e_4p,k1,e862,13.333333333333334,13.333333333333334,0
synthetic_scale_500u_1022e_4p,k1,e863,17.575757575757574,17.575757575757574,0
synthetic_scale_500u_1022e_4p,k1,e864,36.36363636363637,36.36363636363637,0
synthetic_scale_500u_1022e_4p,k1,e865,43.43434343434343,43.43434343434343,0
synthetic_scale_500u_1022e_4p,k1,e866,50.505050505050505,50.505050505050505,0
synthetic_scale_500u_1022e_4p,k1,e867,15.757575757575758,15.757575757575758,0
synthetic_scale_500u_1022e_4p,k1,e868,33.333333333333336,33.333333333333336,0
synthetic_scale_500u_1022e_4p,k1,e869,40.4040404040404,40.4040404040404,0
synthetic_scale_500u_1022e_4p,k1,e870,47.474747474747474,47.474747474747474,0
synthetic_scale_500u_1022e_4p,k1,e871,13.93939393939394,13.93939393939394,0
synthetic_scale_500u_1022e_4p,k1,e872,18.181818181818183,18.181818181818183,0
synthetic_scale_500u_1022e_4p,k1,e873,37.37373737373738,37.37373737373738,0
synthetic_scale_500u_1022e_4p,k1,e874,44.44444444444444,44.44444444444444,0
synthetic_scale_500u_1022e_4p,k1,e875,12.121212121212121,12.121212121212121,0
synthetic_scale_500u_1022e_4p,k1,e876,16.363636363636363,16.363636363636363,0
synthetic_scale_500u_1022e_4p,k1,e877,34.343434343434346,34.343434343434346,0
synthetic_scale_500u_1022e_4p,k1,e878,41.41414141414141,41.41414141414141,0
synthetic_scale_500u_1022e_4p,k1,e879,48.484848484848484,48.484848484848484,0
synthetic_scale_500u_1022e_4p,k1,e880,14.545454545454545,14.545454545454545,0
synthetic_scale_500u_1022e_4p,k1,e881,31.31313131313131,31.31313131313131,0
synthetic_scale_500u_1022e_4p,k1,e882,38.38383838383838,38.38383838383838,0
synthetic_scale_500u_1022e_4p,k1,e883,45.45454545454545,45.45454545454545,0
synthetic_scale_500u_1022e_4p,k1,e884,12.727272727272727,12.727272727272727,0
synthetic_scale_500u_1022e_4p,k1,e885,16.96969696969697,16.96969696969697,0
synthetic_scale_500u_1022e_4p,k1,e886,35.35353535353536,35.35353535353536,0
synthetic_scale_500u_1022e_4p,k1,e887,42.42424242424242,42.42424242424242,0
synthetic_scale_500u_1022e_4p,k1,e888,49.494949494949495,49.494949494949495,0
synthetic_scale_500u_1022e_4p,k1,e889,15.151515151515152,15.151515151515152,0
synthetic_scale_500u_1022e_4p,k1,e890,32.323232323232325,32.323232323232325,0
synthetic_scale_500u_1022e_4p,k1,e891,39.39393939393939,39.39393939393939,0
synthetic_scale_500u_1022e_4p,k1,e892,46.464646464646464,46.464646464646464,0
synthetic_scale_500u_1022e_4p,k1,e893,13.333333333333334,13.333333333333334,0
synthetic_scale_500u_1022e_4p,k1,e894,17.575757575757574,17.575757575757574,0
synthetic_scale_500u_1022e_4p,k1,e895,36.36363636363637,36.36363636363637,0
synthetic_scale_500u_1022e_4p,k1,e896,43.43434343434343,43.43434343434343,0
synthetic_scale_500u_1022e_4p,k1,e897,50.505050505050505,50.505050505050505,0
synthetic_scale_500u_1022e_4p,k1,e898,15.757575757575758,15.757575757575758,0
synthetic_scale_500u_1022e_4p,k1,e899,33.333333333333336,33.333333333333336,0
synthetic_scale_500u_1022e_4p,k1,e900,40.4040404040404,40.4040404040404,0
synthetic_scale_500u_1022e_4p,k1,e901,47.474747474747474,47.474747474747474,0
synthetic_scale_500u_1022e_4p,k1,e902,13.93939393939394,13.93939393939394,0
synthetic_scale_500u_1022e_4p,k1,e903,18.181818181818183,18.181818181818183,0
synthetic_scale_500u_1022e_4p,k1,e904,37.37373737373738,37.37373737373738,0
synthetic_scale_500u_1022e_4p,k1,e905,44.44444444444444,44.44444444444444,0
synthetic_scale_500u_1022e_4p,k1,e906,12.121212121212121,12.121212121212121,0
synthetic_scale_500u_1022e_4p,k1,e907,16.363636363636363,16.363636363636363,0
synthetic_scale_500u_1022e_4p,k1,e908,34.343434343434346,34.343434343434346,0
synthetic_scale_500u_1022e_4p,k1,e909,41.41414141414141,41.41414141414141,0
synthetic_scale_500u_1022e_4p,k1,e910,48.484848484848484,48.484848484848484,0
synthetic_scale_500u_1022e_4p,k1,e911,14.545454545454545,14.545454545454545,0
synthetic_scale_500u_1022e_4p,k1,e912,31.31313131313131,31.31313131313131,0
synthetic_scale_500u_1022e_4p,k1,e913,38.38383838383838,38.38383838383838,0
synthetic_scale_500u_1022e_4p,k1,e914,45.45454545454545,45.45454545454545,0
synthetic_scale_500u_1022e_4p,k1,e915,12.727272727272727,12.727272727272727,0
synthetic_scale_500u_1022e_4p,k1,e916,16.96969696969697,16.96969696969697,0
synthetic_scale_500u_1022e_4p,k1,e917,35.35353535353536,35.35353535353536,0
synthetic_scale_500u_1022e_4p,k1,e918,42.42424242424242,42.42424242424242,0
synthetic_scale_500u_1022e_4p,k1,e919,49.494949494949495,49.494949494949495,0
synthetic_scale_500u_1022e_4p,k1,e920,15.151515151515152,15.151515151515152,0
synthetic_scale_500u_1022e_4p,k1,e921,32.323232323232325,32.323232323232325,0
synthetic_scale_500u_1022e_4p,k1,e922,39.39393939393939,39.39393939393939,0
synthetic_scale_500u_1022e_4p,k1,e923,46.464646464646464,46.464646464646464,0
synthetic_scale_500u_1022e_4p,k1,e924,13.333333333333334,13.333333333333334,0
synthetic_scale_500u_1022e_4p,k1,e925,17.575757575757574,17.575757575757574,0
synthetic_scale_500u_1022e_4p,k1,e926,36.36363636363637,36.36363636363637,0
synthetic_scale_500u_1022e_4p,k1,e927,43.43434343434343,43.43434343434343,0
synthetic_scale_500u_1022e_4p,k1,e928,50.505050505050505,50.505050505050505,0
synthetic_scale_500u_1022e_4p,k1,e929,15.757575757575758,15.757575757575758,0
synthetic_scale_500u_1022e_4p,k1,e930,33.333333333333336,33.333333333333336,0
synthetic_scale_500u_1022e_4p,k1,e931,40.4040404040404,40.4040404040404,0
synthetic_scale_500u_1022e_4p,k1,e932,47.474747474747474,47.474747474747474,0
synthetic_scale_500u_1022e_4p,k1,e933,13.93939393939394,13.93939393939394,0
synthetic_scale_500u_1022e_4p,k1,e934,18.181818181818183,18.181818181818183,0
synthetic_scale_500u_1022e_4p,k1,e935,37.37373737373738,37.37373737373738,0
synthetic_scale_500u_1022e_4p,k1,e936,44.44444444444444,44.44444444444444,0
synthetic_scale_500u_1022e_4p,k1,e937,12.121212121212121,12.121212121212121,0
synthetic_scale_500u_1022e_4p,k1,e938,16.363636363636363,16.363636363636363,0
synthetic_scale_500u_1022e_4p,k1,e939,34.343434343434346,34.343434343434346,0
synthetic_scale_500u_1022e_4p,k1,e940,41.41414141414141,41.41414141414141,0
synthetic_scale_500u_1022e_4p,k1,e941,48.484848484848484,48.484848484848484,0
synthetic_scale_500u_1022e_4p,k1,e942,14.545454545454545,14.545454545454545,0
synthetic_scale_500u_1022e_4p,k1,e943,31.31313131313131,31.31313131313131,0
synthetic_scale_500u_1022e_4p,k1,e944,38.38383838383838,38.38383838383838,0
synthetic_scale_500u_1022e_4p,k1,e945,45.45454545454545,45.45454545454545,0
synthetic_scale_500u_1022e_4p,k1,e946,12.727272727272727,12.727272727272727,0
synthetic_scale_500u_1022e_4p,k1,e947,16.96969696969697,16.96969696969697,0
synthetic_scale_500u_1022e_4p,k1,e948,35.35353535353536,35.35353535353536,0
synthetic_scale_500u_1022e_4p,k1,e949,42.42424242424242,42.42424242424242,0
synthetic_scale_500u_1022e_4p,k1,e950,49.494949494949495,49.494949494949495,0
synthetic_scale_500u_1022e_4p,k1,e951,15.151515151515152,15.151515151515152,0
synthetic_scale_500u_1022e_4p,k1,e952,32.323232323232325,32.323232323232325,0
synthetic_scale_500u_1022e_4p,k1,e953,39.39393939393939,39.39393939393939,0
synthetic_scale_500u_1022e_4p,k1,e954,46.464646464646464,46.464646464646464,0
synthetic_scale_500u_1022e_4p,k1,e955,13.333333333333334,13.333333333333334,0
synthetic_scale_500u_1022e_4p,k1,e956,17.575757575757574,17.575757575757574,0
synthetic_scale_500u_1022e_4p,k1,e957,36.36363636363637,36.36363636363637,0
synthetic_scale_500u_1022e_4p,k1,e958,43.43434343434343,43.43434343434343,0
synthetic_scale_500u_1022e_4p,k1,e959,50.505050505050505,50.505050505050505,0
synthetic_scale_500u_1022e_4p,k1,e960,15.757575757575758,15.757575757575758,0
synthetic_scale_500u_1022e_4p,k1,e961,33.333333333333336,33.333333333333336,0
synthetic_scale_500u_1022e_4p,k1,e962,40.4040404040404,40.4040404040404,0
synthetic_scale_500u_1022e_4p,k1,e963,47.474747474747474,47.474747474747474,0
synthetic_scale_500u_1022e_4p,k1,e964,13.93939393939394,13.93939393939394,0
synthetic_scale_500u_1022e_4p,k1,e965,18.181818181818183,18.181818181818183,0
synthetic_scale_500u_1022e_4p,k1,e966,37.37373737373738,37.37373737373738,0
synthetic_scale_500u_1022e_4p,k1,e967,44.44444444444444,44.44444444444444,0
synthetic_scale_500u_1022e_4p,k1,e968,12.121212121212121,12.121212121212121,0
synthetic_scale_500u_1022e_4p,k1,e969,16.363636363636363,16.363636363636363,0
synthetic_scale_500u_1022e_4p,k1,e970,34.343434343434346,34.343434343434346,0
synthetic_scale_500u_1022e_4p,k1,e971,41.41414141414141,41.41414141414141,0
synthetic_scale_500u_1022e_4p,k1,e972,48.484848484848484,48.484848484848484,0
synthetic_scale_500u_1022e_4p,k1,e973,14.545454545454545,14.545454545454545,0
synthetic_scale_500u_1022e_4p,k1,e974,31.31313131313131,31.31313131313131,0
synthetic_scale_500u_1022e_4p,k1,e975,38.38383838383838,38.38383838383838,0
synthetic_scale_500u_1022e_4p,k1,e976,45.45454545454545,45.45454545454545,0
synthetic_scale_500u_1022e_4p,k1,e977,12.727272727272727,12.727272727272727,0
synthetic_scale_500u_1022e_4p,k1,e978,16.96969696969697,16.96969696969697,0
synthetic_scale_500u_1022e_4p,k1,e979,35.35353535353536,35.35353535353536,0
synthetic_scale_500u_1022e_4p,k1,e980,42.42424242424242,42.42424242424242,0
synthetic_scale_500u_1022e_4p,k1,e981,49.494949494949495,49.494949494949495,0
synthetic_scale_500u_1022e_4p,k1,e982,15.151515151515152,15.151515151515152,0
synthetic_scale_500u_1022e_4p,k1,e983,32.323232323232325,32.323232323232325,0
synthetic_scale_500u_1022e_4p,k1,e984,39.39393939393939,39.39393939393939,0
synthetic_scale_500u_1022e_4p,k1,e985,46.464646464646464,46.464646464646464,0
synthetic_scale_500u_1022e_4p,k1,e986,13.333333333333334,13.333333333333334,0
synthetic_scale_500u_1022e_4p,k1,e987,17.575757575757574,17.575757575757574,0
synthetic_scale_500u_1022e_4p,k1,e988,36.36363636363637,36.36363636363637,0
synthetic_scale_500u_1022e_4p,k1,e989,43.43434343434343,43.43434343434343,0
synthetic_scale_500u_1022e_4p,k1,e990,50.505050505050505,50.505050505050505,0
synthetic_scale_500u_1022e_4p,k1,e991,15.757575757575758,15.757575757575758,0
synthetic_scale_500u_1022e_4p,k1,e992,33.333333333333336,33.333333333333336,0
synthetic_scale_500u_1022e_4p,k1,e993,40.4040404040404,40.4040404040404,0
synthetic_scale_500u_1022e_4p,k1,e994,47.474747474747474,47.474747474747474,0
synthetic_scale_500u_1022e_4p,k1,e995,13.93939393939394,13.93939393939394,0
synthetic_scale_500u_1022e_4p,k1,e996,30.303030303030305,30.303030303030305,0
synthetic_scale_500u_1022e_4p,k1,e997,37.37373737373738,37.37373737373738,0
synthetic_scale_500u_1022e_4p,k1,e998,44.44444444444444,44.44444444444444,0
synthetic_scale_500u_1022e_4p,k1,e999,12.121212121212121,12.121212121212121,0
synthetic_scale_500u_1022e_4p,k1,e1000,16.363636363636363,16.363636363636363,0
synthetic_scale_500u_1022e_4p,k1,e1001,34.343434343434346,34.343434343434346,0
synthetic_scale_500u_1022e_4p,k1,e1002,41.41414141414141,41.41414141414141,0
synthetic_scale_500u_1022e_4p,k1,e1003,48.484848484848484,48.484848484848484,0
synthetic_scale_500u_1022e_4p,k1,e1004,14.545454545454545,14.545454545454545,0
synthetic_scale_500u_1022e_4p,k1,e1005,31.31313131313131,31.31313131313131,0
synthetic_scale_500u_1022e_4p,k1,e1006,38.38383838383838,38.38383838383838,0
synthetic_scale_500u_1022e_4p,k1,e1007,45.45454545454545,45.45454545454545,0
synthetic_scale_500u_1022e_4p,k1,e1008,12.727272727272727,12.727272727272727,0
synthetic_scale_500u_1022e_4p,k1,e1009,16.96969696969697,16.96969696969697,0
synthetic_scale_500u_1022e_4p,k1,e1010,0.0,0.0,0
synthetic_scale_500u_1022e_4p,k1,e1011,0.0,0.0,0
synthetic_scale_500u_1022e_4p,k1,e1012,0.0,0.0,0
synthetic_scale_500u_1022e_4p,k1,e1013,0.0,0.0,0
synthetic_scale_500u_1022e_4p,k1,e1014,0.0,0.0,0
synthetic_scale_500u_1022e_4p,k1,e1015,0.0,0.0,0
synthetic_scale_500u_1022e_4p,k1,e1016,0.0,0.0,0
synthetic_scale_500u_1022e_4p,k1,e1017,0.0,0.0,0
synthetic_scale_500u_1022e_4p,k1,e1018,0.0,0.0,0
synthetic_scale_500u_1022e_4p,k1,e1019,0.0,0.0,0
synthetic_scale_500u_1022e_4p,k1,e1020,0.0,0.0,0
synthetic_scale_500u_1022e_4p,k1,e1021,0.0,0.0,0
synthetic_scale_500u_1022e_4p,k2,e0,8660.892811935084,8660.892811935084,0
synthetic_scale_500u_1022e_4p,k2,e1,8135.554070538133,8135.554070538133,0
synthetic_scale_500u_1022e_4p,k2,e2,4250.06717972678,4250.06717972678,0
synthetic_scale_500u_1022e_4p,k2,e3,4237.607775969604,4237.607775969604,0
synthetic_scale_500u_1022e_4p,k2,e4,4199.994481608421,4199.994481608421,0
synthetic_scale_500u_1022e_4p,k2,e5,3772.848507518949,3772.848507518949,0
synthetic_scale_500u_1022e_4p,k2,e6,2101.078623017095,2101.078623017095,0
synthetic_scale_500u_1022e_4p,k2,e7,2063.9872131151487,2063.9872131151487,0
synthetic_scale_500u_1022e_4p,k2,e8,2080.636110975936,2080.636110975936,0
synthetic_scale_500u_1022e_4p,k2,e9,2072.2195094742756,2072.2195094742756,0
synthetic_scale_500u_1022e_4p,k2,e10,2104.0735815806065,2104.0735815806065,0
synthetic_scale_500u_1022e_4p,k2,e11,2011.9210103956461,2011.9210103956461,0
synthetic_scale_500u_1022e_4p,k2,e12,2063.9872131151487,2063.9872131151487,0
synthetic_scale_500u_1022e_4p,k2,e13,1633.4043242534217,1633.4043242534217,0
synthetic_scale_500u_1022e_4p,k2,e14,1043.5265008413721,1043.5265008413721,0
synthetic_scale_500u_1022e_4p,k2,e15,1015.5305497153812,1015.5305497153812,0
synthetic_scale_500u_1022e_4p,k2,e16,1021.6264422992663,1021.6264422992663,0
synthetic_scale_500u_1022e_4p,k2,e17,1001.0810265535795,1001.0810265535795,0
synthetic_scale_500u_1022e_4p,k2,e18,1010.17218487625,1010.17218487625,0
synthetic_scale_500u_1022e_4p,k2,e19,1028.8512038801673,1028.8512038801673,0
synthetic_scale_500u_1022e_4p,k2,e20,1003.7903121464173,1003.7903121464173,0
synthetic_scale_500u_1022e_4p,k2,e21,1026.9848071383728,1026.9848071383728,0
synthetic_scale_500u_1022e_4p,k2,e22,1055.266738410336,1055.266738410336,0
synthetic_scale_500u_1022e_4p,k2,e23,1006.7253715386582,1006.7253715386582,0
synthetic_scale_500u_1022e_4p,k2,e24,979.1809680114736,979.1809680114736,0
synthetic_scale_500u_1022e_4p,k2,e25,992.5016221762596,992.5016221762596,0
synthetic_scale_500u_1022e_4p,k2,e26,993.6304911732753,993.6304911732753,0
synthetic_scale_500u_1022e_4p,k2,e27,1029.0769776795703,1029.0769776795703,0
synthetic_scale_500u_1022e_4p,k2,e28,981.6644798049083,981.6644798049083,0
synthetic_scale_500u_1022e_4p,k2,e29,619.071757963445,619.071757963445,0
synthetic_scale_500u_1022e_4p,k2,e30,516.8594434976496,516.8594434976496,0
synthetic_scale_500u_1022e_4p,k2,e31,505.7965273268951,505.7965273268951,0
synthetic_scale_500u_1022e_4p,k2,e32,487.2108281600276,487.2108281600276,0
synthetic_scale_500u_1022e_4p,k2,e33,508.009110561046,508.009110561046,0
synthetic_scale_500u_1022e_4p,k2,e34,520.6208349957061,520.6208349957061,0
synthetic_scale_500u_1022e_4p,k2,e35,480.57307845757487,480.57307845757487,0
synthetic_scale_500u_1022e_4p,k2,e36,493.6273195390652,493.6273195390652,0
synthetic_scale_500u_1022e_4p,k2,e37,487.4320864834427,487.4320864834427,0
synthetic_scale_500u_1022e_4p,k2,e38,510.72321266164056,510.72321266164056,0
synthetic_scale_500u_1022e_4p,k2,e39,479.2455285170843,479.2455285170843,0
synthetic_scale_500u_1022e_4p,k2,e40,496.7249360668764,496.7249360668764,0
synthetic_scale_500u_1022e_4p,k2,e41,511.54924373568747,511.54924373568747,0
synthetic_scale_500u_1022e_4p,k2,e42,478.360495223424,478.360495223424,0
synthetic_scale_500u_1022e_4p,k2,e43,505.3540106800649,505.3540106800649,0
synthetic_scale_500u_1022e_4p,k2,e44,533.3948155341435,533.3948155341435,0
synthetic_scale_500u_1022e_4p,k2,e45,473.0502954614618,473.0502954614618,0
synthetic_scale_500u_1022e_4p,k2,e46,525.9310347576683,525.9310347576683,0
synthetic_scale_500u_1022e_4p,k2,e47,508.2303688844611,508.2303688844611,0
synthetic_scale_500u_1022e_4p,k2,e48,466.6338040824242,466.6338040824242,0
synthetic_scale_500u_1022e_4p,k2,e49,519.9570600254608,519.9570600254608,0
synthetic_scale_500u_1022e_4p,k2,e50,435.21512215748146,435.21512215748146,0
synthetic_scale_500u_1022e_4p,k2,e51,524.3822264937627,524.3822264937627,0
synthetic_scale_500u_1022e_4p,k2,e52,490.3084446878388,490.3084446878388,0
synthetic_scale_500u_1022e_4p,k2,e53,482.3431450448956,482.3431450448956,0
synthetic_scale_500u_1022e_4p,k2,e54,478.8030118702542,478.8030118702542,0
synthetic_scale_500u_1022e_4p,k2,e55,494.9548694795557,494.9548694795557,0
synthetic_scale_500u_1022e_4p,k2,e56,465.0849958185186,465.0849958185186,0
synthetic_scale_500u_1022e_4p,k2,e57,543.4104423074604,543.4104423074604,0
synthetic_scale_500u_1022e_4p,k2,e58,430.5686973657646,430.5686973657646,0
synthetic_scale_500u_1022e_4p,k2,e59,531.4624928430455,531.4624928430455,0
synthetic_scale_500u_1022e_4p,k2,e60,488.7596364239332,488.7596364239332,0
synthetic_scale_500u_1022e_4p,k2,e61,117.93068638024282,117.93068638024282,0
synthetic_scale_500u_1022e_4p,k2,e62,234.61347581642454,234.61347581642454,0
synthetic_scale_500u_1022e_4p,k2,e63,271.90877881127204,271.90877881127204,0
synthetic_scale_500u_1022e_4p,k2,e64,236.56497422894563,236.56497422894563,0
synthetic_scale_500u_1022e_4p,k2,e65,259.11562255141155,259.11562255141155,0
synthetic_scale_500u_1022e_4p,k2,e66,226.3738158524466,226.3738158524466,0
synthetic_scale_500u_1022e_4p,k2,e67,251.09279574438042,251.09279574438042,0
synthetic_scale_500u_1022e_4p,k2,e68,245.67196682071074,245.67196682071074,0
synthetic_scale_500u_1022e_4p,k2,e69,252.17696152911435,252.17696152911435,0
synthetic_scale_500u_1022e_4p,k2,e70,275.59494247936743,275.59494247936743,0
synthetic_scale_500u_1022e_4p,k2,e71,234.61347581642454,234.61347581642454,0
synthetic_scale_500u_1022e_4p,k2,e72,222.6876521843512,222.6876521843512,0
synthetic_scale_500u_1022e_4p,k2,e73,248.27396470407217,248.27396470407217,0
synthetic_scale_500u_1022e_4p,k2,e74,262.1512867486666,262.1512867486666,0
synthetic_scale_500u_1022e_4p,k2,e75,221.60348639961725,221.60348639961725,0
synthetic_scale_500u_1022e_4p,k2,e76,249.7917968026997,249.7917968026997,0
synthetic_scale_500u_1022e_4p,k2,e77,227.8916479510741,227.8916479510741,0
synthetic_scale_500u_1022e_4p,k2,e78,273.7012662420676,273.7012662420676,0
synthetic_scale_500u_1022e_4p,k2,e79,226.80748216634018,226.80748216634018,0
synthetic_scale_500u_1022e_4p,k2,e80,223.77181796908513,223.77181796908513,0
synthetic_scale_500u_1022e_4p,k2,e81,245.8887999776575,245.8887999776575,0
synthetic_scale_500u_1022e_4p,k2,e82,255.2126257263694,255.2126257263694,0
synthetic_scale_500u_1022e_4p,k2,e83,231.5778116191695,231.5778116191695,0
synthetic_scale_500u_1022e_4p,k2,e84,242.4194694665089,242.4194694665089,0
synthetic_scale_500u_1022e_4p,k2,e85,258.8987893944648,258.8987893944648,0
synthetic_scale_500u_1022e_4p,k2,e86,258.46512308057123,258.46512308057123,0
synthetic_scale_500u_1022e_4p,k2,e87,210.3281622383843,210.3281622383843,0
synthetic_scale_500u_1022e_4p,k2,e88,238.51647264146672,238.51647264146672,0
synthetic_scale_500u_1022e_4p,k2,e89,256.7304578249969,256.7304578249969,0
synthetic_scale_500u_1022e_4p,k2,e90,265.837450416762,265.837450416762,0
synthetic_scale_500u_1022e_4p,k2,e91,256.88946880669863,256.88946880669863,0
synthetic_scale_500u_1022e_4p,k2,e92,228.97581373580806,228.97581373580806,0
synthetic_scale_500u_1022e_4p,k2,e93,234.61347581642454,234.61347581642454,0
synthetic_scale_500u_1022e_4p,k2,e94,284.91876822807933,284.91876822807933,0
synthetic_scale_500u_1022e_4p,k2,e95,230.49364583443557,230.49364583443557,0
synthetic_scale_500u_1022e_4p,k2,e96,259.11562255141155,259.11562255141155,0
synthetic_scale_500u_1022e_4p,k2,e97,238.9501389553603,238.9501389553603,0
synthetic_scale_500u_1022e_4p,k2,e98,232.01147793306308,232.01147793306308,0
synthetic_scale_500u_1022e_4p,k2,e99,225.28965006771267,225.28965006771267,0
synthetic_scale_500u_1022e_4p,k2,e100,233.96297634558417,233.96297634558417,0
synthetic_scale_500u_1022e_4p,k2,e101,275.59494247936743,275.59494247936743,0
synthetic_scale_500u_1022e_4p,k2,e102,234.61347581642454,234.61347581642454,0
synthetic_scale_500u_1022e_4p,k2,e103,191.89734389790732,191.89734389790732,0
synthetic_scale_500u_1022e_4p,k2,e104,253.04429415690151,253.04429415690151,0
synthetic_scale_500u_1022e_4p,k2,e105,260.8502878069859,260.8502878069859,0
synthetic_scale_500u_1022e_4p,k2,e106,230.71047899138236,230.71047899138236,0
synthetic_scale_500u_1022e_4p,k2,e107,249.7917968026997,249.7917968026997,0
synthetic_scale_500u_1022e_4p,k2,e108,224.8559837538191,224.8559837538191,0
synthetic_scale_500u_1022e_4p,k2,e109,247.8402983901786,247.8402983901786,0
synthetic_scale_500u_1022e_4p,k2,e110,245.45513366376395,245.45513366376395,0
synthetic_scale_500u_1022e_4p,k2,e111,223.77181796908513,223.77181796908513,0
synthetic_scale_500u_1022e_4p,k2,e112,251.96012837216756,251.96012837216756,0
synthetic_scale_500u_1022e_4p,k2,e113,233.09564371779703,233.09564371779703,0
synthetic_scale_500u_1022e_4p,k2,e114,232.87881056085024,232.87881056085024,0
synthetic_scale_500u_1022e_4p,k2,e115,222.904485341298,222.904485341298,0
synthetic_scale_500u_1022e_4p,k2,e116,250.22546311659326,250.22546311659326,0
synthetic_scale_500u_1022e_4p,k2,e117,282.3167703447179,282.3167703447179,0
synthetic_scale_500u_1022e_4p,k2,e118,195.5835075660027,195.5835075660027,0
synthetic_scale_500u_1022e_4p,k2,e119,226.3738158524466,226.3738158524466,0
synthetic_scale_500u_1022e_4p,k2,e120,254.9957925694226,254.9957925694226,0
synthetic_scale_500u_1022e_4p,k2,e121,265.837450416762,265.837450416762,0
synthetic_scale_500u_1022e_4p,k2,e122,265.18695094592164,265.18695094592164,0
synthetic_scale_500u_1022e_4p,k2,e123,213.7974927495329,213.7974927495329,0
synthetic_scale_500u_1022e_4p,k2,e124,115.57207265263797,115.57207265263797,0
synthetic_scale_500u_1022e_4p,k2,e125,0.0,0.0,0
synthetic_scale_500u_1022e_4p,k2,e126,113.2606311995852,113.2606311995852,0
synthetic_scale_500u_1022e_4p,k2,e127,116.66057510051084,116.66057510051084,0
synthetic_scale_500u_1022e_4p,k2,e128,147.4725667026494,147.4725667026494,0
synthetic_scale_500u_1022e_4p,k2,e129,118.99803653239722,118.99803653239722,0
synthetic_scale_500u_1022e_4p,k2,e130,100.29834507730622,100.29834507730622,0
synthetic_scale_500u_1022e_4p,k2,e131,131.5353296670605,131.5353296670605,0
synthetic_scale_500u_1022e_4p,k2,e132,105.18576443488682,105.18576443488682,0
synthetic_scale_500u_1022e_4p,k2,e133,148.74754566549652,148.74754566549652,0
synthetic_scale_500u_1022e_4p,k2,e134,120.69800848286003,120.69800848286003,0
synthetic_scale_500u_1022e_4p,k2,e135,101.14833105253763,101.14833105253763,0
synthetic_scale_500u_1022e_4p,k2,e136,116.23558211289513,116.23558211289513,0
synthetic_scale_500u_1022e_4p,k2,e137,129.83535771659768,129.83535771659768,0
synthetic_scale_500u_1022e_4p,k2,e138,118.36054705097366,118.36054705097366,0
synthetic_scale_500u_1022e_4p,k2,e139,122.39798043332286,122.39798043332286,0
synthetic_scale_500u_1022e_4p,k2,e140,112.19814873054595,112.19814873054595,0
synthetic_scale_500u_1022e_4p,k2,e141,134.93527356798612,134.93527356798612,0
synthetic_scale_500u_1022e_4p,k2,e142,117.51056107574225,117.51056107574225,0
synthetic_scale_500u_1022e_4p,k2,e143,152.57248255403786,152.57248255403786,0
synthetic_scale_500u_1022e_4p,k2,e144,113.04813470577736,113.04813470577736,0
synthetic_scale_500u_1022e_4p,k2,e145,116.87307159431869,116.87307159431869,0
synthetic_scale_500u_1022e_4p,k2,e146,97.748387151612,97.748387151612,0
synthetic_scale_500u_1022e_4p,k2,e147,120.48551198905218,120.48551198905218,0
synthetic_scale_500u_1022e_4p,k2,e148,110.28568028627528,110.28568028627528,0
synthetic_scale_500u_1022e_4p,k2,e149,133.02280512371547,133.02280512371547,0
synthetic_scale_500u_1022e_4p,k2,e150,118.57304354478151,118.57304354478151,0
synthetic_scale_500u_1022e_4p,k2,e151,138.33521746891176,138.33521746891176,0
synthetic_scale_500u_1022e_4p,k2,e152,120.91050497666788,120.91050497666788,0
synthetic_scale_500u_1022e_4p,k2,e153,96.26091169495703,96.26091169495703,0
synthetic_scale_500u_1022e_4p,k2,e154,127.4978962847113,127.4978962847113,0
synthetic_scale_500u_1022e_4p,k2,e155,117.2980645819344,117.2980645819344,0
synthetic_scale_500u_1022e_4p,k2,e156,110.07318379246742,110.07318379246742,0
synthetic_scale_500u_1022e_4p,k2,e157,113.2606311995852,113.2606311995852,0
synthetic_scale_500u_1022e_4p,k2,e158,120.75467421457684,120.75467421457684,0
synthetic_scale_500u_1022e_4p,k2,e159,147.4725667026494,147.4725667026494,0
synthetic_scale_500u_1022e_4p,k2,e160,121.97298744570715,121.97298744570715,0
synthetic_scale_500u_1022e_4p,k2,e161,100.29834507730622,100.29834507730622,0
synthetic_scale_500u_1022e_4p,k2,e162,114.11061717481661,114.11061717481661,0
synthetic_scale_500u_1022e_4p,k2,e163,105.18576443488682,105.18576443488682,0
synthetic_scale_500u_1022e_4p,k2,e164,130.89784018563694,130.89784018563694,0
synthetic_scale_500u_1022e_4p,k2,e165,110.07318379246742,110.07318379246742,0
synthetic_scale_500u_1022e_4p,k2,e166,122.82297342093855,122.82297342093855,0
synthetic_scale_500u_1022e_4p,k2,e167,127.28539979090345,127.28539979090345,0
synthetic_scale_500u_1022e_4p,k2,e168,117.08556808812655,117.08556808812655,0
synthetic_scale_500u_1022e_4p,k2,e169,109.86068729865957,109.86068729865957,0
synthetic_scale_500u_1022e_4p,k2,e170,122.39798043332286,122.39798043332286,0
synthetic_scale_500u_1022e_4p,k2,e171,115.17309964385588,115.17309964385588,0
synthetic_scale_500u_1022e_4p,k2,e172,145.56009825837873,145.56009825837873,0
synthetic_scale_500u_1022e_4p,k2,e173,108.16071534819676,108.16071534819676,0
synthetic_scale_500u_1022e_4p,k2,e174,140.24768591318244,140.24768591318244,0
synthetic_scale_500u_1022e_4p,k2,e175,113.04813470577736,113.04813470577736,0
synthetic_scale_500u_1022e_4p,k2,e176,116.87307159431869,116.87307159431869,0
synthetic_scale_500u_1022e_4p,k2,e177,89.24852739929791,89.24852739929791,0
synthetic_scale_500u_1022e_4p,k2,e178,120.48551198905218,120.48551198905218,0
synthetic_scale_500u_1022e_4p,k2,e179,113.2606311995852,113.2606311995852,0
synthetic_scale_500u_1022e_4p,k2,e180,133.02280512371547,133.02280512371547,0
synthetic_scale_500u_1022e_4p,k2,e181,118.57304354478151,118.57304354478151,0
synthetic_scale_500u_1022e_4p,k2,e182,149.38503514692007,149.38503514692007,0
synthetic_scale_500u_1022e_4p,k2,e183,111.13566626150669,111.13566626150669,0
synthetic_scale_500u_1022e_4p,k2,e184,114.96060315004803,114.96060315004803,0
synthetic_scale_500u_1022e_4p,k2,e185,136.79107628051662,136.79107628051662,0
synthetic_scale_500u_1022e_4p,k2,e186,117.2980645819344,117.2980645819344,0
synthetic_scale_500u_1022e_4p,k2,e187,107.0982328791575,107.0982328791575,0
synthetic_scale_500u_1022e_4p,k2,e188,113.2606311995852,113.2606311995852,0
synthetic_scale_500u_1022e_4p,k2,e189,116.66057510051084,116.66057510051084,0
synthetic_scale_500u_1022e_4p,k2,e190,147.4725667026494,147.4725667026494,0
synthetic_scale_500u_1022e_4p,k2,e191,131.74782616086836,131.74782616086836,0
synthetic_scale_500u_1022e_4p,k2,e192,111.77315574293024,111.77315574293024,0
synthetic_scale_500u_1022e_4p,k2,e193,114.11061717481661,114.11061717481661,0
synthetic_scale_500u_1022e_4p,k2,e194,105.18576443488682,105.18576443488682,0
synthetic_scale_500u_1022e_4p,k2,e195,148.74754566549652,148.74754566549652,0
synthetic_scale_500u_1022e_4p,k2,e196,120.69800848286003,120.69800848286003,0
synthetic_scale_500u_1022e_4p,k2,e197,113.47312769339305,113.47312769339305,0
synthetic_scale_500u_1022e_4p,k2,e198,127.28539979090345,127.28539979090345,0
synthetic_scale_500u_1022e_4p,k2,e199,100.08584858349838,100.08584858349838,0
synthetic_scale_500u_1022e_4p,k2,e200,98.38587663303555,98.38587663303555,0
synthetic_scale_500u_1022e_4p,k2,e201,122.39798043332286,122.39798043332286,0
synthetic_scale_500u_1022e_4p,k2,e202,112.19814873054595,112.19814873054595,0
synthetic_scale_500u_1022e_4p,k2,e203,117.08556808812655,117.08556808812655,0
synthetic_scale_500u_1022e_4p,k2,e204,117.51056107574225,117.51056107574225,0
synthetic_scale_500u_1022e_4p,k2,e205,152.57248255403786,152.57248255403786,0
synthetic_scale_500u_1022e_4p,k2,e206,113.04813470577736,113.04813470577736,0
synthetic_scale_500u_1022e_4p,k2,e207,116.87307159431869,116.87307159431869,0
synthetic_scale_500u_1022e_4p,k2,e208,77.7737167336739,77.7737167336739,0
synthetic_scale_500u_1022e_4p,k2,e209,110.28568028627528,110.28568028627528,0
synthetic_scale_500u_1022e_4p,k2,e210,122.185483939515,122.185483939515,0
synthetic_scale_500u_1022e_4p,k2,e211,125.79792433424848,125.79792433424848,0
synthetic_scale_500u_1022e_4p,k2,e212,106.24824690392609,106.24824690392609,0
synthetic_scale_500u_1022e_4p,k2,e213,149.38503514692007,149.38503514692007,0
synthetic_scale_500u_1022e_4p,k2,e214,111.13566626150669,111.13566626150669,0
synthetic_scale_500u_1022e_4p,k2,e215,114.96060315004803,114.96060315004803,0
synthetic_scale_500u_1022e_4p,k2,e216,127.4978962847113,127.4978962847113,0
synthetic_scale_500u_1022e_4p,k2,e217,117.2980645819344,117.2980645819344,0
synthetic_scale_500u_1022e_4p,k2,e218,107.0982328791575,107.0982328791575,0
synthetic_scale_500u_1022e_4p,k2,e219,113.2606311995852,113.2606311995852,0
synthetic_scale_500u_1022e_4p,k2,e220,113.68562418720092,113.68562418720092,0
synthetic_scale_500u_1022e_4p,k2,e221,129.19786823517413,129.19786823517413,0
synthetic_scale_500u_1022e_4p,k2,e222,131.74782616086836,131.74782616086836,0
synthetic_scale_500u_1022e_4p,k2,e223,108.79820482962032,108.79820482962032,0
synthetic_scale_500u_1022e_4p,k2,e224,114.11061717481661,114.11061717481661,0
synthetic_scale_500u_1022e_4p,k2,e225,105.18576443488682,105.18576443488682,0
synthetic_scale_500u_1022e_4p,k2,e226,136.8477420122568,136.8477420122568,0
synthetic_scale_500u_1022e_4p,k2,e227,110.07318379246742,110.07318379246742,0
synthetic_scale_500u_1022e_4p,k2,e228,101.14833105253763,101.14833105253763,0
synthetic_scale_500u_1022e_4p,k2,e229,127.28539979090345,127.28539979090345,0
synthetic_scale_500u_1022e_4p,k2,e230,129.83535771659768,129.83535771659768,0
synthetic_scale_500u_1022e_4p,k2,e231,98.38587663303555,98.38587663303555,0
synthetic_scale_500u_1022e_4p,k2,e232,122.39798043332286,122.39798043332286,0
synthetic_scale_500u_1022e_4p,k2,e233,96.04841520114918,96.04841520114918,0
synthetic_scale_500u_1022e_4p,k2,e234,127.71039277851915,127.71039277851915,0
synthetic_scale_500u_1022e_4p,k2,e235,117.51056107574225,117.51056107574225,0
synthetic_scale_500u_1022e_4p,k2,e236,152.57248255403786,152.57248255403786,0
synthetic_scale_500u_1022e_4p,k2,e237,124.09795238378567,124.09795238378567,0
synthetic_scale_500u_1022e_4p,k2,e238,113.89812068100876,113.89812068100876,0
synthetic_scale_500u_1022e_4p,k2,e239,77.7737167336739,77.7737167336739,0
synthetic_scale_500u_1022e_4p,k2,e240,120.48551198905218,120.48551198905218,0
synthetic_scale_500u_1022e_4p,k2,e241,101.36082754634549,101.36082754634549,0
synthetic_scale_500u_1022e_4p,k2,e242,143.64762981410806,143.64762981410806,0
synthetic_scale_500u_1022e_4p,k2,e243,106.24824690392609,106.24824690392609,0
synthetic_scale_500u_1022e_4p,k2,e244,149.38503514692007,149.38503514692007,0
synthetic_scale_500u_1022e_4p,k2,e245,111.13566626150669,111.13566626150669,0
synthetic_scale_500u_1022e_4p,k2,e246,114.96060315004803,114.96060315004803,0
synthetic_scale_500u_1022e_4p,k2,e247,144.92260877695517,144.92260877695517,0
synthetic_scale_500u_1022e_4p,k2,e248,117.2980645819344,117.2980645819344,0
synthetic_scale_500u_1022e_4p,k2,e249,92.22347831260784,92.22347831260784,0
synthetic_scale_500u_1022e_4p,k2,e250,113.2606311995852,113.2606311995852,0
synthetic_scale_500u_1022e_4p,k2,e251,0.0,0.0,0
synthetic_scale_500u_1022e_4p,k2,e252,0.0,0.0,0
synthetic_scale_500u_1022e_4p,k2,e253,0.0,0.0,0
synthetic_scale_500u_1022e_4p,k2,e254,66.63890045814244,66.63890045814244,0
synthetic_scale_500u_1022e_4p,k2,e255,44.35651811745106,44.35651811745106,0
synthetic_scale_500u_1022e_4p,k2,e256,61.640982923781756,61.640982923781756,0
synthetic_scale_500u_1022e_4p,k2,e257,52.68638067471887,52.68638067471887,0
synthetic_scale_500u_1022e_4p,k2,e258,96.83465222823824,96.83465222823824,0
synthetic_scale_500u_1022e_4p,k2,e259,47.68846314035818,47.68846314035818,0
synthetic_scale_500u_1022e_4p,k2,e260,73.92753019575177,73.92753019575177,0
synthetic_scale_500u_1022e_4p,k2,e261,42.6905456059975,42.6905456059975,0
synthetic_scale_500u_1022e_4p,k2,e262,68.92961266139109,68.92961266139109,0
synthetic_scale_500u_1022e_4p,k2,e263,29.362765514369013,29.362765514369013,0
synthetic_scale_500u_1022e_4p,k2,e264,63.9316951270304,63.9316951270304,0
synthetic_scale_500u_1022e_4p,k2,e265,64.97292794668888,64.97292794668888,0
synthetic_scale_500u_1022e_4p,k2,e266,43.10703873386089,43.10703873386089,0
synthetic_scale_500u_1022e_4p,k2,e267,59.975010412328196,59.975010412328196,0
synthetic_scale_500u_1022e_4p,k2,e268,51.02040816326531,51.02040816326531,0
synthetic_scale_500u_1022e_4p,k2,e269,94.75218658892128,94.75218658892128,0
synthetic_scale_500u_1022e_4p,k2,e270,46.02249062890462,46.02249062890462,0
synthetic_scale_500u_1022e_4p,k2,e271,72.26155768429821,72.26155768429821,0
synthetic_scale_500u_1022e_4p,k2,e272,31.861724281549353,31.861724281549353,0
synthetic_scale_500u_1022e_4p,k2,e273,67.26364014993753,67.26364014993753,0
synthetic_scale_500u_1022e_4p,k2,e274,68.304872969596,68.304872969596,0
synthetic_scale_500u_1022e_4p,k2,e275,45.60599750104123,45.60599750104123,0
synthetic_scale_500u_1022e_4p,k2,e276,72.8862973760933,72.8862973760933,0
synthetic_scale_500u_1022e_4p,k2,e277,54.35235318617243,54.35235318617243,0
synthetic_scale_500u_1022e_4p,k2,e278,66.63890045814244,66.63890045814244,0
synthetic_scale_500u_1022e_4p,k2,e279,49.35443565181175,49.35443565181175,0
synthetic_scale_500u_1022e_4p,k2,e280,75.59350270720533,75.59350270720533,0
synthetic_scale_500u_1022e_4p,k2,e281,44.35651811745106,44.35651811745106,0
synthetic_scale_500u_1022e_4p,k2,e282,70.59558517284465,70.59558517284465,0
synthetic_scale_500u_1022e_4p,k2,e283,39.35860058309038,39.35860058309038,0
synthetic_scale_500u_1022e_4p,k2,e284,65.59766763848397,65.59766763848397,0
synthetic_scale_500u_1022e_4p,k2,e285,66.63890045814244,66.63890045814244,0
synthetic_scale_500u_1022e_4p,k2,e286,44.35651811745106,44.35651811745106,0
synthetic_scale_500u_1022e_4p,k2,e287,70.80383173677635,70.80383173677635,0
synthetic_scale_500u_1022e_4p,k2,e288,52.68638067471887,52.68638067471887,0
synthetic_scale_500u_1022e_4p,k2,e289,96.83465222823824,96.83465222823824,0
synthetic_scale_500u_1022e_4p,k2,e290,36.85964181591004,36.85964181591004,0
synthetic_scale_500u_1022e_4p,k2,e291,73.92753019575177,73.92753019575177,0
synthetic_scale_500u_1022e_4p,k2,e292,45.60599750104123,45.60599750104123,0
synthetic_scale_500u_1022e_4p,k2,e293,68.92961266139109,68.92961266139109,0
synthetic_scale_500u_1022e_4p,k2,e294,48.93794252394836,48.93794252394836,0
synthetic_scale_500u_1022e_4p,k2,e295,46.8554768846314,46.8554768846314,0
synthetic_scale_500u_1022e_4p,k2,e296,74.96876301541025,74.96876301541025,0
synthetic_scale_500u_1022e_4p,k2,e297,43.10703873386089,43.10703873386089,0
synthetic_scale_500u_1022e_4p,k2,e298,68.7213660974594,68.7213660974594,0
synthetic_scale_500u_1022e_4p,k2,e299,39.35860058309038,39.35860058309038,0
synthetic_scale_500u_1022e_4p,k2,e300,94.75218658892128,94.75218658892128,0
synthetic_scale_500u_1022e_4p,k2,e301,35.61016243231987,35.61016243231987,0
synthetic_scale_500u_1022e_4p,k2,e302,72.26155768429821,72.26155768429821,0
synthetic_scale_500u_1022e_4p,k2,e303,43.94002498958767,43.94002498958767,0
synthetic_scale_500u_1022e_4p,k2,e304,67.26364014993753,67.26364014993753,0
synthetic_scale_500u_1022e_4p,k2,e305,68.304872969596,68.304872969596,0
synthetic_scale_500u_1022e_4p,k2,e306,45.60599750104123,45.60599750104123,0
synthetic_scale_500u_1022e_4p,k2,e307,72.8862973760933,72.8862973760933,0
synthetic_scale_500u_1022e_4p,k2,e308,54.35235318617243,54.35235318617243,0
synthetic_scale_500u_1022e_4p,k2,e309,39.983340274885464,39.983340274885464,0
synthetic_scale_500u_1022e_4p,k2,e310,49.35443565181175,49.35443565181175,0
synthetic_scale_500u_1022e_4p,k2,e311,75.59350270720533,75.59350270720533,0
synthetic_scale_500u_1022e_4p,k2,e312,44.35651811745106,44.35651811745106,0
synthetic_scale_500u_1022e_4p,k2,e313,70.59558517284465,70.59558517284465,0
synthetic_scale_500u_1022e_4p,k2,e314,42.27405247813411,42.27405247813411,0
synthetic_scale_500u_1022e_4p,k2,e315,65.59766763848397,65.59766763848397,0
synthetic_scale_500u_1022e_4p,k2,e316,66.63890045814244,66.63890045814244,0
synthetic_scale_500u_1022e_4p,k2,e317,44.35651811745106,44.35651811745106,0
synthetic_scale_500u_1022e_4p,k2,e318,65.65320005556643,65.65320005556643,0
synthetic_scale_500u_1022e_4p,k2,e319,52.68638067471887,52.68638067471887,0
synthetic_scale_500u_1022e_4p,k2,e320,96.83465222823824,96.83465222823824,0
synthetic_scale_500u_1022e_4p,k2,e321,47.68846314035818,47.68846314035818,0
synthetic_scale_500u_1022e_4p,k2,e322,73.92753019575177,73.92753019575177,0
synthetic_scale_500u_1022e_4p,k2,e323,45.60599750104123,45.60599750104123,0
synthetic_scale_500u_1022e_4p,k2,e324,68.92961266139109,68.92961266139109,0
synthetic_scale_500u_1022e_4p,k2,e325,29.362765514369013,29.362765514369013,0
synthetic_scale_500u_1022e_4p,k2,e326,46.8554768846314,46.8554768846314,0
synthetic_scale_500u_1022e_4p,k2,e327,64.97292794668888,64.97292794668888,0
synthetic_scale_500u_1022e_4p,k2,e328,43.10703873386089,43.10703873386089,0
synthetic_scale_500u_1022e_4p,k2,e329,59.975010412328196,59.975010412328196,0
synthetic_scale_500u_1022e_4p,k2,e330,51.02040816326531,51.02040816326531,0
synthetic_scale_500u_1022e_4p,k2,e331,77.25947521865889,77.25947521865889,0
synthetic_scale_500u_1022e_4p,k2,e332,35.61016243231987,35.61016243231987,0
synthetic_scale_500u_1022e_4p,k2,e333,72.26155768429821,72.26155768429821,0
synthetic_scale_500u_1022e_4p,k2,e334,53.10287380258226,53.10287380258226,0
synthetic_scale_500u_1022e_4p,k2,e335,67.26364014993753,67.26364014993753,0
synthetic_scale_500u_1022e_4p,k2,e336,79.13369429404415,79.13369429404415,0
synthetic_scale_500u_1022e_4p,k2,e337,45.60599750104123,45.60599750104123,0
synthetic_scale_500u_1022e_4p,k2,e338,72.8862973760933,72.8862973760933,0
synthetic_scale_500u_1022e_4p,k2,e339,41.85755935027072,41.85755935027072,0
synthetic_scale_500u_1022e_4p,k2,e340,58.309037900874635,58.309037900874635,0
synthetic_scale_500u_1022e_4p,k2,e341,49.35443565181175,49.35443565181175,0
synthetic_scale_500u_1022e_4p,k2,e342,75.59350270720533,75.59350270720533,0
synthetic_scale_500u_1022e_4p,k2,e343,44.35651811745106,44.35651811745106,0
synthetic_scale_500u_1022e_4p,k2,e344,70.59558517284465,70.59558517284465,0
synthetic_scale_500u_1022e_4p,k2,e345,42.27405247813411,42.27405247813411,0
synthetic_scale_500u_1022e_4p,k2,e346,65.59766763848397,65.59766763848397,0
synthetic_scale_500u_1022e_4p,k2,e347,77.0512286547272,77.0512286547272,0
synthetic_scale_500u_1022e_4p,k2,e348,44.35651811745106,44.35651811745106,0
synthetic_scale_500u_1022e_4p,k2,e349,61.640982923781756,61.640982923781756,0
synthetic_scale_500u_1022e_4p,k2,e350,40.60807996668055,40.60807996668055,0
synthetic_scale_500u_1022e_4p,k2,e351,96.83465222823824,96.83465222823824,0
synthetic_scale_500u_1022e_4p,k2,e352,36.85964181591004,36.85964181591004,0
synthetic_scale_500u_1022e_4p,k2,e353,73.92753019575177,73.92753019575177,0
synthetic_scale_500u_1022e_4p,k2,e354,45.60599750104123,45.60599750104123,0
synthetic_scale_500u_1022e_4p,k2,e355,68.92961266139109,68.92961266139109,0
synthetic_scale_500u_1022e_4p,k2,e356,40.60807996668055,40.60807996668055,0
synthetic_scale_500u_1022e_4p,k2,e357,46.8554768846314,46.8554768846314,0
synthetic_scale_500u_1022e_4p,k2,e358,74.96876301541025,74.96876301541025,0
synthetic_scale_500u_1022e_4p,k2,e359,43.10703873386089,43.10703873386089,0
synthetic_scale_500u_1022e_4p,k2,e360,59.975010412328196,59.975010412328196,0
synthetic_scale_500u_1022e_4p,k2,e361,51.02040816326531,51.02040816326531,0
synthetic_scale_500u_1022e_4p,k2,e362,94.75218658892128,94.75218658892128,0
synthetic_scale_500u_1022e_4p,k2,e363,35.61016243231987,35.61016243231987,0
synthetic_scale_500u_1022e_4p,k2,e364,72.26155768429821,72.26155768429821,0
synthetic_scale_500u_1022e_4p,k2,e365,43.94002498958767,43.94002498958767,0
synthetic_scale_500u_1022e_4p,k2,e366,67.26364014993753,67.26364014993753,0
synthetic_scale_500u_1022e_4p,k2,e367,79.13369429404415,79.13369429404415,0
synthetic_scale_500u_1022e_4p,k2,e368,45.60599750104123,45.60599750104123,0
synthetic_scale_500u_1022e_4p,k2,e369,63.30695543523532,63.30695543523532,0
synthetic_scale_500u_1022e_4p,k2,e370,54.35235318617243,54.35235318617243,0
synthetic_scale_500u_1022e_4p,k2,e371,58.309037900874635,58.309037900874635,0
synthetic_scale_500u_1022e_4p,k2,e372,49.35443565181175,49.35443565181175,0
synthetic_scale_500u_1022e_4p,k2,e373,84.70081910309455,84.70081910309455,0
synthetic_scale_500u_1022e_4p,k2,e374,44.35651811745106,44.35651811745106,0
synthetic_scale_500u_1022e_4p,k2,e375,70.59558517284465,70.59558517284465,0
synthetic_scale_500u_1022e_4p,k2,e376,39.35860058309038,39.35860058309038,0
synthetic_scale_500u_1022e_4p,k2,e377,65.59766763848397,65.59766763848397,0
synthetic_scale_500u_1022e_4p,k2,e378,66.63890045814244,66.63890045814244,0
synthetic_scale_500u_1022e_4p,k2,e379,44.35651811745106,44.35651811745106,0
synthetic_scale_500u_1022e_4p,k2,e380,61.640982923781756,61.640982923781756,0
synthetic_scale_500u_1022e_4p,k2,e381,52.68638067471887,52.68638067471887,0
synthetic_scale_500u_1022e_4p,k2,e382,96.83465222823824,96.83465222823824,0
synthetic_scale_500u_1022e_4p,k2,e383,47.68846314035818,47.68846314035818,0
synthetic_scale_500u_1022e_4p,k2,e384,73.92753019575177,73.92753019575177,0
synthetic_scale_500u_1022e_4p,k2,e385,55.18533944189921,55.18533944189921,0
synthetic_scale_500u_1022e_4p,k2,e386,68.92961266139109,68.92961266139109,0
synthetic_scale_500u_1022e_4p,k2,e387,40.60807996668055,40.60807996668055,0
synthetic_scale_500u_1022e_4p,k2,e388,46.8554768846314,46.8554768846314,0
synthetic_scale_500u_1022e_4p,k2,e389,64.97292794668888,64.97292794668888,0
synthetic_scale_500u_1022e_4p,k2,e390,43.10703873386089,43.10703873386089,0
synthetic_scale_500u_1022e_4p,k2,e391,59.975010412328196,59.975010412328196,0
synthetic_scale_500u_1022e_4p,k2,e392,51.02040816326531,51.02040816326531,0
synthetic_scale_500u_1022e_4p,k2,e393,94.75218658892128,94.75218658892128,0
synthetic_scale_500u_1022e_4p,k2,e394,46.02249062890462,46.02249062890462,0
synthetic_scale_500u_1022e_4p,k2,e395,72.26155768429821,72.26155768429821,0
synthetic_scale_500u_1022e_4p,k2,e396,43.94002498958767,43.94002498958767,0
synthetic_scale_500u_1022e_4p,k2,e397,67.26364014993753,67.26364014993753,0
synthetic_scale_500u_1022e_4p,k2,e398,79.13369429404415,79.13369429404415,0
synthetic_scale_500u_1022e_4p,k2,e399,45.60599750104123,45.60599750104123,0
synthetic_scale_500u_1022e_4p,k2,e400,43.731778425655975,43.731778425655975,0
synthetic_scale_500u_1022e_4p,k2,e401,54.35235318617243,54.35235318617243,0
synthetic_scale_500u_1022e_4p,k2,e402,58.309037900874635,58.309037900874635,0
synthetic_scale_500u_1022e_4p,k2,e403,38.10912119950021,38.10912119950021,0
synthetic_scale_500u_1022e_4p,k2,e404,75.59350270720533,75.59350270720533,0
synthetic_scale_500u_1022e_4p,k2,e405,44.35651811745106,44.35651811745106,0
synthetic_scale_500u_1022e_4p,k2,e406,70.59558517284465,70.59558517284465,0
synthetic_scale_500u_1022e_4p,k2,e407,39.35860058309038,39.35860058309038,0
synthetic_scale_500u_1022e_4p,k2,e408,48.10495626822158,48.10495626822158,0
synthetic_scale_500u_1022e_4p,k2,e409,66.63890045814244,66.63890045814244,0
synthetic_scale_500u_1022e_4p,k2,e410,44.35651811745106,44.35651811745106,0
synthetic_scale_500u_1022e_4p,k2,e411,70.80383173677635,70.80383173677635,0
synthetic_scale_500u_1022e_4p,k2,e412,52.68638067471887,52.68638067471887,0
synthetic_scale_500u_1022e_4p,k2,e413,96.83465222823824,96.83465222823824,0
synthetic_scale_500u_1022e_4p,k2,e414,36.85964181591004,36.85964181591004,0
synthetic_scale_500u_1022e_4p,k2,e415,73.92753019575177,73.92753019575177,0
synthetic_scale_500u_1022e_4p,k2,e416,45.60599750104123,45.60599750104123,0
synthetic_scale_500u_1022e_4p,k2,e417,68.92961266139109,68.92961266139109,0
synthetic_scale_500u_1022e_4p,k2,e418,29.362765514369013,29.362765514369013,0
synthetic_scale_500u_1022e_4p,k2,e419,46.8554768846314,46.8554768846314,0
synthetic_scale_500u_1022e_4p,k2,e420,64.97292794668888,64.97292794668888,0
synthetic_scale_500u_1022e_4p,k2,e421,43.10703873386089,43.10703873386089,0
synthetic_scale_500u_1022e_4p,k2,e422,68.7213660974594,68.7213660974594,0
synthetic_scale_500u_1022e_4p,k2,e423,51.02040816326531,51.02040816326531,0
synthetic_scale_500u_1022e_4p,k2,e424,77.25947521865889,77.25947521865889,0
synthetic_scale_500u_1022e_4p,k2,e425,46.02249062890462,46.02249062890462,0
synthetic_scale_500u_1022e_4p,k2,e426,72.26155768429821,72.26155768429821,0
synthetic_scale_500u_1022e_4p,k2,e427,31.861724281549353,31.861724281549353,0
synthetic_scale_500u_1022e_4p,k2,e428,67.26364014993753,67.26364014993753,0
synthetic_scale_500u_1022e_4p,k2,e429,79.13369429404415,79.13369429404415,0
synthetic_scale_500u_1022e_4p,k2,e430,45.60599750104123,45.60599750104123,0
synthetic_scale_500u_1022e_4p,k2,e431,63.30695543523532,63.30695543523532,0
synthetic_scale_500u_1022e_4p,k2,e432,54.35235318617243,54.35235318617243,0
synthetic_scale_500u_1022e_4p,k2,e433,58.309037900874635,58.309037900874635,0
synthetic_scale_500u_1022e_4p,k2,e434,49.35443565181175,49.35443565181175,0
synthetic_scale_500u_1022e_4p,k2,e435,75.59350270720533,75.59350270720533,0
synthetic_scale_500u_1022e_4p,k2,e436,44.35651811745106,44.35651811745106,0
synthetic_scale_500u_1022e_4p,k2,e437,70.59558517284465,70.59558517284465,0
synthetic_scale_500u_1022e_4p,k2,e438,39.35860058309038,39.35860058309038,0
synthetic_scale_500u_1022e_4p,k2,e439,65.59766763848397,65.59766763848397,0
synthetic_scale_500u_1022e_4p,k2,e440,66.63890045814244,66.63890045814244,0
synthetic_scale_500u_1022e_4p,k2,e441,44.35651811745106,44.35651811745106,0
synthetic_scale_500u_1022e_4p,k2,e442,70.80383173677635,70.80383173677635,0
synthetic_scale_500u_1022e_4p,k2,e443,40.60807996668055,40.60807996668055,0
synthetic_scale_500u_1022e_4p,k2,e444,78.92544773011245,78.92544773011245,0
synthetic_scale_500u_1022e_4p,k2,e445,47.68846314035818,47.68846314035818,0
synthetic_scale_500u_1022e_4p,k2,e446,73.92753019575177,73.92753019575177,0
synthetic_scale_500u_1022e_4p,k2,e447,55.18533944189921,55.18533944189921,0
synthetic_scale_500u_1022e_4p,k2,e448,68.92961266139109,68.92961266139109,0
synthetic_scale_500u_1022e_4p,k2,e449,37.69262807163682,37.69262807163682,0
synthetic_scale_500u_1022e_4p,k2,e450,46.8554768846314,46.8554768846314,0
synthetic_scale_500u_1022e_4p,k2,e451,64.97292794668888,64.97292794668888,0
synthetic_scale_500u_1022e_4p,k2,e452,43.10703873386089,43.10703873386089,0
synthetic_scale_500u_1022e_4p,k2,e453,59.975010412328196,59.975010412328196,0
synthetic_scale_500u_1022e_4p,k2,e454,39.35860058309038,39.35860058309038,0
synthetic_scale_500u_1022e_4p,k2,e455,94.75218658892128,94.75218658892128,0
synthetic_scale_500u_1022e_4p,k2,e456,35.61016243231987,35.61016243231987,0
synthetic_scale_500u_1022e_4p,k2,e457,72.26155768429821,72.26155768429821,0
synthetic_scale_500u_1022e_4p,k2,e458,31.861724281549353,31.861724281549353,0
synthetic_scale_500u_1022e_4p,k2,e459,67.26364014993753,67.26364014993753,0
synthetic_scale_500u_1022e_4p,k2,e460,79.13369429404415,79.13369429404415,0
synthetic_scale_500u_1022e_4p,k2,e461,45.60599750104123,45.60599750104123,0
synthetic_scale_500u_1022e_4p,k2,e462,72.8862973760933,72.8862973760933,0
synthetic_scale_500u_1022e_4p,k2,e463,54.35235318617243,54.35235318617243,0
synthetic_scale_500u_1022e_4p,k2,e464,58.309037900874635,58.309037900874635,0
synthetic_scale_500u_1022e_4p,k2,e465,38.10912119950021,38.10912119950021,0
synthetic_scale_500u_1022e_4p,k2,e466,75.59350270720533,75.59350270720533,0
synthetic_scale_500u_1022e_4p,k2,e467,44.35651811745106,44.35651811745106,0
synthetic_scale_500u_1022e_4p,k2,e468,51.85339441899209,51.85339441899209,0
synthetic_scale_500u_1022e_4p,k2,e469,42.27405247813411,42.27405247813411,0
synthetic_scale_500u_1022e_4p,k2,e470,48.10495626822158,48.10495626822158,0
synthetic_scale_500u_1022e_4p,k2,e471,77.0512286547272,77.0512286547272,0
synthetic_scale_500u_1022e_4p,k2,e472,44.35651811745106,44.35651811745106,0
synthetic_scale_500u_1022e_4p,k2,e473,70.80383173677635,70.80383173677635,0
synthetic_scale_500u_1022e_4p,k2,e474,52.68638067471887,52.68638067471887,0
synthetic_scale_500u_1022e_4p,k2,e475,96.83465222823824,96.83465222823824,0
synthetic_scale_500u_1022e_4p,k2,e476,47.68846314035818,47.68846314035818,0
synthetic_scale_500u_1022e_4p,k2,e477,73.92753019575177,73.92753019575177,0
synthetic_scale_500u_1022e_4p,k2,e478,42.6905456059975,42.6905456059975,0
synthetic_scale_500u_1022e_4p,k2,e479,68.92961266139109,68.92961266139109,0
synthetic_scale_500u_1022e_4p,k2,e480,29.362765514369013,29.362765514369013,0
synthetic_scale_500u_1022e_4p,k2,e481,46.8554768846314,46.8554768846314,0
synthetic_scale_500u_1022e_4p,k2,e482,74.96876301541025,74.96876301541025,0
synthetic_scale_500u_1022e_4p,k2,e483,43.10703873386089,43.10703873386089,0
synthetic_scale_500u_1022e_4p,k2,e484,59.975010412328196,59.975010412328196,0
synthetic_scale_500u_1022e_4p,k2,e485,39.35860058309038,39.35860058309038,0
synthetic_scale_500u_1022e_4p,k2,e486,94.75218658892128,94.75218658892128,0
synthetic_scale_500u_1022e_4p,k2,e487,46.02249062890462,46.02249062890462,0
synthetic_scale_500u_1022e_4p,k2,e488,72.26155768429821,72.26155768429821,0
synthetic_scale_500u_1022e_4p,k2,e489,31.861724281549353,31.861724281549353,0
synthetic_scale_500u_1022e_4p,k2,e490,67.26364014993753,67.26364014993753,0
synthetic_scale_500u_1022e_4p,k2,e491,79.13369429404415,79.13369429404415,0
synthetic_scale_500u_1022e_4p,k2,e492,45.60599750104123,45.60599750104123,0
synthetic_scale_500u_1022e_4p,k2,e493,63.30695543523532,63.30695543523532,0
synthetic_scale_500u_1022e_4p,k2,e494,54.35235318617243,54.35235318617243,0
synthetic_scale_500u_1022e_4p,k2,e495,58.309037900874635,58.309037900874635,0
synthetic_scale_500u_1022e_4p,k2,e496,49.35443565181175,49.35443565181175,0
synthetic_scale_500u_1022e_4p,k2,e497,92.66972094960433,92.66972094960433,0
synthetic_scale_500u_1022e_4p,k2,e498,44.35651811745106,44.35651811745106,0
synthetic_scale_500u_1022e_4p,k2,e499,70.59558517284465,70.59558517284465,0
synthetic_scale_500u_1022e_4p,k2,e500,42.27405247813411,42.27405247813411,0
synthetic_scale_500u_1022e_4p,k2,e501,48.10495626822158,48.10495626822158,0
synthetic_scale_500u_1022e_4p,k2,e502,66.63890045814244,66.63890045814244,0
synthetic_scale_500u_1022e_4p,k2,e503,44.35651811745106,44.35651811745106,0
synthetic_scale_500u_1022e_4p,k2,e504,0.0,0.0,0
synthetic_scale_500u_1022e_4p,k2,e505,0.0,0.0,0
synthetic_scale_500u_1022e_4p,k2,e506,0.0,0.0,0
synthetic_scale_500u_1022e_4p,k2,e507,0.0,0.0,0
synthetic_scale_500u_1022e_4p,k2,e508,0.0,0.0,0
synthetic_scale_500u_1022e_4p,k2,e509,0.0,0.0,0
synthetic_scale_500u_1022e_4p,k2,e510,50.0,50.0,0
synthetic_scale_500u_1022e_4p,k2,e511,15.306122448979592,15.306122448979592,0
synthetic_scale_500u_1022e_4p,k2,e512,19.591836734693878,19.591836734693878,0
synthetic_scale_500u_1022e_4p,k2,e513,23.877551020408163,23.877551020408163,0
synthetic_scale_500u_1022e_4p,k2,e514,46.93877551020408,46.93877551020408,0
synthetic_scale_500u_1022e_4p,k2,e515,13.46938775510204,13.46938775510204,0
synthetic_scale_500u_1022e_4p,k2,e516,29.591836734693878,29.591836734693878,0
synthetic_scale_500u_1022e_4p,k2,e517,22.040816326530614,22.040816326530614,0
synthetic_scale_500u_1022e_4p,k2,e518,43.87755102040816,43.87755102040816,0
synthetic_scale_500u_1022e_4p,k2,e519,51.02040816326531,51.02040816326531,0
synthetic_scale_500u_1022e_4p,k2,e520,26.53061224489796,26.53061224489796,0
synthetic_scale_500u_1022e_4p,k2,e521,20.20408163265306,20.20408163265306,0
synthetic_scale_500u_1022e_4p,k2,e522,24.489795918367346,24.489795918367346,0
synthetic_scale_500u_1022e_4p,k2,e523,47.95918367346939,47.95918367346939,0
synthetic_scale_500u_1022e_4p,k2,e524,23.46938775510204,23.46938775510204,0
synthetic_scale_500u_1022e_4p,k2,e525,18.367346938775512,18.367346938775512,0
synthetic_scale_500u_1022e_4p,k2,e526,22.653061224489797,22.653061224489797,0
synthetic_scale_500u_1022e_4p,k2,e527,44.89795918367347,44.89795918367347,0
synthetic_scale_500u_1022e_4p,k2,e528,12.244897959183673,12.244897959183673,0
synthetic_scale_500u_1022e_4p,k2,e529,16.53061224489796,16.53061224489796,0
synthetic_scale_500u_1022e_4p,k2,e530,20.816326530612244,20.816326530612244,0
synthetic_scale_500u_1022e_4p,k2,e531,41.83673469387755,41.83673469387755,0
synthetic_scale_500u_1022e_4p,k2,e532,48.97959183673469,48.97959183673469,0
synthetic_scale_500u_1022e_4p,k2,e533,14.693877551020408,14.693877551020408,0
synthetic_scale_500u_1022e_4p,k2,e534,18.979591836734695,18.979591836734695,0
synthetic_scale_500u_1022e_4p,k2,e535,23.26530612244898,23.26530612244898,0
synthetic_scale_500u_1022e_4p,k2,e536,45.91836734693877,45.91836734693877,0
synthetic_scale_500u_1022e_4p,k2,e537,12.857142857142858,12.857142857142858,0
synthetic_scale_500u_1022e_4p,k2,e538,28.571428571428573,28.571428571428573,0
synthetic_scale_500u_1022e_4p,k2,e539,21.428571428571427,21.428571428571427,0
synthetic_scale_500u_1022e_4p,k2,e540,42.857142857142854,42.857142857142854,0
synthetic_scale_500u_1022e_4p,k2,e541,50.0,50.0,0
synthetic_scale_500u_1022e_4p,k2,e542,25.510204081632654,25.510204081632654,0
synthetic_scale_500u_1022e_4p,k2,e543,19.591836734693878,19.591836734693878,0
synthetic_scale_500u_1022e_4p,k2,e544,23.877551020408163,23.877551020408163,0
synthetic_scale_500u_1022e_4p,k2,e545,46.93877551020408,46.93877551020408,0
synthetic_scale_500u_1022e_4p,k2,e546,13.46938775510204,13.46938775510204,0
synthetic_scale_500u_1022e_4p,k2,e547,17.755102040816325,17.755102040816325,0
synthetic_scale_500u_1022e_4p,k2,e548,22.040816326530614,22.040816326530614,0
synthetic_scale_500u_1022e_4p,k2,e549,43.87755102040816,43.87755102040816,0
synthetic_scale_500u_1022e_4p,k2,e550,51.02040816326531,51.02040816326531,0
synthetic_scale_500u_1022e_4p,k2,e551,15.918367346938776,15.918367346938776,0
synthetic_scale_500u_1022e_4p,k2,e552,20.20408163265306,20.20408163265306,0
synthetic_scale_500u_1022e_4p,k2,e553,24.489795918367346,24.489795918367346,0
synthetic_scale_500u_1022e_4p,k2,e554,47.95918367346939,47.95918367346939,0
synthetic_scale_500u_1022e_4p,k2,e555,23.46938775510204,23.46938775510204,0
synthetic_scale_500u_1022e_4p,k2,e556,30.612244897959183,30.612244897959183,0
synthetic_scale_500u_1022e_4p,k2,e557,22.653061224489797,22.653061224489797,0
synthetic_scale_500u_1022e_4p,k2,e558,44.89795918367347,44.89795918367347,0
synthetic_scale_500u_1022e_4p,k2,e559,20.408163265306122,20.408163265306122,0
synthetic_scale_500u_1022e_4p,k2,e560,27.551020408163264,27.551020408163264,0
synthetic_scale_500u_1022e_4p,k2,e561,20.816326530612244,20.816326530612244,0
synthetic_scale_500u_1022e_4p,k2,e562,25.102040816326532,25.102040816326532,0
synthetic_scale_500u_1022e_4p,k2,e563,48.97959183673469,48.97959183673469,0
synthetic_scale_500u_1022e_4p,k2,e564,24.489795918367346,24.489795918367346,0
synthetic_scale_500u_1022e_4p,k2,e565,18.979591836734695,18.979591836734695,0
synthetic_scale_500u_1022e_4p,k2,e566,23.26530612244898,23.26530612244898,0
synthetic_scale_500u_1022e_4p,k2,e567,45.91836734693877,45.91836734693877,0
synthetic_scale_500u_1022e_4p,k2,e568,21.428571428571427,21.428571428571427,0
synthetic_scale_500u_1022e_4p,k2,e569,17.142857142857142,17.142857142857142,0
synthetic_scale_500u_1022e_4p,k2,e570,21.428571428571427,21.428571428571427,0
synthetic_scale_500u_1022e_4p,k2,e571,42.857142857142854,42.857142857142854,0
synthetic_scale_500u_1022e_4p,k2,e572,50.0,50.0,0
synthetic_scale_500u_1022e_4p,k2,e573,15.306122448979592,15.306122448979592,0
synthetic_scale_500u_1022e_4p,k2,e574,19.591836734693878,19.591836734693878,0
synthetic_scale_500u_1022e_4p,k2,e575,23.877551020408163,23.877551020408163,0
synthetic_scale_500u_1022e_4p,k2,e576,46.93877551020408,46.93877551020408,0
synthetic_scale_500u_1022e_4p,k2,e577,22.448979591836736,22.448979591836736,0
synthetic_scale_500u_1022e_4p,k2,e578,29.591836734693878,29.591836734693878,0
synthetic_scale_500u_1022e_4p,k2,e579,22.040816326530614,22.040816326530614,0
synthetic_scale_500u_1022e_4p,k2,e580,43.87755102040816,43.87755102040816,0
synthetic_scale_500u_1022e_4p,k2,e581,51.02040816326531,51.02040816326531,0
synthetic_scale_500u_1022e_4p,k2,e582,15.918367346938776,15.918367346938776,0
synthetic_scale_500u_1022e_4p,k2,e583,20.20408163265306,20.20408163265306,0
synthetic_scale_500u_1022e_4p,k2,e584,24.489795918367346,24.489795918367346,0
synthetic_scale_500u_1022e_4p,k2,e585,47.95918367346939,47.95918367346939,0
synthetic_scale_500u_1022e_4p,k2,e586,14.081632653061224,14.081632653061224,0
synthetic_scale_500u_1022e_4p,k2,e587,30.612244897959183,30.612244897959183,0
synthetic_scale_500u_1022e_4p,k2,e588,22.653061224489797,22.653061224489797,0
synthetic_scale_500u_1022e_4p,k2,e589,44.89795918367347,44.89795918367347,0
synthetic_scale_500u_1022e_4p,k2,e590,20.408163265306122,20.408163265306122,0
synthetic_scale_500u_1022e_4p,k2,e591,27.551020408163264,27.551020408163264,0
synthetic_scale_500u_1022e_4p,k2,e592,20.816326530612244,20.816326530612244,0
synthetic_scale_500u_1022e_4p,k2,e593,25.102040816326532,25.102040816326532,0
synthetic_scale_500u_1022e_4p,k2,e594,48.97959183673469,48.97959183673469,0
synthetic_scale_500u_1022e_4p,k2,e595,24.489795918367346,24.489795918367346,0
synthetic_scale_500u_1022e_4p,k2,e596,18.979591836734695,18.979591836734695,0
synthetic_scale_500u_1022e_4p,k2,e597,23.26530612244898,23.26530612244898,0
synthetic_scale_500u_1022e_4p,k2,e598,45.91836734693877,45.91836734693877,0
synthetic_scale_500u_1022e_4p,k2,e599,21.428571428571427,21.428571428571427,0
synthetic_scale_500u_1022e_4p,k2,e600,17.142857142857142,17.142857142857142,0
synthetic_scale_500u_1022e_4p,k2,e601,21.428571428571427,21.428571428571427,0
synthetic_scale_500u_1022e_4p,k2,e602,42.857142857142854,42.857142857142854,0
synthetic_scale_500u_1022e_4p,k2,e603,50.0,50.0,0
synthetic_scale_500u_1022e_4p,k2,e604,15.306122448979592,15.306122448979592,0
synthetic_scale_500u_1022e_4p,k2,e605,19.591836734693878,19.591836734693878,0
synthetic_scale_500u_1022e_4p,k2,e606,23.877551020408163,23.877551020408163,0
synthetic_scale_500u_1022e_4p,k2,e607,46.93877551020408,46.93877551020408,0
synthetic_scale_500u_1022e_4p,k2,e608,13.46938775510204,13.46938775510204,0
synthetic_scale_500u_1022e_4p,k2,e609,29.591836734693878,29.591836734693878,0
synthetic_scale_500u_1022e_4p,k2,e610,22.040816326530614,22.040816326530614,0
synthetic_scale_500u_1022e_4p,k2,e611,43.87755102040816,43.87755102040816,0
synthetic_scale_500u_1022e_4p,k2,e612,51.02040816326531,51.02040816326531,0
synthetic_scale_500u_1022e_4p,k2,e613,15.918367346938776,15.918367346938776,0
synthetic_scale_500u_1022e_4p,k2,e614,20.20408163265306,20.20408163265306,0
synthetic_scale_500u_1022e_4p,k2,e615,24.489795918367346,24.489795918367346,0
synthetic_scale_500u_1022e_4p,k2,e616,47.95918367346939,47.95918367346939,0
synthetic_scale_500u_1022e_4p,k2,e617,23.46938775510204,23.46938775510204,0
synthetic_scale_500u_1022e_4p,k2,e618,30.612244897959183,30.612244897959183,0
synthetic_scale_500u_1022e_4p,k2,e619,22.653061224489797,22.653061224489797,0
synthetic_scale_500u_1022e_4p,k2,e620,26.93877551020408,26.93877551020408,0
synthetic_scale_500u_1022e_4p,k2,e621,12.244897959183673,12.244897959183673,0
synthetic_scale_500u_1022e_4p,k2,e622,27.551020408163264,27.551020408163264,0
synthetic_scale_500u_1022e_4p,k2,e623,20.816326530612244,20.816326530612244,0
synthetic_scale_500u_1022e_4p,k2,e624,25.102040816326532,25.102040816326532,0
synthetic_scale_500u_1022e_4p,k2,e625,48.97959183673469,48.97959183673469,0
synthetic_scale_500u_1022e_4p,k2,e626,24.489795918367346,24.489795918367346,0
synthetic_scale_500u_1022e_4p,k2,e627,18.979591836734695,18.979591836734695,0
synthetic_scale_500u_1022e_4p,k2,e628,23.26530612244898,23.26530612244898,0
synthetic_scale_500u_1022e_4p,k2,e629,45.91836734693877,45.91836734693877,0
synthetic_scale_500u_1022e_4p,k2,e630,12.857142857142858,12.857142857142858,0
synthetic_scale_500u_1022e_4p,k2,e631,28.571428571428573,28.571428571428573,0
synthetic_scale_500u_1022e_4p,k2,e632,21.428571428571427,21.428571428571427,0
synthetic_scale_500u_1022e_4p,k2,e633,42.857142857142854,42.857142857142854,0
synthetic_scale_500u_1022e_4p,k2,e634,50.0,50.0,0
synthetic_scale_500u_1022e_4p,k2,e635,15.306122448979592,15.306122448979592,0
synthetic_scale_500u_1022e_4p,k2,e636,19.591836734693878,19.591836734693878,0
synthetic_scale_500u_1022e_4p,k2,e637,23.877551020408163,23.877551020408163,0
synthetic_scale_500u_1022e_4p,k2,e638,46.93877551020408,46.93877551020408,0
synthetic_scale_500u_1022e_4p,k2,e639,17.40136054425102,17.40136054425102,0
synthetic_scale_500u_1022e_4p,k2,e640,29.591836734693878,29.591836734693878,0
synthetic_scale_500u_1022e_4p,k2,e641,22.040816326530614,22.040816326530614,0
synthetic_scale_500u_1022e_4p,k2,e642,43.87755102040816,43.87755102040816,0
synthetic_scale_500u_1022e_4p,k2,e643,51.02040816326531,51.02040816326531,0
synthetic_scale_500u_1022e_4p,k2,e644,26.53061224489796,26.53061224489796,0
synthetic_scale_500u_1022e_4p,k2,e645,20.20408163265306,20.20408163265306,0
synthetic_scale_500u_1022e_4p,k2,e646,24.489795918367346,24.489795918367346,0
synthetic_scale_500u_1022e_4p,k2,e647,47.95918367346939,47.95918367346939,0
synthetic_scale_500u_1022e_4p,k2,e648,14.081632653061224,14.081632653061224,0
synthetic_scale_500u_1022e_4p,k2,e649,30.612244897959183,30.612244897959183,0
synthetic_scale_500u_1022e_4p,k2,e650,22.653061224489797,22.653061224489797,0
synthetic_scale_500u_1022e_4p,k2,e651,44.89795918367347,44.89795918367347,0
synthetic_scale_500u_1022e_4p,k2,e652,12.244897959183673,12.244897959183673,0
synthetic_scale_500u_1022e_4p,k2,e653,16.53061224489796,16.53061224489796,0
synthetic_scale_500u_1022e_4p,k2,e654,20.816326530612244,20.816326530612244,0
synthetic_scale_500u_1022e_4p,k2,e655,25.102040816326532,25.102040816326532,0
synthetic_scale_500u_1022e_4p,k2,e656,48.97959183673469,48.97959183673469,0
synthetic_scale_500u_1022e_4p,k2,e657,14.693877551020408,14.693877551020408,0
synthetic_scale_500u_1022e_4p,k2,e658,18.979591836734695,18.979591836734695,0
synthetic_scale_500u_1022e_4p,k2,e659,23.26530612244898,23.26530612244898,0
synthetic_scale_500u_1022e_4p,k2,e660,45.91836734693877,45.91836734693877,0
synthetic_scale_500u_1022e_4p,k2,e661,12.857142857142858,12.857142857142858,0
synthetic_scale_500u_1022e_4p,k2,e662,28.571428571428573,28.571428571428573,0
synthetic_scale_500u_1022e_4p,k2,e663,21.428571428571427,21.428571428571427,0
synthetic_scale_500u_1022e_4p,k2,e664,25.714285714285715,25.714285714285715,0
synthetic_scale_500u_1022e_4p,k2,e665,50.0,50.0,0
synthetic_scale_500u_1022e_4p,k2,e666,15.306122448979592,15.306122448979592,0
synthetic_scale_500u_1022e_4p,k2,e667,19.591836734693878,19.591836734693878,0
synthetic_scale_500u_1022e_4p,k2,e668,23.877551020408163,23.877551020408163,0
synthetic_scale_500u_1022e_4p,k2,e669,46.93877551020408,46.93877551020408,0
synthetic_scale_500u_1022e_4p,k2,e670,22.448979591836736,22.448979591836736,0
synthetic_scale_500u_1022e_4p,k2,e671,29.591836734693878,29.591836734693878,0
synthetic_scale_500u_1022e_4p,k2,e672,22.040816326530614,22.040816326530614,0
synthetic_scale_500u_1022e_4p,k2,e673,43.87755102040816,43.87755102040816,0
synthetic_scale_500u_1022e_4p,k2,e674,51.02040816326531,51.02040816326531,0
synthetic_scale_500u_1022e_4p,k2,e675,26.53061224489796,26.53061224489796,0
synthetic_scale_500u_1022e_4p,k2,e676,20.20408163265306,20.20408163265306,0
synthetic_scale_500u_1022e_4p,k2,e677,24.489795918367346,24.489795918367346,0
synthetic_scale_500u_1022e_4p,k2,e678,47.95918367346939,47.95918367346939,0
synthetic_scale_500u_1022e_4p,k2,e679,23.46938775510204,23.46938775510204,0
synthetic_scale_500u_1022e_4p,k2,e680,18.367346938775512,18.367346938775512,0
synthetic_scale_500u_1022e_4p,k2,e681,22.653061224489797,22.653061224489797,0
synthetic_scale_500u_1022e_4p,k2,e682,44.89795918367347,44.89795918367347,0
synthetic_scale_500u_1022e_4p,k2,e683,12.244897959183673,12.244897959183673,0
synthetic_scale_500u_1022e_4p,k2,e684,27.551020408163264,27.551020408163264,0
synthetic_scale_500u_1022e_4p,k2,e685,20.816326530612244,20.816326530612244,0
synthetic_scale_500u_1022e_4p,k2,e686,25.102040816326532,25.102040816326532,0
synthetic_scale_500u_1022e_4p,k2,e687,48.97959183673469,48.97959183673469,0
synthetic_scale_500u_1022e_4p,k2,e688,24.489795918367346,24.489795918367346,0
synthetic_scale_500u_1022e_4p,k2,e689,18.979591836734695,18.979591836734695,0
synthetic_scale_500u_1022e_4p,k2,e690,23.26530612244898,23.26530612244898,0
synthetic_scale_500u_1022e_4p,k2,e691,45.91836734693877,45.91836734693877,0
synthetic_scale_500u_1022e_4p,k2,e692,12.857142857142858,12.857142857142858,0
synthetic_scale_500u_1022e_4p,k2,e693,28.571428571428573,28.571428571428573,0
synthetic_scale_500u_1022e_4p,k2,e694,21.428571428571427,21.428571428571427,0
synthetic_scale_500u_1022e_4p,k2,e695,42.857142857142854,42.857142857142854,0
synthetic_scale_500u_1022e_4p,k2,e696,50.0,50.0,0
synthetic_scale_500u_1022e_4p,k2,e697,25.510204081632654,25.510204081632654,0
synthetic_scale_500u_1022e_4p,k2,e698,19.591836734693878,19.591836734693878,0
synthetic_scale_500u_1022e_4p,k2,e699,23.877551020408163,23.877551020408163,0
synthetic_scale_500u_1022e_4p,k2,e700,46.93877551020408,46.93877551020408,0
synthetic_scale_500u_1022e_4p,k2,e701,13.46938775510204,13.46938775510204,0
synthetic_scale_500u_1022e_4p,k2,e702,17.755102040816325,17.755102040816325,0
synthetic_scale_500u_1022e_4p,k2,e703,22.040816326530614,22.040816326530614,0
synthetic_scale_500u_1022e_4p,k2,e704,43.87755102040816,43.87755102040816,0
synthetic_scale_500u_1022e_4p,k2,e705,51.02040816326531,51.02040816326531,0
synthetic_scale_500u_1022e_4p,k2,e706,15.918367346938776,15.918367346938776,0
synthetic_scale_500u_1022e_4p,k2,e707,20.20408163265306,20.20408163265306,0
synthetic_scale_500u_1022e_4p,k2,e708,24.489795918367346,24.489795918367346,0
synthetic_scale_500u_1022e_4p,k2,e709,47.95918367346939,47.95918367346939,0
synthetic_scale_500u_1022e_4p,k2,e710,14.081632653061224,14.081632653061224,0
synthetic_scale_500u_1022e_4p,k2,e711,30.612244897959183,30.612244897959183,0
synthetic_scale_500u_1022e_4p,k2,e712,22.653061224489797,22.653061224489797,0
synthetic_scale_500u_1022e_4p,k2,e713,44.89795918367347,44.89795918367347,0
synthetic_scale_500u_1022e_4p,k2,e714,12.244897959183673,12.244897959183673,0
synthetic_scale_500u_1022e_4p,k2,e715,27.551020408163264,27.551020408163264,0
synthetic_scale_500u_1022e_4p,k2,e716,20.816326530612244,20.816326530612244,0
synthetic_scale_500u_1022e_4p,k2,e717,25.102040816326532,25.102040816326532,0
synthetic_scale_500u_1022e_4p,k2,e718,48.97959183673469,48.97959183673469,0
synthetic_scale_500u_1022e_4p,k2,e719,24.489795918367346,24.489795918367346,0
synthetic_scale_500u_1022e_4p,k2,e720,18.979591836734695,18.979591836734695,0
synthetic_scale_500u_1022e_4p,k2,e721,23.26530612244898,23.26530612244898,0
synthetic_scale_500u_1022e_4p,k2,e722,45.91836734693877,45.91836734693877,0
synthetic_scale_500u_1022e_4p,k2,e723,12.857142857142858,12.857142857142858,0
synthetic_scale_500u_1022e_4p,k2,e724,28.571428571428573,28.571428571428573,0
synthetic_scale_500u_1022e_4p,k2,e725,21.428571428571427,21.428571428571427,0
synthetic_scale_500u_1022e_4p,k2,e726,42.857142857142854,42.857142857142854,0
synthetic_scale_500u_1022e_4p,k2,e727,50.0,50.0,0
synthetic_scale_500u_1022e_4p,k2,e728,15.306122448979592,15.306122448979592,0
synthetic_scale_500u_1022e_4p,k2,e729,19.591836734693878,19.591836734693878,0
synthetic_scale_500u_1022e_4p,k2,e730,23.877551020408163,23.877551020408163,0
synthetic_scale_500u_1022e_4p,k2,e731,46.93877551020408,46.93877551020408,0
synthetic_scale_500u_1022e_4p,k2,e732,13.46938775510204,13.46938775510204,0
synthetic_scale_500u_1022e_4p,k2,e733,29.591836734693878,29.591836734693878,0
synthetic_scale_500u_1022e_4p,k2,e734,22.040816326530614,22.040816326530614,0
synthetic_scale_500u_1022e_4p,k2,e735,43.87755102040816,43.87755102040816,0
synthetic_scale_500u_1022e_4p,k2,e736,51.02040816326531,51.02040816326531,0
synthetic_scale_500u_1022e_4p,k2,e737,26.53061224489796,26.53061224489796,0
synthetic_scale_500u_1022e_4p,k2,e738,20.20408163265306,20.20408163265306,0
synthetic_scale_500u_1022e_4p,k2,e739,24.489795918367346,24.489795918367346,0
synthetic_scale_500u_1022e_4p,k2,e740,47.95918367346939,47.95918367346939,0
synthetic_scale_500u_1022e_4p,k2,e741,14.081632653061224,14.081632653061224,0
synthetic_scale_500u_1022e_4p,k2,e742,30.612244897959183,30.612244897959183,0
synthetic_scale_500u_1022e_4p,k2,e743,22.653061224489797,22.653061224489797,0
synthetic_scale_500u_1022e_4p,k2,e744,44.89795918367347,44.89795918367347,0
synthetic_scale_500u_1022e_4p,k2,e745,12.244897959183673,12.244897959183673,0
synthetic_scale_500u_1022e_4p,k2,e746,27.551020408163264,27.551020408163264,0
synthetic_scale_500u_1022e_4p,k2,e747,20.816326530612244,20.816326530612244,0
synthetic_scale_500u_1022e_4p,k2,e748,34.02721088429796,34.02721088429796,0
synthetic_scale_500u_1022e_4p,k2,e749,48.97959183673469,48.97959183673469,0
synthetic_scale_500u_1022e_4p,k2,e750,24.489795918367346,24.489795918367346,0
synthetic_scale_500u_1022e_4p,k2,e751,18.979591836734695,18.979591836734695,0
synthetic_scale_500u_1022e_4p,k2,e752,23.26530612244898,23.26530612244898,0
synthetic_scale_500u_1022e_4p,k2,e753,45.91836734693877,45.91836734693877,0
synthetic_scale_500u_1022e_4p,k2,e754,21.428571428571427,21.428571428571427,0
synthetic_scale_500u_1022e_4p,k2,e755,17.142857142857142,17.142857142857142,0
synthetic_scale_500u_1022e_4p,k2,e756,21.428571428571427,21.428571428571427,0
synthetic_scale_500u_1022e_4p,k2,e757,42.857142857142854,42.857142857142854,0
synthetic_scale_500u_1022e_4p,k2,e758,50.0,50.0,0
synthetic_scale_500u_1022e_4p,k2,e759,15.306122448979592,15.306122448979592,0
synthetic_scale_500u_1022e_4p,k2,e760,19.591836734693878,19.591836734693878,0
synthetic_scale_500u_1022e_4p,k2,e761,23.877551020408163,23.877551020408163,0
synthetic_scale_500u_1022e_4p,k2,e762,46.93877551020408,46.93877551020408,0
synthetic_scale_500u_1022e_4p,k2,e763,13.46938775510204,13.46938775510204,0
synthetic_scale_500u_1022e_4p,k2,e764,29.591836734693878,29.591836734693878,0
synthetic_scale_500u_1022e_4p,k2,e765,22.040816326530614,22.040816326530614,0
synthetic_scale_500u_1022e_4p,k2,e766,43.87755102040816,43.87755102040816,0
synthetic_scale_500u_1022e_4p,k2,e767,51.02040816326531,51.02040816326531,0
synthetic_scale_500u_1022e_4p,k2,e768,26.53061224489796,26.53061224489796,0
synthetic_scale_500u_1022e_4p,k2,e769,20.20408163265306,20.20408163265306,0
synthetic_scale_500u_1022e_4p,k2,e770,24.489795918367346,24.489795918367346,0
synthetic_scale_500u_1022e_4p,k2,e771,47.95918367346939,47.95918367346939,0
synthetic_scale_500u_1022e_4p,k2,e772,23.46938775510204,23.46938775510204,0
synthetic_scale_500u_1022e_4p,k2,e773,30.612244897959183,30.612244897959183,0
synthetic_scale_500u_1022e_4p,k2,e774,22.653061224489797,22.653061224489797,0
synthetic_scale_500u_1022e_4p,k2,e775,44.89795918367347,44.89795918367347,0
synthetic_scale_500u_1022e_4p,k2,e776,12.244897959183673,12.244897959183673,0
synthetic_scale_500u_1022e_4p,k2,e777,27.551020408163264,27.551020408163264,0
synthetic_scale_500u_1022e_4p,k2,e778,20.816326530612244,20.816326530612244,0
synthetic_scale_500u_1022e_4p,k2,e779,25.102040816326532,25.102040816326532,0
synthetic_scale_500u_1022e_4p,k2,e780,48.97959183673469,48.97959183673469,0
synthetic_scale_500u_1022e_4p,k2,e781,14.693877551020408,14.693877551020408,0
synthetic_scale_500u_1022e_4p,k2,e782,18.979591836734695,18.979591836734695,0
synthetic_scale_500u_1022e_4p,k2,e783,23.26530612244898,23.26530612244898,0
synthetic_scale_500u_1022e_4p,k2,e784,45.91836734693877,45.91836734693877,0
synthetic_scale_500u_1022e_4p,k2,e785,12.857142857142858,12.857142857142858,0
synthetic_scale_500u_1022e_4p,k2,e786,28.571428571428573,28.571428571428573,0
synthetic_scale_500u_1022e_4p,k2,e787,21.428571428571427,21.428571428571427,0
synthetic_scale_500u_1022e_4p,k2,e788,42.857142857142854,42.857142857142854,0
synthetic_scale_500u_1022e_4p,k2,e789,50.0,50.0,0
synthetic_scale_500u_1022e_4p,k2,e790,25.510204081632654,25.510204081632654,0
synthetic_scale_500u_1022e_4p,k2,e791,19.591836734693878,19.591836734693878,0
synthetic_scale_500u_1022e_4p,k2,e792,23.877551020408163,23.877551020408163,0
synthetic_scale_500u_1022e_4p,k2,e793,46.93877551020408,46.93877551020408,0
synthetic_scale_500u_1022e_4p,k2,e794,13.46938775510204,13.46938775510204,0
synthetic_scale_500u_1022e_4p,k2,e795,29.591836734693878,29.591836734693878,0
synthetic_scale_500u_1022e_4p,k2,e796,22.040816326530614,22.040816326530614,0
synthetic_scale_500u_1022e_4p,k2,e797,43.87755102040816,43.87755102040816,0
synthetic_scale_500u_1022e_4p,k2,e798,51.02040816326531,51.02040816326531,0
synthetic_scale_500u_1022e_4p,k2,e799,26.53061224489796,26.53061224489796,0
synthetic_scale_500u_1022e_4p,k2,e800,20.20408163265306,20.20408163265306,0
synthetic_scale_500u_1022e_4p,k2,e801,24.489795918367346,24.489795918367346,0
synthetic_scale_500u_1022e_4p,k2,e802,28.775510204081634,28.775510204081634,0
synthetic_scale_500u_1022e_4p,k2,e803,14.081632653061224,14.081632653061224,0
synthetic_scale_500u_1022e_4p,k2,e804,30.612244897959183,30.612244897959183,0
synthetic_scale_500u_1022e_4p,k2,e805,22.653061224489797,22.653061224489797,0
synthetic_scale_500u_1022e_4p,k2,e806,44.89795918367347,44.89795918367347,0
synthetic_scale_500u_1022e_4p,k2,e807,12.244897959183673,12.244897959183673,0
synthetic_scale_500u_1022e_4p,k2,e808,16.53061224489796,16.53061224489796,0
synthetic_scale_500u_1022e_4p,k2,e809,20.816326530612244,20.816326530612244,0
synthetic_scale_500u_1022e_4p,k2,e810,25.102040816326532,25.102040816326532,0
synthetic_scale_500u_1022e_4p,k2,e811,48.97959183673469,48.97959183673469,0
synthetic_scale_500u_1022e_4p,k2,e812,24.489795918367346,24.489795918367346,0
synthetic_scale_500u_1022e_4p,k2,e813,18.979591836734695,18.979591836734695,0
synthetic_scale_500u_1022e_4p,k2,e814,23.26530612244898,23.26530612244898,0
synthetic_scale_500u_1022e_4p,k2,e815,45.91836734693877,45.91836734693877,0
synthetic_scale_500u_1022e_4p,k2,e816,21.428571428571427,21.428571428571427,0
synthetic_scale_500u_1022e_4p,k2,e817,17.142857142857142,17.142857142857142,0
synthetic_scale_500u_1022e_4p,k2,e818,21.428571428571427,21.428571428571427,0
synthetic_scale_500u_1022e_4p,k2,e819,25.714285714285715,25.714285714285715,0
synthetic_scale_500u_1022e_4p,k2,e820,50.0,50.0,0
synthetic_scale_500u_1022e_4p,k2,e821,15.306122448979592,15.306122448979592,0
synthetic_scale_500u_1022e_4p,k2,e822,19.591836734693878,19.591836734693878,0
synthetic_scale_500u_1022e_4p,k2,e823,23.877551020408163,23.877551020408163,0
synthetic_scale_500u_1022e_4p,k2,e824,46.93877551020408,46.93877551020408,0
synthetic_scale_500u_1022e_4p,k2,e825,22.448979591836736,22.448979591836736,0
synthetic_scale_500u_1022e_4p,k2,e826,29.591836734693878,29.591836734693878,0
synthetic_scale_500u_1022e_4p,k2,e827,22.040816326530614,22.040816326530614,0
synthetic_scale_500u_1022e_4p,k2,e828,43.87755102040816,43.87755102040816,0
synthetic_scale_500u_1022e_4p,k2,e829,51.02040816326531,51.02040816326531,0
synthetic_scale_500u_1022e_4p,k2,e830,15.918367346938776,15.918367346938776,0
synthetic_scale_500u_1022e_4p,k2,e831,20.20408163265306,20.20408163265306,0
synthetic_scale_500u_1022e_4p,k2,e832,24.489795918367346,24.489795918367346,0
synthetic_scale_500u_1022e_4p,k2,e833,47.95918367346939,47.95918367346939,0
synthetic_scale_500u_1022e_4p,k2,e834,14.081632653061224,14.081632653061224,0
synthetic_scale_500u_1022e_4p,k2,e835,30.612244897959183,30.612244897959183,0
synthetic_scale_500u_1022e_4p,k2,e836,22.653061224489797,22.653061224489797,0
synthetic_scale_500u_1022e_4p,k2,e837,44.89795918367347,44.89795918367347,0
synthetic_scale_500u_1022e_4p,k2,e838,12.244897959183673,12.244897959183673,0
synthetic_scale_500u_1022e_4p,k2,e839,16.53061224489796,16.53061224489796,0
synthetic_scale_500u_1022e_4p,k2,e840,20.816326530612244,20.816326530612244,0
synthetic_scale_500u_1022e_4p,k2,e841,25.102040816326532,25.102040816326532,0
synthetic_scale_500u_1022e_4p,k2,e842,48.97959183673469,48.97959183673469,0
synthetic_scale_500u_1022e_4p,k2,e843,14.693877551020408,14.693877551020408,0
synthetic_scale_500u_1022e_4p,k2,e844,18.979591836734695,18.979591836734695,0
synthetic_scale_500u_1022e_4p,k2,e845,23.26530612244898,23.26530612244898,0
synthetic_scale_500u_1022e_4p,k2,e846,45.91836734693877,45.91836734693877,0
synthetic_scale_500u_1022e_4p,k2,e847,21.428571428571427,21.428571428571427,0
synthetic_scale_500u_1022e_4p,k2,e848,28.571428571428573,28.571428571428573,0
synthetic_scale_500u_1022e_4p,k2,e849,21.428571428571427,21.428571428571427,0
synthetic_scale_500u_1022e_4p,k2,e850,25.714285714285715,25.714285714285715,0
synthetic_scale_500u_1022e_4p,k2,e851,50.0,50.0,0
synthetic_scale_500u_1022e_4p,k2,e852,25.510204081632654,25.510204081632654,0
synthetic_scale_500u_1022e_4p,k2,e853,19.591836734693878,19.591836734693878,0
synthetic_scale_500u_1022e_4p,k2,e854,23.877551020408163,23.877551020408163,0
synthetic_scale_500u_1022e_4p,k2,e855,46.93877551020408,46.93877551020408,0
synthetic_scale_500u_1022e_4p,k2,e856,13.46938775510204,13.46938775510204,0
synthetic_scale_500u_1022e_4p,k2,e857,17.755102040816325,17.755102040816325,0
synthetic_scale_500u_1022e_4p,k2,e858,22.040816326530614,22.040816326530614,0
synthetic_scale_500u_1022e_4p,k2,e859,43.87755102040816,43.87755102040816,0
synthetic_scale_500u_1022e_4p,k2,e860,51.02040816326531,51.02040816326531,0
synthetic_scale_500u_1022e_4p,k2,e861,26.53061224489796,26.53061224489796,0
synthetic_scale_500u_1022e_4p,k2,e862,20.20408163265306,20.20408163265306,0
synthetic_scale_500u_1022e_4p,k2,e863,24.489795918367346,24.489795918367346,0
synthetic_scale_500u_1022e_4p,k2,e864,47.95918367346939,47.95918367346939,0
synthetic_scale_500u_1022e_4p,k2,e865,14.081632653061224,14.081632653061224,0
synthetic_scale_500u_1022e_4p,k2,e866,30.612244897959183,30.612244897959183,0
synthetic_scale_500u_1022e_4p,k2,e867,22.653061224489797,22.653061224489797,0
synthetic_scale_500u_1022e_4p,k2,e868,44.89795918367347,44.89795918367347,0
synthetic_scale_500u_1022e_4p,k2,e869,12.244897959183673,12.244897959183673,0
synthetic_scale_500u_1022e_4p,k2,e870,27.551020408163264,27.551020408163264,0
synthetic_scale_500u_1022e_4p,k2,e871,20.816326530612244,20.816326530612244,0
synthetic_scale_500u_1022e_4p,k2,e872,25.102040816326532,25.102040816326532,0
synthetic_scale_500u_1022e_4p,k2,e873,48.97959183673469,48.97959183673469,0
synthetic_scale_500u_1022e_4p,k2,e874,24.489795918367346,24.489795918367346,0
synthetic_scale_500u_1022e_4p,k2,e875,18.979591836734695,18.979591836734695,0
synthetic_scale_500u_1022e_4p,k2,e876,23.26530612244898,23.26530612244898,0
synthetic_scale_500u_1022e_4p,k2,e877,45.91836734693877,45.91836734693877,0
synthetic_scale_500u_1022e_4p,k2,e878,21.428571428571427,21.428571428571427,0
synthetic_scale_500u_1022e_4p,k2,e879,17.142857142857142,17.142857142857142,0
synthetic_scale_500u_1022e_4p,k2,e880,21.428571428571427,21.428571428571427,0
synthetic_scale_500u_1022e_4p,k2,e881,42.857142857142854,42.857142857142854,0
synthetic_scale_500u_1022e_4p,k2,e882,50.0,50.0,0
synthetic_scale_500u_1022e_4p,k2,e883,15.306122448979592,15.306122448979592,0
synthetic_scale_500u_1022e_4p,k2,e884,19.591836734693878,19.591836734693878,0
synthetic_scale_500u_1022e_4p,k2,e885,23.877551020408163,23.877551020408163,0
synthetic_scale_500u_1022e_4p,k2,e886,46.93877551020408,46.93877551020408,0
synthetic_scale_500u_1022e_4p,k2,e887,22.448979591836736,22.448979591836736,0
synthetic_scale_500u_1022e_4p,k2,e888,17.755102040816325,17.755102040816325,0
synthetic_scale_500u_1022e_4p,k2,e889,22.040816326530614,22.040816326530614,0
synthetic_scale_500u_1022e_4p,k2,e890,26.3265306122449,26.3265306122449,0
synthetic_scale_500u_1022e_4p,k2,e891,51.02040816326531,51.02040816326531,0
synthetic_scale_500u_1022e_4p,k2,e892,26.53061224489796,26.53061224489796,0
synthetic_scale_500u_1022e_4p,k2,e893,20.20408163265306,20.20408163265306,0
synthetic_scale_500u_1022e_4p,k2,e894,24.489795918367346,24.489795918367346,0
synthetic_scale_500u_1022e_4p,k2,e895,47.95918367346939,47.95918367346939,0
synthetic_scale_500u_1022e_4p,k2,e896,23.46938775510204,23.46938775510204,0
synthetic_scale_500u_1022e_4p,k2,e897,30.612244897959183,30.612244897959183,0
synthetic_scale_500u_1022e_4p,k2,e898,22.653061224489797,22.653061224489797,0
synthetic_scale_500u_1022e_4p,k2,e899,44.89795918367347,44.89795918367347,0
synthetic_scale_500u_1022e_4p,k2,e900,20.408163265306122,20.408163265306122,0
synthetic_scale_500u_1022e_4p,k2,e901,16.53061224489796,16.53061224489796,0
synthetic_scale_500u_1022e_4p,k2,e902,20.816326530612244,20.816326530612244,0
synthetic_scale_500u_1022e_4p,k2,e903,25.102040816326532,25.102040816326532,0
synthetic_scale_500u_1022e_4p,k2,e904,48.97959183673469,48.97959183673469,0
synthetic_scale_500u_1022e_4p,k2,e905,14.693877551020408,14.693877551020408,0
synthetic_scale_500u_1022e_4p,k2,e906,18.979591836734695,18.979591836734695,0
synthetic_scale_500u_1022e_4p,k2,e907,23.26530612244898,23.26530612244898,0
synthetic_scale_500u_1022e_4p,k2,e908,45.91836734693877,45.91836734693877,0
synthetic_scale_500u_1022e_4p,k2,e909,12.857142857142858,12.857142857142858,0
synthetic_scale_500u_1022e_4p,k2,e910,17.142857142857142,17.142857142857142,0
synthetic_scale_500u_1022e_4p,k2,e911,21.428571428571427,21.428571428571427,0
synthetic_scale_500u_1022e_4p,k2,e912,42.857142857142854,42.857142857142854,0
synthetic_scale_500u_1022e_4p,k2,e913,50.0,50.0,0
synthetic_scale_500u_1022e_4p,k2,e914,15.306122448979592,15.306122448979592,0
synthetic_scale_500u_1022e_4p,k2,e915,19.591836734693878,19.591836734693878,0
synthetic_scale_500u_1022e_4p,k2,e916,23.877551020408163,23.877551020408163,0
synthetic_scale_500u_1022e_4p,k2,e917,46.93877551020408,46.93877551020408,0
synthetic_scale_500u_1022e_4p,k2,e918,13.46938775510204,13.46938775510204,0
synthetic_scale_500u_1022e_4p,k2,e919,17.755102040816325,17.755102040816325,0
synthetic_scale_500u_1022e_4p,k2,e920,22.040816326530614,22.040816326530614,0
synthetic_scale_500u_1022e_4p,k2,e921,43.87755102040816,43.87755102040816,0
synthetic_scale_500u_1022e_4p,k2,e922,51.02040816326531,51.02040816326531,0
synthetic_scale_500u_1022e_4p,k2,e923,26.53061224489796,26.53061224489796,0
synthetic_scale_500u_1022e_4p,k2,e924,20.20408163265306,20.20408163265306,0
synthetic_scale_500u_1022e_4p,k2,e925,24.489795918367346,24.489795918367346,0
synthetic_scale_500u_1022e_4p,k2,e926,47.95918367346939,47.95918367346939,0
synthetic_scale_500u_1022e_4p,k2,e927,23.46938775510204,23.46938775510204,0
synthetic_scale_500u_1022e_4p,k2,e928,30.612244897959183,30.612244897959183,0
synthetic_scale_500u_1022e_4p,k2,e929,22.653061224489797,22.653061224489797,0
synthetic_scale_500u_1022e_4p,k2,e930,44.89795918367347,44.89795918367347,0
synthetic_scale_500u_1022e_4p,k2,e931,12.244897959183673,12.244897959183673,0
synthetic_scale_500u_1022e_4p,k2,e932,16.53061224489796,16.53061224489796,0
synthetic_scale_500u_1022e_4p,k2,e933,20.816326530612244,20.816326530612244,0
synthetic_scale_500u_1022e_4p,k2,e934,25.102040816326532,25.102040816326532,0
synthetic_scale_500u_1022e_4p,k2,e935,48.97959183673469,48.97959183673469,0
synthetic_scale_500u_1022e_4p,k2,e936,24.489795918367346,24.489795918367346,0
synthetic_scale_500u_1022e_4p,k2,e937,18.979591836734695,18.979591836734695,0
synthetic_scale_500u_1022e_4p,k2,e938,23.26530612244898,23.26530612244898,0
synthetic_scale_500u_1022e_4p,k2,e939,27.551020408163264,27.551020408163264,0
synthetic_scale_500u_1022e_4p,k2,e940,12.857142857142858,12.857142857142858,0
synthetic_scale_500u_1022e_4p,k2,e941,28.571428571428573,28.571428571428573,0
synthetic_scale_500u_1022e_4p,k2,e942,21.428571428571427,21.428571428571427,0
synthetic_scale_500u_1022e_4p,k2,e943,25.714285714285715,25.714285714285715,0
synthetic_scale_500u_1022e_4p,k2,e944,50.0,50.0,0
synthetic_scale_500u_1022e_4p,k2,e945,25.510204081632654,25.510204081632654,0
synthetic_scale_500u_1022e_4p,k2,e946,19.591836734693878,19.591836734693878,0
synthetic_scale_500u_1022e_4p,k2,e947,23.877551020408163,23.877551020408163,0
synthetic_scale_500u_1022e_4p,k2,e948,46.93877551020408,46.93877551020408,0
synthetic_scale_500u_1022e_4p,k2,e949,22.448979591836736,22.448979591836736,0
synthetic_scale_500u_1022e_4p,k2,e950,29.591836734693878,29.591836734693878,0
synthetic_scale_500u_1022e_4p,k2,e951,22.040816326530614,22.040816326530614,0
synthetic_scale_500u_1022e_4p,k2,e952,43.87755102040816,43.87755102040816,0
synthetic_scale_500u_1022e_4p,k2,e953,51.02040816326531,51.02040816326531,0
synthetic_scale_500u_1022e_4p,k2,e954,26.53061224489796,26.53061224489796,0
synthetic_scale_500u_1022e_4p,k2,e955,20.20408163265306,20.20408163265306,0
synthetic_scale_500u_1022e_4p,k2,e956,24.489795918367346,24.489795918367346,0
synthetic_scale_500u_1022e_4p,k2,e957,47.95918367346939,47.95918367346939,0
synthetic_scale_500u_1022e_4p,k2,e958,23.46938775510204,23.46938775510204,0
synthetic_scale_500u_1022e_4p,k2,e959,18.367346938775512,18.367346938775512,0
synthetic_scale_500u_1022e_4p,k2,e960,22.653061224489797,22.653061224489797,0
synthetic_scale_500u_1022e_4p,k2,e961,44.89795918367347,44.89795918367347,0
synthetic_scale_500u_1022e_4p,k2,e962,12.244897959183673,12.244897959183673,0
synthetic_scale_500u_1022e_4p,k2,e963,16.53061224489796,16.53061224489796,0
synthetic_scale_500u_1022e_4p,k2,e964,20.816326530612244,20.816326530612244,0
synthetic_scale_500u_1022e_4p,k2,e965,25.102040816326532,25.102040816326532,0
synthetic_scale_500u_1022e_4p,k2,e966,48.97959183673469,48.97959183673469,0
synthetic_scale_500u_1022e_4p,k2,e967,24.489795918367346,24.489795918367346,0
synthetic_scale_500u_1022e_4p,k2,e968,18.979591836734695,18.979591836734695,0
synthetic_scale_500u_1022e_4p,k2,e969,23.26530612244898,23.26530612244898,0
synthetic_scale_500u_1022e_4p,k2,e970,45.91836734693877,45.91836734693877,0
synthetic_scale_500u_1022e_4p,k2,e971,12.857142857142858,12.857142857142858,0
synthetic_scale_500u_1022e_4p,k2,e972,17.142857142857142,17.142857142857142,0
synthetic_scale_500u_1022e_4p,k2,e973,21.428571428571427,21.428571428571427,0
synthetic_scale_500u_1022e_4p,k2,e974,42.857142857142854,42.857142857142854,0
synthetic_scale_500u_1022e_4p,k2,e975,50.0,50.0,0
synthetic_scale_500u_1022e_4p,k2,e976,25.510204081632654,25.510204081632654,0
synthetic_scale_500u_1022e_4p,k2,e977,19.591836734693878,19.591836734693878,0
synthetic_scale_500u_1022e_4p,k2,e978,23.877551020408163,23.877551020408163,0
synthetic_scale_500u_1022e_4p,k2,e979,46.93877551020408,46.93877551020408,0
synthetic_scale_500u_1022e_4p,k2,e980,13.46938775510204,13.46938775510204,0
synthetic_scale_500u_1022e_4p,k2,e981,17.755102040816325,17.755102040816325,0
synthetic_scale_500u_1022e_4p,k2,e982,22.040816326530614,22.040816326530614,0
synthetic_scale_500u_1022e_4p,k2,e983,43.87755102040816,43.87755102040816,0
synthetic_scale_500u_1022e_4p,k2,e984,51.02040816326531,51.02040816326531,0
synthetic_scale_500u_1022e_4p,k2,e985,26.53061224489796,26.53061224489796,0
synthetic_scale_500u_1022e_4p,k2,e986,20.20408163265306,20.20408163265306,0
synthetic_scale_500u_1022e_4p,k2,e987,24.489795918367346,24.489795918367346,0
synthetic_scale_500u_1022e_4p,k2,e988,47.95918367346939,47.95918367346939,0
synthetic_scale_500u_1022e_4p,k2,e989,14.081632653061224,14.081632653061224,0
synthetic_scale_500u_1022e_4p,k2,e990,30.612244897959183,30.612244897959183,0
synthetic_scale_500u_1022e_4p,k2,e991,22.653061224489797,22.653061224489797,0
synthetic_scale_500u_1022e_4p,k2,e992,44.89795918367347,44.89795918367347,0
synthetic_scale_500u_1022e_4p,k2,e993,12.244897959183673,12.244897959183673,0
synthetic_scale_500u_1022e_4p,k2,e994,27.551020408163264,27.551020408163264,0
synthetic_scale_500u_1022e_4p,k2,e995,20.816326530612244,20.816326530612244,0
synthetic_scale_500u_1022e_4p,k2,e996,41.83673469387755,41.83673469387755,0
synthetic_scale_500u_1022e_4p,k2,e997,48.97959183673469,48.97959183673469,0
synthetic_scale_500u_1022e_4p,k2,e998,24.489795918367346,24.489795918367346,0
synthetic_scale_500u_1022e_4p,k2,e999,18.979591836734695,18.979591836734695,0
synthetic_scale_500u_1022e_4p,k2,e1000,23.26530612244898,23.26530612244898,0
synthetic_scale_500u_1022e_4p,k2,e1001,45.91836734693877,45.91836734693877,0
synthetic_scale_500u_1022e_4p,k2,e1002,12.857142857142858,12.857142857142858,0
synthetic_scale_500u_1022e_4p,k2,e1003,28.571428571428573,28.571428571428573,0
synthetic_scale_500u_1022e_4p,k2,e1004,21.428571428571427,21.428571428571427,0
synthetic_scale_500u_1022e_4p,k2,e1005,25.714285714285715,25.714285714285715,0
synthetic_scale_500u_1022e_4p,k2,e1006,50.0,50.0,0
synthetic_scale_500u_1022e_4p,k2,e1007,15.306122448979592,15.306122448979592,0
synthetic_scale_500u_1022e_4p,k2,e1008,19.591836734693878,19.591836734693878,0
synthetic_scale_500u_1022e_4p,k2,e1009,23.877551020408163,23.877551020408163,0
synthetic_scale_500u_1022e_4p,k2,e1010,0.0,0.0,0
synthetic_scale_500u_1022e_4p,k2,e1011,0.0,0.0,0
synthetic_scale_500u_1022e_4p,k2,e1012,0.0,0.0,0
synthetic_scale_500u_1022e_4p,k2,e1013,0.0,0.0,0
synthetic_scale_500u_1022e_4p,k2,e1014,0.0,0.0,0
synthetic_scale_500u_1022e_4p,k2,e1015,0.0,0.0,0
synthetic_scale_500u_1022e_4p,k2,e1016,0.0,0.0,0
synthetic_scale_500u_1022e_4p,k2,e1017,0.0,0.0,0
synthetic_scale_500u_1022e_4p,k2,e1018,0.0,0.0,0
synthetic_scale_500u_1022e_4p,k2,e1019,0.0,0.0,0
synthetic_scale_500u_1022e_4p,k2,e1020,0.0,0.0,0
synthetic_scale_500u_1022e_4p,k2,e1021,0.0,0.0,0
synthetic_scale_500u_1022e_4p,k3,e0,8372.42826051412,8372.42826051412,0
synthetic_scale_500u_1022e_4p,k3,e1,7757.667794364216,7757.667794364216,0
synthetic_scale_500u_1022e_4p,k3,e2,4031.932088416253,4031.932088416253,0
synthetic_scale_500u_1022e_4p,k3,e3,4089.323324282443,4089.323324282443,0
synthetic_scale_500u_1022e_4p,k3,e4,4045.737628035366,4045.737628035366,0
synthetic_scale_500u_1022e_4p,k3,e5,3479.2001324979237,3479.2001324979237,0
synthetic_scale_500u_1022e_4p,k3,e6,1945.3383325555337,1945.3383325555337,0
synthetic_scale_500u_1022e_4p,k3,e7,1965.6357932082317,1965.6357932082317,0
synthetic_scale_500u_1022e_4p,k3,e8,1988.1362709318319,1988.1362709318319,0
synthetic_scale_500u_1022e_4p,k3,e9,1978.5073536221378,1978.5073536221378,0
synthetic_scale_500u_1022e_4p,k3,e10,1931.9964651264224,1931.9964651264224,0
synthetic_scale_500u_1022e_4p,k3,e11,1992.3690340678827,1992.3690340678827,0
synthetic_scale_500u_1022e_4p,k3,e12,1830.9794688781374,1830.9794688781374,0
synthetic_scale_500u_1022e_4p,k3,e13,1543.8446596448484,1543.8446596448484,0
synthetic_scale_500u_1022e_4p,k3,e14,956.5747651602251,956.5747651602251,0
synthetic_scale_500u_1022e_4p,k3,e15,930.4034174186426,930.4034174186426,0
synthetic_scale_500u_1022e_4p,k3,e16,948.8914337131549,948.8914337131549,0
synthetic_scale_500u_1022e_4p,k3,e17,957.7752856988297,957.7752856988297,0
synthetic_scale_500u_1022e_4p,k3,e18,949.3476315178835,949.3476315178835,0
synthetic_scale_500u_1022e_4p,k3,e19,979.1445512859934,979.1445512859934,0
synthetic_scale_500u_1022e_4p,k3,e20,973.6221568084118,973.6221568084118,0
synthetic_scale_500u_1022e_4p,k3,e21,945.5299762050618,945.5299762050618,0
synthetic_scale_500u_1022e_4p,k3,e22,942.6727373231034,942.6727373231034,0
synthetic_scale_500u_1022e_4p,k3,e23,931.3638338495264,931.3638338495264,0
synthetic_scale_500u_1022e_4p,k3,e24,980.1049677168771,980.1049677168771,0
synthetic_scale_500u_1022e_4p,k3,e25,952.4929953289691,952.4929953289691,0
synthetic_scale_500u_1022e_4p,k3,e26,893.9075930450597,893.9075930450597,0
synthetic_scale_500u_1022e_4p,k3,e27,882.1424917667337,882.1424917667337,0
synthetic_scale_500u_1022e_4p,k3,e28,908.3138395083162,908.3138395083162,0
synthetic_scale_500u_1022e_4p,k3,e29,589.2154803471868,589.2154803471868,0
synthetic_scale_500u_1022e_4p,k3,e30,481.1734339549182,481.1734339549182,0
synthetic_scale_500u_1022e_4p,k3,e31,446.7040882505001,446.7040882505001,0
synthetic_scale_500u_1022e_4p,k3,e32,465.10326602515573,465.10326602515573,0
synthetic_scale_500u_1022e_4p,k3,e33,437.3880488709276,437.3880488709276,0
synthetic_scale_500u_1022e_4p,k3,e34,446.47118726601076,446.47118726601076,0
synthetic_scale_500u_1022e_4p,k3,e35,473.95350343574955,473.95350343574955,0
synthetic_scale_500u_1022e_4p,k3,e36,467.89807783902745,467.89807783902745,0
synthetic_scale_500u_1022e_4p,k3,e37,461.1439492888374,461.1439492888374,0
synthetic_scale_500u_1022e_4p,k3,e38,469.03929266308216,469.03929266308216,0
synthetic_scale_500u_1022e_4p,k3,e39,451.8279099092649,451.8279099092649,0
synthetic_scale_500u_1022e_4p,k3,e40,476.0496122961534,476.0496122961534,0
synthetic_scale_500u_1022e_4p,k3,e41,473.7206024512602,473.7206024512602,0
synthetic_scale_500u_1022e_4p,k3,e42,469.5283847304526,469.5283847304526,0
synthetic_scale_500u_1022e_4p,k3,e43,474.88510737370683,474.88510737370683,0
synthetic_scale_500u_1022e_4p,k3,e44,461.609751257816,461.609751257816,0
synthetic_scale_500u_1022e_4p,k3,e45,455.5543256610939,455.5543256610939,0
synthetic_scale_500u_1022e_4p,k3,e46,455.5543256610939,455.5543256610939,0
synthetic_scale_500u_1022e_4p,k3,e47,458.83822954231636,458.83822954231636,0
synthetic_scale_500u_1022e_4p,k3,e48,405.01481202691326,405.01481202691326,0
synthetic_scale_500u_1022e_4p,k3,e49,498.4081068071273,498.4081068071273,0
synthetic_scale_500u_1022e_4p,k3,e50,449.9647020333504,449.9647020333504,0
synthetic_scale_500u_1022e_4p,k3,e51,500.7371166520204,500.7371166520204,0
synthetic_scale_500u_1022e_4p,k3,e52,438.7854547778635,438.7854547778635,0
synthetic_scale_500u_1022e_4p,k3,e53,485.13275069123654,485.13275069123654,0
synthetic_scale_500u_1022e_4p,k3,e54,423.8797917705475,423.8797917705475,0
synthetic_scale_500u_1022e_4p,k3,e55,443.2105734831604,443.2105734831604,0
synthetic_scale_500u_1022e_4p,k3,e56,406.41221793384915,406.41221793384915,0
synthetic_scale_500u_1022e_4p,k3,e57,449.26599907988253,449.26599907988253,0
synthetic_scale_500u_1022e_4p,k3,e58,449.0330980953932,449.0330980953932,0
synthetic_scale_500u_1022e_4p,k3,e59,432.03132622767345,432.03132622767345,0
synthetic_scale_500u_1022e_4p,k3,e60,447.6356921884573,447.6356921884573,0
synthetic_scale_500u_1022e_4p,k3,e61,123.9033237483139,123.9033237483139,0
synthetic_scale_500u_1022e_4p,k3,e62,237.20965270236408,237.20965270236408,0
synthetic_scale_500u_1022e_4p,k3,e63,229.5285782339066,229.5285782339066,0
synthetic_scale_500u_1022e_4p,k3,e64,206.48535482853407,206.48535482853407,0
synthetic_scale_500u_1022e_4p,k3,e65,226.817610774451,226.817610774451,0
synthetic_scale_500u_1022e_4p,k3,e66,228.62492241408805,228.62492241408805,0
synthetic_scale_500u_1022e_4p,k3,e67,222.52524563031298,222.52524563031298,0
synthetic_scale_500u_1022e_4p,k3,e68,222.7511595852676,222.7511595852676,0
synthetic_scale_500u_1022e_4p,k3,e69,201.51524781953216,201.51524781953216,0
synthetic_scale_500u_1022e_4p,k3,e70,215.97374093662864,215.97374093662864,0
synthetic_scale_500u_1022e_4p,k3,e71,217.1033107114018,217.1033107114018,0
synthetic_scale_500u_1022e_4p,k3,e72,239.69470620686505,239.69470620686505,0
synthetic_scale_500u_1022e_4p,k3,e73,220.040192125812,220.040192125812,0
synthetic_scale_500u_1022e_4p,k3,e74,225.4621270447232,225.4621270447232,0
synthetic_scale_500u_1022e_4p,k3,e75,228.39900845913343,228.39900845913343,0
synthetic_scale_500u_1022e_4p,k3,e76,236.08008292759092,236.08008292759092,0
synthetic_scale_500u_1022e_4p,k3,e77,211.22954788258136,211.22954788258136,0
synthetic_scale_500u_1022e_4p,k3,e78,235.1538357123323,235.1538357123323,0
synthetic_scale_500u_1022e_4p,k3,e79,219.8142781708574,219.8142781708574,0
synthetic_scale_500u_1022e_4p,k3,e80,211.68137579249063,211.68137579249063,0
synthetic_scale_500u_1022e_4p,k3,e81,226.59169681949638,226.59169681949638,0
synthetic_scale_500u_1022e_4p,k3,e82,234.04685733299922,234.04685733299922,0
synthetic_scale_500u_1022e_4p,k3,e83,227.72126659426954,227.72126659426954,0
synthetic_scale_500u_1022e_4p,k3,e84,228.39900845913343,228.39900845913343,0
synthetic_scale_500u_1022e_4p,k3,e85,231.10997591858902,231.10997591858902,0
synthetic_scale_500u_1022e_4p,k3,e86,217.7810525762657,217.7810525762657,0
synthetic_scale_500u_1022e_4p,k3,e87,237.66148061227335,237.66148061227335,0
synthetic_scale_500u_1022e_4p,k3,e88,240.37244807172894,240.37244807172894,0
synthetic_scale_500u_1022e_4p,k3,e89,220.26610608076666,220.26610608076666,0
synthetic_scale_500u_1022e_4p,k3,e90,220.040192125812,220.040192125812,0
synthetic_scale_500u_1022e_4p,k3,e91,227.72126659426954,227.72126659426954,0
synthetic_scale_500u_1022e_4p,k3,e92,217.7810525762657,217.7810525762657,0
synthetic_scale_500u_1022e_4p,k3,e93,224.1066433149954,224.1066433149954,0
synthetic_scale_500u_1022e_4p,k3,e94,248.05352254018646,248.05352254018646,0
synthetic_scale_500u_1022e_4p,k3,e95,193.83417335107467,193.83417335107467,0
synthetic_scale_500u_1022e_4p,k3,e96,213.28536487259396,213.28536487259396,0
synthetic_scale_500u_1022e_4p,k3,e97,231.7877177834529,231.7877177834529,0
synthetic_scale_500u_1022e_4p,k3,e98,190.44546402675516,190.44546402675516,0
synthetic_scale_500u_1022e_4p,k3,e99,202.4189036393507,202.4189036393507,0
synthetic_scale_500u_1022e_4p,k3,e100,227.26943868436027,227.26943868436027,0
synthetic_scale_500u_1022e_4p,k3,e101,256.1864249185532,256.1864249185532,0
synthetic_scale_500u_1022e_4p,k3,e102,227.94718054922416,227.94718054922416,0
synthetic_scale_500u_1022e_4p,k3,e103,208.51858042312577,208.51858042312577,0
synthetic_scale_500u_1022e_4p,k3,e104,239.46879225191043,239.46879225191043,0
synthetic_scale_500u_1022e_4p,k3,e105,246.24621090054939,246.24621090054939,0
synthetic_scale_500u_1022e_4p,k3,e106,200.83750595466827,200.83750595466827,0
synthetic_scale_500u_1022e_4p,k3,e107,224.7843851798593,224.7843851798593,0
synthetic_scale_500u_1022e_4p,k3,e108,238.7910503870465,238.7910503870465,0
synthetic_scale_500u_1022e_4p,k3,e109,231.7877177834529,231.7877177834529,0
synthetic_scale_500u_1022e_4p,k3,e110,212.1332037023999,212.1332037023999,0
synthetic_scale_500u_1022e_4p,k3,e111,199.0301943150312,199.0301943150312,0
synthetic_scale_500u_1022e_4p,k3,e112,220.26610608076666,220.26610608076666,0
synthetic_scale_500u_1022e_4p,k3,e113,209.64815019789893,209.64815019789893,0
synthetic_scale_500u_1022e_4p,k3,e114,210.55180601771747,210.55180601771747,0
synthetic_scale_500u_1022e_4p,k3,e115,183.6680453781162,183.6680453781162,0
synthetic_scale_500u_1022e_4p,k3,e116,237.43556665731873,237.43556665731873,0
synthetic_scale_500u_1022e_4p,k3,e117,198.3524524501673,198.3524524501673,0
synthetic_scale_500u_1022e_4p,k3,e118,206.48535482853407,206.48535482853407,0
synthetic_scale_500u_1022e_4p,k3,e119,229.07675032399732,229.07675032399732,0
synthetic_scale_500u_1022e_4p,k3,e120,200.83750595466827,200.83750595466827,0
synthetic_scale_500u_1022e_4p,k3,e121,218.23288048617496,218.23288048617496,0
synthetic_scale_500u_1022e_4p,k3,e122,210.55180601771747,210.55180601771747,0
synthetic_scale_500u_1022e_4p,k3,e123,223.65481540508614,223.65481540508614,0
synthetic_scale_500u_1022e_4p,k3,e124,120.18622403586447,120.18622403586447,0
synthetic_scale_500u_1022e_4p,k3,e125,0.0,0.0,0
synthetic_scale_500u_1022e_4p,k3,e126,116.58063731478853,116.58063731478853,0
synthetic_scale_500u_1022e_4p,k3,e127,113.51272580650463,113.51272580650463,0
synthetic_scale_500u_1022e_4p,k3,e128,127.53746413008821,127.53746413008821,0
synthetic_scale_500u_1022e_4p,k3,e129,95.10525675680118,95.10525675680118,0
synthetic_scale_500u_1022e_4p,k3,e130,103.21330860012293,103.21330860012293,0
synthetic_scale_500u_1022e_4p,k3,e131,97.07748558355512,97.07748558355512,0
synthetic_scale_500u_1022e_4p,k3,e132,108.25344893516079,108.25344893516079,0
synthetic_scale_500u_1022e_4p,k3,e133,111.75963351605668,111.75963351605668,0
synthetic_scale_500u_1022e_4p,k3,e134,117.67631999631851,117.67631999631851,0
synthetic_scale_500u_1022e_4p,k3,e135,104.08985474534691,104.08985474534691,0
synthetic_scale_500u_1022e_4p,k3,e136,99.26885094661505,99.26885094661505,0
synthetic_scale_500u_1022e_4p,k3,e137,116.58063731478853,116.58063731478853,0
synthetic_scale_500u_1022e_4p,k3,e138,120.9633680409084,120.9633680409084,0
synthetic_scale_500u_1022e_4p,k3,e139,95.10525675680118,95.10525675680118,0
synthetic_scale_500u_1022e_4p,k3,e140,95.32439329310716,95.32439329310716,0
synthetic_scale_500u_1022e_4p,k3,e141,100.14539709183903,100.14539709183903,0
synthetic_scale_500u_1022e_4p,k3,e142,99.92626055553303,99.92626055553303,0
synthetic_scale_500u_1022e_4p,k3,e143,109.56826815299675,109.56826815299675,0
synthetic_scale_500u_1022e_4p,k3,e144,95.98180290202515,95.98180290202515,0
synthetic_scale_500u_1022e_4p,k3,e145,114.6084084880346,114.6084084880346,0
synthetic_scale_500u_1022e_4p,k3,e146,118.99113921415447,118.99113921415447,0
synthetic_scale_500u_1022e_4p,k3,e147,113.51272580650463,113.51272580650463,0
synthetic_scale_500u_1022e_4p,k3,e148,118.33372960523648,118.33372960523648,0
synthetic_scale_500u_1022e_4p,k3,e149,95.10525675680118,95.10525675680118,0
synthetic_scale_500u_1022e_4p,k3,e150,115.48495463325857,115.48495463325857,0
synthetic_scale_500u_1022e_4p,k3,e151,103.21330860012293,103.21330860012293,0
synthetic_scale_500u_1022e_4p,k3,e152,108.91085854407876,108.91085854407876,0
synthetic_scale_500u_1022e_4p,k3,e153,112.63617966128065,112.63617966128065,0
synthetic_scale_500u_1022e_4p,k3,e154,103.43244513642892,103.43244513642892,0
synthetic_scale_500u_1022e_4p,k3,e155,125.56523530333428,125.56523530333428,0
synthetic_scale_500u_1022e_4p,k3,e156,101.021943237063,101.021943237063,0
synthetic_scale_500u_1022e_4p,k3,e157,103.87071820904092,103.87071820904092,0
synthetic_scale_500u_1022e_4p,k3,e158,113.70994868923371,113.70994868923371,0
synthetic_scale_500u_1022e_4p,k3,e159,114.3892719517286,114.3892719517286,0
synthetic_scale_500u_1022e_4p,k3,e160,110.00654122560873,110.00654122560873,0
synthetic_scale_500u_1022e_4p,k3,e161,103.21330860012293,103.21330860012293,0
synthetic_scale_500u_1022e_4p,k3,e162,97.07748558355512,97.07748558355512,0
synthetic_scale_500u_1022e_4p,k3,e163,108.25344893516079,108.25344893516079,0
synthetic_scale_500u_1022e_4p,k3,e164,106.50035664471284,106.50035664471284,0
synthetic_scale_500u_1022e_4p,k3,e165,113.29358927019864,113.29358927019864,0
synthetic_scale_500u_1022e_4p,k3,e166,111.54049697975069,111.54049697975069,0
synthetic_scale_500u_1022e_4p,k3,e167,115.48495463325857,115.48495463325857,0
synthetic_scale_500u_1022e_4p,k3,e168,113.51272580650463,113.51272580650463,0
synthetic_scale_500u_1022e_4p,k3,e169,107.3769027899368,107.3769027899368,0
synthetic_scale_500u_1022e_4p,k3,e170,98.17316826508508,98.17316826508508,0
synthetic_scale_500u_1022e_4p,k3,e171,123.37386994027433,123.37386994027433,0
synthetic_scale_500u_1022e_4p,k3,e172,112.85531619758665,112.85531619758665,0
synthetic_scale_500u_1022e_4p,k3,e173,111.32136044344469,111.32136044344469,0
synthetic_scale_500u_1022e_4p,k3,e174,115.26581809695257,115.26581809695257,0
synthetic_scale_500u_1022e_4p,k3,e175,95.98180290202515,95.98180290202515,0
synthetic_scale_500u_1022e_4p,k3,e176,125.12696223072228,125.12696223072228,0
synthetic_scale_500u_1022e_4p,k3,e177,105.40467396318287,105.40467396318287,0
synthetic_scale_500u_1022e_4p,k3,e178,128.85228334792419,128.85228334792419,0
synthetic_scale_500u_1022e_4p,k3,e179,104.30899128165291,104.30899128165291,0
synthetic_scale_500u_1022e_4p,k3,e180,98.17316826508508,98.17316826508508,0
synthetic_scale_500u_1022e_4p,k3,e181,115.48495463325857,115.48495463325857,0
synthetic_scale_500u_1022e_4p,k3,e182,119.42941228676645,119.42941228676645,0
synthetic_scale_500u_1022e_4p,k3,e183,94.0095740752712,94.0095740752712,0
synthetic_scale_500u_1022e_4p,k3,e184,105.18553742687688,105.18553742687688,0
synthetic_scale_500u_1022e_4p,k3,e185,115.70409116956456,115.70409116956456,0
synthetic_scale_500u_1022e_4p,k3,e186,110.22567776191472,110.22567776191472,0
synthetic_scale_500u_1022e_4p,k3,e187,101.021943237063,101.021943237063,0
synthetic_scale_500u_1022e_4p,k3,e188,103.87071820904092,103.87071820904092,0
synthetic_scale_500u_1022e_4p,k3,e189,113.51272580650463,113.51272580650463,0
synthetic_scale_500u_1022e_4p,k3,e190,127.53746413008821,127.53746413008821,0
synthetic_scale_500u_1022e_4p,k3,e191,113.07445273389264,113.07445273389264,0
synthetic_scale_500u_1022e_4p,k3,e192,103.21330860012293,103.21330860012293,0
synthetic_scale_500u_1022e_4p,k3,e193,84.80583955041948,84.80583955041948,0
synthetic_scale_500u_1022e_4p,k3,e194,97.29662211986111,97.29662211986111,0
synthetic_scale_500u_1022e_4p,k3,e195,109.59018180655504,109.59018180655504,0
synthetic_scale_500u_1022e_4p,k3,e196,113.29358927019864,113.29358927019864,0
synthetic_scale_500u_1022e_4p,k3,e197,111.54049697975069,111.54049697975069,0
synthetic_scale_500u_1022e_4p,k3,e198,86.12065876825544,86.12065876825544,0
synthetic_scale_500u_1022e_4p,k3,e199,98.61144133769707,98.61144133769707,0
synthetic_scale_500u_1022e_4p,k3,e200,101.241079773369,101.241079773369,0
synthetic_scale_500u_1022e_4p,k3,e201,95.10525675680118,95.10525675680118,0
synthetic_scale_500u_1022e_4p,k3,e202,120.30595843199043,120.30595843199043,0
synthetic_scale_500u_1022e_4p,k3,e203,100.14539709183903,100.14539709183903,0
synthetic_scale_500u_1022e_4p,k3,e204,125.78437183964027,125.78437183964027,0
synthetic_scale_500u_1022e_4p,k3,e205,122.71646033135636,122.71646033135636,0
synthetic_scale_500u_1022e_4p,k3,e206,95.98180290202515,95.98180290202515,0
synthetic_scale_500u_1022e_4p,k3,e207,125.12696223072228,125.12696223072228,0
synthetic_scale_500u_1022e_4p,k3,e208,88.75029720392736,88.75029720392736,0
synthetic_scale_500u_1022e_4p,k3,e209,113.51272580650463,113.51272580650463,0
synthetic_scale_500u_1022e_4p,k3,e210,118.33372960523648,118.33372960523648,0
synthetic_scale_500u_1022e_4p,k3,e211,113.95099887911661,113.95099887911661,0
synthetic_scale_500u_1022e_4p,k3,e212,109.34913161669076,109.34913161669076,0
synthetic_scale_500u_1022e_4p,k3,e213,129.50969295684214,129.50969295684214,0
synthetic_scale_500u_1022e_4p,k3,e214,82.17620111474756,82.17620111474756,0
synthetic_scale_500u_1022e_4p,k3,e215,112.63617966128065,112.63617966128065,0
synthetic_scale_500u_1022e_4p,k3,e216,103.43244513642892,103.43244513642892,0
synthetic_scale_500u_1022e_4p,k3,e217,114.6084084880346,114.6084084880346,0
synthetic_scale_500u_1022e_4p,k3,e218,115.04668156064659,115.04668156064659,0
synthetic_scale_500u_1022e_4p,k3,e219,116.58063731478853,116.58063731478853,0
synthetic_scale_500u_1022e_4p,k3,e220,107.3769027899368,107.3769027899368,0
synthetic_scale_500u_1022e_4p,k3,e221,117.45718346001252,117.45718346001252,0
synthetic_scale_500u_1022e_4p,k3,e222,113.07445273389264,113.07445273389264,0
synthetic_scale_500u_1022e_4p,k3,e223,92.69475485743524,92.69475485743524,0
synthetic_scale_500u_1022e_4p,k3,e224,84.80583955041948,84.80583955041948,0
synthetic_scale_500u_1022e_4p,k3,e225,108.25344893516079,108.25344893516079,0
synthetic_scale_500u_1022e_4p,k3,e226,111.75963351605668,111.75963351605668,0
synthetic_scale_500u_1022e_4p,k3,e227,101.89848938228697,101.89848938228697,0
synthetic_scale_500u_1022e_4p,k3,e228,104.08985474534691,104.08985474534691,0
synthetic_scale_500u_1022e_4p,k3,e229,99.26885094661505,99.26885094661505,0
synthetic_scale_500u_1022e_4p,k3,e230,113.51272580650463,113.51272580650463,0
synthetic_scale_500u_1022e_4p,k3,e231,90.72252603068131,90.72252603068131,0
synthetic_scale_500u_1022e_4p,k3,e232,82.83361072366554,82.83361072366554,0
synthetic_scale_500u_1022e_4p,k3,e233,95.32439329310716,95.32439329310716,0
synthetic_scale_500u_1022e_4p,k3,e234,115.92322770587056,115.92322770587056,0
synthetic_scale_500u_1022e_4p,k3,e235,114.3892719517286,114.3892719517286,0
synthetic_scale_500u_1022e_4p,k3,e236,92.03734524851727,92.03734524851727,0
synthetic_scale_500u_1022e_4p,k3,e237,100.36453362814503,100.36453362814503,0
synthetic_scale_500u_1022e_4p,k3,e238,111.54049697975069,111.54049697975069,0
synthetic_scale_500u_1022e_4p,k3,e239,88.75029720392736,88.75029720392736,0
synthetic_scale_500u_1022e_4p,k3,e240,128.85228334792419,128.85228334792419,0
synthetic_scale_500u_1022e_4p,k3,e241,93.35216446635323,93.35216446635323,0
synthetic_scale_500u_1022e_4p,k3,e242,85.46324915933747,85.46324915933747,0
synthetic_scale_500u_1022e_4p,k3,e243,109.34913161669076,109.34913161669076,0
synthetic_scale_500u_1022e_4p,k3,e244,129.50969295684214,129.50969295684214,0
synthetic_scale_500u_1022e_4p,k3,e245,82.17620111474756,82.17620111474756,0
synthetic_scale_500u_1022e_4p,k3,e246,105.18553742687688,105.18553742687688,0
synthetic_scale_500u_1022e_4p,k3,e247,99.04971441030906,99.04971441030906,0
synthetic_scale_500u_1022e_4p,k3,e248,125.56523530333428,125.56523530333428,0
synthetic_scale_500u_1022e_4p,k3,e249,91.37993563959928,91.37993563959928,0
synthetic_scale_500u_1022e_4p,k3,e250,116.58063731478853,116.58063731478853,0
synthetic_scale_500u_1022e_4p,k3,e251,0.0,0.0,0
synthetic_scale_500u_1022e_4p,k3,e252,0.0,0.0,0
synthetic_scale_500u_1022e_4p,k3,e253,0.0,0.0,0
synthetic_scale_500u_1022e_4p,k3,e254,53.778297374853864,53.778297374853864,0
synthetic_scale_500u_1022e_4p,k3,e255,59.30492082049102,59.30492082049102,0
synthetic_scale_500u_1022e_4p,k3,e256,37.62355191837602,37.62355191837602,0
synthetic_scale_500u_1022e_4p,k3,e257,72.48379211393346,72.48379211393346,0
synthetic_scale_500u_1022e_4p,k3,e258,56.32904665745563,56.32904665745563,0
synthetic_scale_500u_1022e_4p,k3,e259,67.38229354872993,67.38229354872993,0
synthetic_scale_500u_1022e_4p,k3,e260,29.97130407057073,29.97130407057073,0
synthetic_scale_500u_1022e_4p,k3,e261,62.28079498352641,62.28079498352641,0
synthetic_scale_500u_1022e_4p,k3,e262,56.11648421723881,56.11648421723881,0
synthetic_scale_500u_1022e_4p,k3,e263,44.00042512488044,44.00042512488044,0
synthetic_scale_500u_1022e_4p,k3,e264,42.08736316292911,42.08736316292911,0
synthetic_scale_500u_1022e_4p,k3,e265,52.07779785311936,52.07779785311936,0
synthetic_scale_500u_1022e_4p,k3,e266,58.029546179190135,58.029546179190135,0
synthetic_scale_500u_1022e_4p,k3,e267,46.97629928791582,46.97629928791582,0
synthetic_scale_500u_1022e_4p,k3,e268,54.20342225528749,54.20342225528749,0
synthetic_scale_500u_1022e_4p,k3,e269,54.20342225528749,54.20342225528749,0
synthetic_scale_500u_1022e_4p,k3,e270,65.68179402699543,65.68179402699543,0
synthetic_scale_500u_1022e_4p,k3,e271,48.46423636943352,48.46423636943352,0
synthetic_scale_500u_1022e_4p,k3,e272,46.5511744074822,46.5511744074822,0
synthetic_scale_500u_1022e_4p,k3,e273,54.41598469550431,54.41598469550431,0
synthetic_scale_500u_1022e_4p,k3,e274,55.47879689658837,55.47879689658837,0
synthetic_scale_500u_1022e_4p,k3,e275,40.81198852162823,40.81198852162823,0
synthetic_scale_500u_1022e_4p,k3,e276,38.8989265596769,38.8989265596769,0
synthetic_scale_500u_1022e_4p,k3,e277,74.18429163566798,74.18429163566798,0
synthetic_scale_500u_1022e_4p,k3,e278,48.25167392921671,48.25167392921671,0
synthetic_scale_500u_1022e_4p,k3,e279,69.08279307046445,69.08279307046445,0
synthetic_scale_500u_1022e_4p,k3,e280,43.15017536401318,43.15017536401318,0
synthetic_scale_500u_1022e_4p,k3,e281,49.101923690083964,49.101923690083964,0
synthetic_scale_500u_1022e_4p,k3,e282,47.188861728132636,47.188861728132636,0
synthetic_scale_500u_1022e_4p,k3,e283,45.275799766181315,45.275799766181315,0
synthetic_scale_500u_1022e_4p,k3,e284,43.362737804229994,43.362737804229994,0
synthetic_scale_500u_1022e_4p,k3,e285,53.778297374853864,53.778297374853864,0
synthetic_scale_500u_1022e_4p,k3,e286,59.30492082049102,59.30492082049102,0
synthetic_scale_500u_1022e_4p,k3,e287,37.62355191837602,37.62355191837602,0
synthetic_scale_500u_1022e_4p,k3,e288,72.48379211393346,72.48379211393346,0
synthetic_scale_500u_1022e_4p,k3,e289,33.797427994473374,33.797427994473374,0
synthetic_scale_500u_1022e_4p,k3,e290,51.65267297268573,51.65267297268573,0
synthetic_scale_500u_1022e_4p,k3,e291,41.44967584227867,41.44967584227867,0
synthetic_scale_500u_1022e_4p,k3,e292,65.2566691465618,65.2566691465618,0
synthetic_scale_500u_1022e_4p,k3,e293,45.91348708683176,45.91348708683176,0
synthetic_scale_500u_1022e_4p,k3,e294,73.33404187480072,73.33404187480072,0
synthetic_scale_500u_1022e_4p,k3,e295,42.08736316292911,42.08736316292911,0
synthetic_scale_500u_1022e_4p,k3,e296,52.07779785311936,52.07779785311936,0
synthetic_scale_500u_1022e_4p,k3,e297,58.029546179190135,58.029546179190135,0
synthetic_scale_500u_1022e_4p,k3,e298,60.5802954617919,60.5802954617919,0
synthetic_scale_500u_1022e_4p,k3,e299,54.20342225528749,54.20342225528749,0
synthetic_scale_500u_1022e_4p,k3,e300,41.874800722712294,41.874800722712294,0
synthetic_scale_500u_1022e_4p,k3,e301,50.37729833138484,50.37729833138484,0
synthetic_scale_500u_1022e_4p,k3,e302,48.46423636943352,48.46423636943352,0
synthetic_scale_500u_1022e_4p,k3,e303,63.55616962482729,63.55616962482729,0
synthetic_scale_500u_1022e_4p,k3,e304,44.63811244553087,44.63811244553087,0
synthetic_scale_500u_1022e_4p,k3,e305,55.47879689658837,55.47879689658837,0
synthetic_scale_500u_1022e_4p,k3,e306,40.81198852162823,40.81198852162823,0
synthetic_scale_500u_1022e_4p,k3,e307,64.83154426612818,64.83154426612818,0
synthetic_scale_500u_1022e_4p,k3,e308,74.18429163566798,74.18429163566798,0
synthetic_scale_500u_1022e_4p,k3,e309,35.07280263577426,35.07280263577426,0
synthetic_scale_500u_1022e_4p,k3,e310,69.08279307046445,69.08279307046445,0
synthetic_scale_500u_1022e_4p,k3,e311,31.246678711871613,31.246678711871613,0
synthetic_scale_500u_1022e_4p,k3,e312,63.98129450526092,63.98129450526092,0
synthetic_scale_500u_1022e_4p,k3,e313,57.81698373897332,57.81698373897332,0
synthetic_scale_500u_1022e_4p,k3,e314,45.275799766181315,45.275799766181315,0
synthetic_scale_500u_1022e_4p,k3,e315,52.71548517376979,52.71548517376979,0
synthetic_scale_500u_1022e_4p,k3,e316,41.44967584227867,41.44967584227867,0
synthetic_scale_500u_1022e_4p,k3,e317,59.30492082049102,59.30492082049102,0
synthetic_scale_500u_1022e_4p,k3,e318,54.819853331968325,54.819853331968325,0
synthetic_scale_500u_1022e_4p,k3,e319,55.47879689658837,55.47879689658837,0
synthetic_scale_500u_1022e_4p,k3,e320,43.57530024444681,43.57530024444681,0
synthetic_scale_500u_1022e_4p,k3,e321,67.38229354872993,67.38229354872993,0
synthetic_scale_500u_1022e_4p,k3,e322,41.44967584227867,41.44967584227867,0
synthetic_scale_500u_1022e_4p,k3,e323,65.2566691465618,65.2566691465618,0
synthetic_scale_500u_1022e_4p,k3,e324,56.11648421723881,56.11648421723881,0
synthetic_scale_500u_1022e_4p,k3,e325,44.00042512488044,44.00042512488044,0
synthetic_scale_500u_1022e_4p,k3,e326,42.08736316292911,42.08736316292911,0
synthetic_scale_500u_1022e_4p,k3,e327,52.07779785311936,52.07779785311936,0
synthetic_scale_500u_1022e_4p,k3,e328,58.029546179190135,58.029546179190135,0
synthetic_scale_500u_1022e_4p,k3,e329,46.97629928791582,46.97629928791582,0
synthetic_scale_500u_1022e_4p,k3,e330,70.78329259219896,70.78329259219896,0
synthetic_scale_500u_1022e_4p,k3,e331,32.522053353172495,32.522053353172495,0
synthetic_scale_500u_1022e_4p,k3,e332,50.37729833138484,50.37729833138484,0
synthetic_scale_500u_1022e_4p,k3,e333,59.517483260707834,59.517483260707834,0
synthetic_scale_500u_1022e_4p,k3,e334,63.55616962482729,63.55616962482729,0
synthetic_scale_500u_1022e_4p,k3,e335,44.63811244553087,44.63811244553087,0
synthetic_scale_500u_1022e_4p,k3,e336,71.20841747263259,71.20841747263259,0
synthetic_scale_500u_1022e_4p,k3,e337,40.81198852162823,40.81198852162823,0
synthetic_scale_500u_1022e_4p,k3,e338,53.353172494420235,53.353172494420235,0
synthetic_scale_500u_1022e_4p,k3,e339,56.754171537889256,56.754171537889256,0
synthetic_scale_500u_1022e_4p,k3,e340,35.07280263577426,35.07280263577426,0
synthetic_scale_500u_1022e_4p,k3,e341,69.08279307046445,69.08279307046445,0
synthetic_scale_500u_1022e_4p,k3,e342,31.246678711871613,31.246678711871613,0
synthetic_scale_500u_1022e_4p,k3,e343,63.98129450526092,63.98129450526092,0
synthetic_scale_500u_1022e_4p,k3,e344,57.81698373897332,57.81698373897332,0
synthetic_scale_500u_1022e_4p,k3,e345,61.855670103092784,61.855670103092784,0
synthetic_scale_500u_1022e_4p,k3,e346,52.71548517376979,52.71548517376979,0
synthetic_scale_500u_1022e_4p,k3,e347,56.754171537889256,56.754171537889256,0
synthetic_scale_500u_1022e_4p,k3,e348,59.30492082049102,59.30492082049102,0
synthetic_scale_500u_1022e_4p,k3,e349,48.676798809650336,48.676798809650336,0
synthetic_scale_500u_1022e_4p,k3,e350,55.47879689658837,55.47879689658837,0
synthetic_scale_500u_1022e_4p,k3,e351,56.32904665745563,56.32904665745563,0
synthetic_scale_500u_1022e_4p,k3,e352,51.65267297268573,51.65267297268573,0
synthetic_scale_500u_1022e_4p,k3,e353,41.44967584227867,41.44967584227867,0
synthetic_scale_500u_1022e_4p,k3,e354,65.2566691465618,65.2566691465618,0
synthetic_scale_500u_1022e_4p,k3,e355,56.11648421723881,56.11648421723881,0
synthetic_scale_500u_1022e_4p,k3,e356,60.15517058135828,60.15517058135828,0
synthetic_scale_500u_1022e_4p,k3,e357,42.08736316292911,42.08736316292911,0
synthetic_scale_500u_1022e_4p,k3,e358,66.95716866829632,66.95716866829632,0
synthetic_scale_500u_1022e_4p,k3,e359,58.029546179190135,58.029546179190135,0
synthetic_scale_500u_1022e_4p,k3,e360,46.97629928791582,46.97629928791582,0
synthetic_scale_500u_1022e_4p,k3,e361,54.20342225528749,54.20342225528749,0
synthetic_scale_500u_1022e_4p,k3,e362,44.85067488574769,44.85067488574769,0
synthetic_scale_500u_1022e_4p,k3,e363,50.37729833138484,50.37729833138484,0
synthetic_scale_500u_1022e_4p,k3,e364,48.46423636943352,48.46423636943352,0
synthetic_scale_500u_1022e_4p,k3,e365,63.55616962482729,63.55616962482729,0
synthetic_scale_500u_1022e_4p,k3,e366,44.63811244553087,44.63811244553087,0
synthetic_scale_500u_1022e_4p,k3,e367,71.20841747263259,71.20841747263259,0
synthetic_scale_500u_1022e_4p,k3,e368,40.81198852162823,40.81198852162823,0
synthetic_scale_500u_1022e_4p,k3,e369,50.37729833138484,50.37729833138484,0
synthetic_scale_500u_1022e_4p,k3,e370,56.754171537889256,56.754171537889256,0
synthetic_scale_500u_1022e_4p,k3,e371,45.275799766181315,45.275799766181315,0
synthetic_scale_500u_1022e_4p,k3,e372,69.08279307046445,69.08279307046445,0
synthetic_scale_500u_1022e_4p,k3,e373,43.15017536401318,43.15017536401318,0
synthetic_scale_500u_1022e_4p,k3,e374,49.101923690083964,49.101923690083964,0
synthetic_scale_500u_1022e_4p,k3,e375,57.81698373897332,57.81698373897332,0
synthetic_scale_500u_1022e_4p,k3,e376,45.275799766181315,45.275799766181315,0
synthetic_scale_500u_1022e_4p,k3,e377,52.71548517376979,52.71548517376979,0
synthetic_scale_500u_1022e_4p,k3,e378,41.44967584227867,41.44967584227867,0
synthetic_scale_500u_1022e_4p,k3,e379,59.30492082049102,59.30492082049102,0
synthetic_scale_500u_1022e_4p,k3,e380,37.62355191837602,37.62355191837602,0
synthetic_scale_500u_1022e_4p,k3,e381,72.48379211393346,72.48379211393346,0
synthetic_scale_500u_1022e_4p,k3,e382,56.32904665745563,56.32904665745563,0
synthetic_scale_500u_1022e_4p,k3,e383,67.38229354872993,67.38229354872993,0
synthetic_scale_500u_1022e_4p,k3,e384,29.97130407057073,29.97130407057073,0
synthetic_scale_500u_1022e_4p,k3,e385,79.71091508130513,79.71091508130513,0
synthetic_scale_500u_1022e_4p,k3,e386,56.11648421723881,56.11648421723881,0
synthetic_scale_500u_1022e_4p,k3,e387,44.00042512488044,44.00042512488044,0
synthetic_scale_500u_1022e_4p,k3,e388,42.08736316292911,42.08736316292911,0
synthetic_scale_500u_1022e_4p,k3,e389,40.17430120097779,40.17430120097779,0
synthetic_scale_500u_1022e_4p,k3,e390,58.029546179190135,58.029546179190135,0
synthetic_scale_500u_1022e_4p,k3,e391,36.34817727707514,36.34817727707514,0
synthetic_scale_500u_1022e_4p,k3,e392,54.20342225528749,54.20342225528749,0
synthetic_scale_500u_1022e_4p,k3,e393,52.09905409707089,52.09905409707089,0
synthetic_scale_500u_1022e_4p,k3,e394,50.37729833138484,50.37729833138484,0
synthetic_scale_500u_1022e_4p,k3,e395,59.517483260707834,59.517483260707834,0
synthetic_scale_500u_1022e_4p,k3,e396,63.55616962482729,63.55616962482729,0
synthetic_scale_500u_1022e_4p,k3,e397,44.63811244553087,44.63811244553087,0
synthetic_scale_500u_1022e_4p,k3,e398,42.72505048357955,42.72505048357955,0
synthetic_scale_500u_1022e_4p,k3,e399,40.81198852162823,40.81198852162823,0
synthetic_scale_500u_1022e_4p,k3,e400,38.8989265596769,38.8989265596769,0
synthetic_scale_500u_1022e_4p,k3,e401,56.754171537889256,56.754171537889256,0
synthetic_scale_500u_1022e_4p,k3,e402,45.275799766181315,45.275799766181315,0
synthetic_scale_500u_1022e_4p,k3,e403,52.92804761398661,52.92804761398661,0
synthetic_scale_500u_1022e_4p,k3,e404,43.15017536401318,43.15017536401318,0
synthetic_scale_500u_1022e_4p,k3,e405,49.101923690083964,49.101923690083964,0
synthetic_scale_500u_1022e_4p,k3,e406,57.81698373897332,57.81698373897332,0
synthetic_scale_500u_1022e_4p,k3,e407,58.87979594005739,58.87979594005739,0
synthetic_scale_500u_1022e_4p,k3,e408,43.362737804229994,43.362737804229994,0
synthetic_scale_500u_1022e_4p,k3,e409,53.778297374853864,53.778297374853864,0
synthetic_scale_500u_1022e_4p,k3,e410,59.30492082049102,59.30492082049102,0
synthetic_scale_500u_1022e_4p,k3,e411,62.70591986396004,62.70591986396004,0
synthetic_scale_500u_1022e_4p,k3,e412,72.48379211393346,72.48379211393346,0
synthetic_scale_500u_1022e_4p,k3,e413,46.5511744074822,46.5511744074822,0
synthetic_scale_500u_1022e_4p,k3,e414,51.65267297268573,51.65267297268573,0
synthetic_scale_500u_1022e_4p,k3,e415,41.44967584227867,41.44967584227867,0
synthetic_scale_500u_1022e_4p,k3,e416,65.2566691465618,65.2566691465618,0
synthetic_scale_500u_1022e_4p,k3,e417,56.11648421723881,56.11648421723881,0
synthetic_scale_500u_1022e_4p,k3,e418,44.00042512488044,44.00042512488044,0
synthetic_scale_500u_1022e_4p,k3,e419,42.08736316292911,42.08736316292911,0
synthetic_scale_500u_1022e_4p,k3,e420,52.07779785311936,52.07779785311936,0
synthetic_scale_500u_1022e_4p,k3,e421,58.029546179190135,58.029546179190135,0
synthetic_scale_500u_1022e_4p,k3,e422,60.5802954617919,60.5802954617919,0
synthetic_scale_500u_1022e_4p,k3,e423,54.20342225528749,54.20342225528749,0
synthetic_scale_500u_1022e_4p,k3,e424,44.85067488574769,44.85067488574769,0
synthetic_scale_500u_1022e_4p,k3,e425,65.68179402699543,65.68179402699543,0
synthetic_scale_500u_1022e_4p,k3,e426,59.517483260707834,59.517483260707834,0
synthetic_scale_500u_1022e_4p,k3,e427,46.5511744074822,46.5511744074822,0
synthetic_scale_500u_1022e_4p,k3,e428,54.41598469550431,54.41598469550431,0
synthetic_scale_500u_1022e_4p,k3,e429,71.20841747263259,71.20841747263259,0
synthetic_scale_500u_1022e_4p,k3,e430,40.81198852162823,40.81198852162823,0
synthetic_scale_500u_1022e_4p,k3,e431,38.8989265596769,38.8989265596769,0
synthetic_scale_500u_1022e_4p,k3,e432,74.18429163566798,74.18429163566798,0
synthetic_scale_500u_1022e_4p,k3,e433,35.07280263577426,35.07280263577426,0
synthetic_scale_500u_1022e_4p,k3,e434,69.08279307046445,69.08279307046445,0
synthetic_scale_500u_1022e_4p,k3,e435,31.246678711871613,31.246678711871613,0
synthetic_scale_500u_1022e_4p,k3,e436,63.98129450526092,63.98129450526092,0
synthetic_scale_500u_1022e_4p,k3,e437,47.188861728132636,47.188861728132636,0
synthetic_scale_500u_1022e_4p,k3,e438,58.87979594005739,58.87979594005739,0
synthetic_scale_500u_1022e_4p,k3,e439,52.71548517376979,52.71548517376979,0
synthetic_scale_500u_1022e_4p,k3,e440,53.778297374853864,53.778297374853864,0
synthetic_scale_500u_1022e_4p,k3,e441,59.30492082049102,59.30492082049102,0
synthetic_scale_500u_1022e_4p,k3,e442,48.676798809650336,48.676798809650336,0
synthetic_scale_500u_1022e_4p,k3,e443,55.47879689658837,55.47879689658837,0
synthetic_scale_500u_1022e_4p,k3,e444,46.5511744074822,46.5511744074822,0
synthetic_scale_500u_1022e_4p,k3,e445,67.38229354872993,67.38229354872993,0
synthetic_scale_500u_1022e_4p,k3,e446,29.97130407057073,29.97130407057073,0
synthetic_scale_500u_1022e_4p,k3,e447,79.71091508130513,79.71091508130513,0
synthetic_scale_500u_1022e_4p,k3,e448,45.91348708683176,45.91348708683176,0
synthetic_scale_500u_1022e_4p,k3,e449,44.00042512488044,44.00042512488044,0
synthetic_scale_500u_1022e_4p,k3,e450,42.08736316292911,42.08736316292911,0
synthetic_scale_500u_1022e_4p,k3,e451,40.17430120097779,40.17430120097779,0
synthetic_scale_500u_1022e_4p,k3,e452,58.029546179190135,58.029546179190135,0
synthetic_scale_500u_1022e_4p,k3,e453,46.97629928791582,46.97629928791582,0
synthetic_scale_500u_1022e_4p,k3,e454,54.20342225528749,54.20342225528749,0
synthetic_scale_500u_1022e_4p,k3,e455,54.20342225528749,54.20342225528749,0
synthetic_scale_500u_1022e_4p,k3,e456,50.37729833138484,50.37729833138484,0
synthetic_scale_500u_1022e_4p,k3,e457,48.46423636943352,48.46423636943352,0
synthetic_scale_500u_1022e_4p,k3,e458,46.5511744074822,46.5511744074822,0
synthetic_scale_500u_1022e_4p,k3,e459,54.41598469550431,54.41598469550431,0
synthetic_scale_500u_1022e_4p,k3,e460,55.47879689658837,55.47879689658837,0
synthetic_scale_500u_1022e_4p,k3,e461,40.81198852162823,40.81198852162823,0
synthetic_scale_500u_1022e_4p,k3,e462,53.353172494420235,53.353172494420235,0
synthetic_scale_500u_1022e_4p,k3,e463,56.754171537889256,56.754171537889256,0
synthetic_scale_500u_1022e_4p,k3,e464,35.07280263577426,35.07280263577426,0
synthetic_scale_500u_1022e_4p,k3,e465,52.92804761398661,52.92804761398661,0
synthetic_scale_500u_1022e_4p,k3,e466,31.246678711871613,31.246678711871613,0
synthetic_scale_500u_1022e_4p,k3,e467,49.101923690083964,49.101923690083964,0
synthetic_scale_500u_1022e_4p,k3,e468,47.188861728132636,47.188861728132636,0
synthetic_scale_500u_1022e_4p,k3,e469,45.275799766181315,45.275799766181315,0
synthetic_scale_500u_1022e_4p,k3,e470,43.362737804229994,43.362737804229994,0
synthetic_scale_500u_1022e_4p,k3,e471,69.08279307046445,69.08279307046445,0
synthetic_scale_500u_1022e_4p,k3,e472,59.30492082049102,59.30492082049102,0
synthetic_scale_500u_1022e_4p,k3,e473,51.65267297268573,51.65267297268573,0
synthetic_scale_500u_1022e_4p,k3,e474,55.47879689658837,55.47879689658837,0
synthetic_scale_500u_1022e_4p,k3,e475,33.797427994473374,33.797427994473374,0
synthetic_scale_500u_1022e_4p,k3,e476,67.38229354872993,67.38229354872993,0
synthetic_scale_500u_1022e_4p,k3,e477,29.97130407057073,29.97130407057073,0
synthetic_scale_500u_1022e_4p,k3,e478,62.28079498352641,62.28079498352641,0
synthetic_scale_500u_1022e_4p,k3,e479,45.91348708683176,45.91348708683176,0
synthetic_scale_500u_1022e_4p,k3,e480,44.00042512488044,44.00042512488044,0
synthetic_scale_500u_1022e_4p,k3,e481,42.08736316292911,42.08736316292911,0
synthetic_scale_500u_1022e_4p,k3,e482,66.95716866829632,66.95716866829632,0
synthetic_scale_500u_1022e_4p,k3,e483,58.029546179190135,58.029546179190135,0
synthetic_scale_500u_1022e_4p,k3,e484,36.34817727707514,36.34817727707514,0
synthetic_scale_500u_1022e_4p,k3,e485,54.20342225528749,54.20342225528749,0
synthetic_scale_500u_1022e_4p,k3,e486,32.522053353172495,32.522053353172495,0
synthetic_scale_500u_1022e_4p,k3,e487,50.37729833138484,50.37729833138484,0
synthetic_scale_500u_1022e_4p,k3,e488,59.517483260707834,59.517483260707834,0
synthetic_scale_500u_1022e_4p,k3,e489,46.5511744074822,46.5511744074822,0
synthetic_scale_500u_1022e_4p,k3,e490,54.41598469550431,54.41598469550431,0
synthetic_scale_500u_1022e_4p,k3,e491,71.20841747263259,71.20841747263259,0
synthetic_scale_500u_1022e_4p,k3,e492,40.81198852162823,40.81198852162823,0
synthetic_scale_500u_1022e_4p,k3,e493,38.8989265596769,38.8989265596769,0
synthetic_scale_500u_1022e_4p,k3,e494,56.754171537889256,56.754171537889256,0
synthetic_scale_500u_1022e_4p,k3,e495,45.275799766181315,45.275799766181315,0
synthetic_scale_500u_1022e_4p,k3,e496,52.92804761398661,52.92804761398661,0
synthetic_scale_500u_1022e_4p,k3,e497,43.15017536401318,43.15017536401318,0
synthetic_scale_500u_1022e_4p,k3,e498,63.98129450526092,63.98129450526092,0
synthetic_scale_500u_1022e_4p,k3,e499,57.81698373897332,57.81698373897332,0
synthetic_scale_500u_1022e_4p,k3,e500,45.275799766181315,45.275799766181315,0
synthetic_scale_500u_1022e_4p,k3,e501,43.362737804229994,43.362737804229994,0
synthetic_scale_500u_1022e_4p,k3,e502,53.778297374853864,53.778297374853864,0
synthetic_scale_500u_1022e_4p,k3,e503,59.30492082049102,59.30492082049102,0
synthetic_scale_500u_1022e_4p,k3,e504,0.0,0.0,0
synthetic_scale_500u_1022e_4p,k3,e505,0.0,0.0,0
synthetic_scale_500u_1022e_4p,k3,e506,0.0,0.0,0
synthetic_scale_500u_1022e_4p,k3,e507,0.0,0.0,0
synthetic_scale_500u_1022e_4p,k3,e508,0.0,0.0,0
synthetic_scale_500u_1022e_4p,k3,e509,0.0,0.0,0
synthetic_scale_500u_1022e_4p,k3,e510,29.896907216494846,29.896907216494846,0
synthetic_scale_500u_1022e_4p,k3,e511,22.2680412371134,22.2680412371134,0
synthetic_scale_500u_1022e_4p,k3,e512,26.5979381443299,26.5979381443299,0
synthetic_scale_500u_1022e_4p,k3,e513,30.927835051546392,30.927835051546392,0
synthetic_scale_500u_1022e_4p,k3,e514,16.082474226804123,16.082474226804123,0
synthetic_scale_500u_1022e_4p,k3,e515,20.412371134020617,20.412371134020617,0
synthetic_scale_500u_1022e_4p,k3,e516,41.23711340206186,41.23711340206186,0
synthetic_scale_500u_1022e_4p,k3,e517,29.072164948453608,29.072164948453608,0
synthetic_scale_500u_1022e_4p,k3,e518,23.711340206185568,23.711340206185568,0
synthetic_scale_500u_1022e_4p,k3,e519,30.927835051546392,30.927835051546392,0
synthetic_scale_500u_1022e_4p,k3,e520,38.144329896907216,38.144329896907216,0
synthetic_scale_500u_1022e_4p,k3,e521,27.216494845360824,27.216494845360824,0
synthetic_scale_500u_1022e_4p,k3,e522,12.371134020618557,12.371134020618557,0
synthetic_scale_500u_1022e_4p,k3,e523,16.701030927835053,16.701030927835053,0
synthetic_scale_500u_1022e_4p,k3,e524,35.05154639175258,35.05154639175258,0
synthetic_scale_500u_1022e_4p,k3,e525,25.36082474226804,25.36082474226804,0
synthetic_scale_500u_1022e_4p,k3,e526,29.690721649484537,29.690721649484537,0
synthetic_scale_500u_1022e_4p,k3,e527,24.742268041237114,24.742268041237114,0
synthetic_scale_500u_1022e_4p,k3,e528,19.175257731958762,19.175257731958762,0
synthetic_scale_500u_1022e_4p,k3,e529,23.50515463917526,23.50515463917526,0
synthetic_scale_500u_1022e_4p,k3,e530,27.835051546391753,27.835051546391753,0
synthetic_scale_500u_1022e_4p,k3,e531,12.989690721649485,12.989690721649485,0
synthetic_scale_500u_1022e_4p,k3,e532,28.8659793814433,28.8659793814433,0
synthetic_scale_500u_1022e_4p,k3,e533,21.649484536082475,21.649484536082475,0
synthetic_scale_500u_1022e_4p,k3,e534,25.97938144329897,25.97938144329897,0
synthetic_scale_500u_1022e_4p,k3,e535,30.309278350515463,30.309278350515463,0
synthetic_scale_500u_1022e_4p,k3,e536,25.77319587628866,25.77319587628866,0
synthetic_scale_500u_1022e_4p,k3,e537,19.79381443298969,19.79381443298969,0
synthetic_scale_500u_1022e_4p,k3,e538,24.123711340206185,24.123711340206185,0
synthetic_scale_500u_1022e_4p,k3,e539,28.45360824742268,28.45360824742268,0
synthetic_scale_500u_1022e_4p,k3,e540,22.68041237113402,22.68041237113402,0
synthetic_scale_500u_1022e_4p,k3,e541,29.896907216494846,29.896907216494846,0
synthetic_scale_500u_1022e_4p,k3,e542,37.11340206185567,37.11340206185567,0
synthetic_scale_500u_1022e_4p,k3,e543,26.5979381443299,26.5979381443299,0
synthetic_scale_500u_1022e_4p,k3,e544,30.927835051546392,30.927835051546392,0
synthetic_scale_500u_1022e_4p,k3,e545,16.082474226804123,16.082474226804123,0
synthetic_scale_500u_1022e_4p,k3,e546,20.412371134020617,20.412371134020617,0
synthetic_scale_500u_1022e_4p,k3,e547,24.742268041237114,24.742268041237114,0
synthetic_scale_500u_1022e_4p,k3,e548,29.072164948453608,29.072164948453608,0
synthetic_scale_500u_1022e_4p,k3,e549,23.711340206185568,23.711340206185568,0
synthetic_scale_500u_1022e_4p,k3,e550,30.927835051546392,30.927835051546392,0
synthetic_scale_500u_1022e_4p,k3,e551,22.88659793814433,22.88659793814433,0
synthetic_scale_500u_1022e_4p,k3,e552,27.216494845360824,27.216494845360824,0
synthetic_scale_500u_1022e_4p,k3,e553,12.371134020618557,12.371134020618557,0
synthetic_scale_500u_1022e_4p,k3,e554,16.701030927835053,16.701030927835053,0
synthetic_scale_500u_1022e_4p,k3,e555,21.030927835051546,21.030927835051546,0
synthetic_scale_500u_1022e_4p,k3,e556,42.2680412371134,42.2680412371134,0
synthetic_scale_500u_1022e_4p,k3,e557,29.690721649484537,29.690721649484537,0
synthetic_scale_500u_1022e_4p,k3,e558,14.845360824742269,14.845360824742269,0
synthetic_scale_500u_1022e_4p,k3,e559,31.95876288659794,31.95876288659794,0
synthetic_scale_500u_1022e_4p,k3,e560,39.175257731958766,39.175257731958766,0
synthetic_scale_500u_1022e_4p,k3,e561,27.835051546391753,27.835051546391753,0
synthetic_scale_500u_1022e_4p,k3,e562,12.989690721649485,12.989690721649485,0
synthetic_scale_500u_1022e_4p,k3,e563,28.8659793814433,28.8659793814433,0
synthetic_scale_500u_1022e_4p,k3,e564,21.649484536082475,21.649484536082475,0
synthetic_scale_500u_1022e_4p,k3,e565,25.97938144329897,25.97938144329897,0
synthetic_scale_500u_1022e_4p,k3,e566,30.309278350515463,30.309278350515463,0
synthetic_scale_500u_1022e_4p,k3,e567,15.463917525773196,15.463917525773196,0
synthetic_scale_500u_1022e_4p,k3,e568,19.79381443298969,19.79381443298969,0
synthetic_scale_500u_1022e_4p,k3,e569,24.123711340206185,24.123711340206185,0
synthetic_scale_500u_1022e_4p,k3,e570,28.45360824742268,28.45360824742268,0
synthetic_scale_500u_1022e_4p,k3,e571,13.608247422680412,13.608247422680412,0
synthetic_scale_500u_1022e_4p,k3,e572,29.896907216494846,29.896907216494846,0
synthetic_scale_500u_1022e_4p,k3,e573,22.2680412371134,22.2680412371134,0
synthetic_scale_500u_1022e_4p,k3,e574,26.5979381443299,26.5979381443299,0
synthetic_scale_500u_1022e_4p,k3,e575,30.927835051546392,30.927835051546392,0
synthetic_scale_500u_1022e_4p,k3,e576,16.082474226804123,16.082474226804123,0
synthetic_scale_500u_1022e_4p,k3,e577,20.412371134020617,20.412371134020617,0
synthetic_scale_500u_1022e_4p,k3,e578,41.23711340206186,41.23711340206186,0
synthetic_scale_500u_1022e_4p,k3,e579,29.072164948453608,29.072164948453608,0
synthetic_scale_500u_1022e_4p,k3,e580,14.22680412371134,14.22680412371134,0
synthetic_scale_500u_1022e_4p,k3,e581,18.556701030927837,18.556701030927837,0
synthetic_scale_500u_1022e_4p,k3,e582,22.88659793814433,22.88659793814433,0
synthetic_scale_500u_1022e_4p,k3,e583,27.216494845360824,27.216494845360824,0
synthetic_scale_500u_1022e_4p,k3,e584,12.371134020618557,12.371134020618557,0
synthetic_scale_500u_1022e_4p,k3,e585,27.835051546391753,27.835051546391753,0
synthetic_scale_500u_1022e_4p,k3,e586,21.030927835051546,21.030927835051546,0
synthetic_scale_500u_1022e_4p,k3,e587,42.2680412371134,42.2680412371134,0
synthetic_scale_500u_1022e_4p,k3,e588,29.690721649484537,29.690721649484537,0
synthetic_scale_500u_1022e_4p,k3,e589,14.845360824742269,14.845360824742269,0
synthetic_scale_500u_1022e_4p,k3,e590,31.95876288659794,31.95876288659794,0
synthetic_scale_500u_1022e_4p,k3,e591,39.175257731958766,39.175257731958766,0
synthetic_scale_500u_1022e_4p,k3,e592,27.835051546391753,27.835051546391753,0
synthetic_scale_500u_1022e_4p,k3,e593,12.989690721649485,12.989690721649485,0
synthetic_scale_500u_1022e_4p,k3,e594,28.8659793814433,28.8659793814433,0
synthetic_scale_500u_1022e_4p,k3,e595,21.649484536082475,21.649484536082475,0
synthetic_scale_500u_1022e_4p,k3,e596,25.97938144329897,25.97938144329897,0
synthetic_scale_500u_1022e_4p,k3,e597,30.309278350515463,30.309278350515463,0
synthetic_scale_500u_1022e_4p,k3,e598,25.77319587628866,25.77319587628866,0
synthetic_scale_500u_1022e_4p,k3,e599,32.98969072164948,32.98969072164948,0
synthetic_scale_500u_1022e_4p,k3,e600,24.123711340206185,24.123711340206185,0
synthetic_scale_500u_1022e_4p,k3,e601,28.45360824742268,28.45360824742268,0
synthetic_scale_500u_1022e_4p,k3,e602,22.68041237113402,22.68041237113402,0
synthetic_scale_500u_1022e_4p,k3,e603,17.938144329896907,17.938144329896907,0
synthetic_scale_500u_1022e_4p,k3,e604,22.2680412371134,22.2680412371134,0
synthetic_scale_500u_1022e_4p,k3,e605,26.5979381443299,26.5979381443299,0
synthetic_scale_500u_1022e_4p,k3,e606,30.927835051546392,30.927835051546392,0
synthetic_scale_500u_1022e_4p,k3,e607,16.082474226804123,16.082474226804123,0
synthetic_scale_500u_1022e_4p,k3,e608,20.412371134020617,20.412371134020617,0
synthetic_scale_500u_1022e_4p,k3,e609,41.23711340206186,41.23711340206186,0
synthetic_scale_500u_1022e_4p,k3,e610,29.072164948453608,29.072164948453608,0
synthetic_scale_500u_1022e_4p,k3,e611,14.22680412371134,14.22680412371134,0
synthetic_scale_500u_1022e_4p,k3,e612,30.927835051546392,30.927835051546392,0
synthetic_scale_500u_1022e_4p,k3,e613,22.88659793814433,22.88659793814433,0
synthetic_scale_500u_1022e_4p,k3,e614,27.216494845360824,27.216494845360824,0
synthetic_scale_500u_1022e_4p,k3,e615,12.371134020618557,12.371134020618557,0
synthetic_scale_500u_1022e_4p,k3,e616,27.835051546391753,27.835051546391753,0
synthetic_scale_500u_1022e_4p,k3,e617,35.05154639175258,35.05154639175258,0
synthetic_scale_500u_1022e_4p,k3,e618,42.2680412371134,42.2680412371134,0
synthetic_scale_500u_1022e_4p,k3,e619,29.690721649484537,29.690721649484537,0
synthetic_scale_500u_1022e_4p,k3,e620,14.845360824742269,14.845360824742269,0
synthetic_scale_500u_1022e_4p,k3,e621,19.175257731958762,19.175257731958762,0
synthetic_scale_500u_1022e_4p,k3,e622,39.175257731958766,39.175257731958766,0
synthetic_scale_500u_1022e_4p,k3,e623,27.835051546391753,27.835051546391753,0
synthetic_scale_500u_1022e_4p,k3,e624,12.989690721649485,12.989690721649485,0
synthetic_scale_500u_1022e_4p,k3,e625,17.31958762886598,17.31958762886598,0
synthetic_scale_500u_1022e_4p,k3,e626,36.08247422680412,36.08247422680412,0
synthetic_scale_500u_1022e_4p,k3,e627,25.97938144329897,25.97938144329897,0
synthetic_scale_500u_1022e_4p,k3,e628,30.309278350515463,30.309278350515463,0
synthetic_scale_500u_1022e_4p,k3,e629,25.77319587628866,25.77319587628866,0
synthetic_scale_500u_1022e_4p,k3,e630,19.79381443298969,19.79381443298969,0
synthetic_scale_500u_1022e_4p,k3,e631,24.123711340206185,24.123711340206185,0
synthetic_scale_500u_1022e_4p,k3,e632,28.45360824742268,28.45360824742268,0
synthetic_scale_500u_1022e_4p,k3,e633,22.68041237113402,22.68041237113402,0
synthetic_scale_500u_1022e_4p,k3,e634,17.938144329896907,17.938144329896907,0
synthetic_scale_500u_1022e_4p,k3,e635,22.2680412371134,22.2680412371134,0
synthetic_scale_500u_1022e_4p,k3,e636,26.5979381443299,26.5979381443299,0
synthetic_scale_500u_1022e_4p,k3,e637,30.927835051546392,30.927835051546392,0
synthetic_scale_500u_1022e_4p,k3,e638,26.804123711340207,26.804123711340207,0
synthetic_scale_500u_1022e_4p,k3,e639,26.37113402066907,26.37113402066907,0
synthetic_scale_500u_1022e_4p,k3,e640,24.742268041237114,24.742268041237114,0
synthetic_scale_500u_1022e_4p,k3,e641,29.072164948453608,29.072164948453608,0
synthetic_scale_500u_1022e_4p,k3,e642,23.711340206185568,23.711340206185568,0
synthetic_scale_500u_1022e_4p,k3,e643,18.556701030927837,18.556701030927837,0
synthetic_scale_500u_1022e_4p,k3,e644,38.144329896907216,38.144329896907216,0
synthetic_scale_500u_1022e_4p,k3,e645,27.216494845360824,27.216494845360824,0
synthetic_scale_500u_1022e_4p,k3,e646,12.371134020618557,12.371134020618557,0
synthetic_scale_500u_1022e_4p,k3,e647,27.835051546391753,27.835051546391753,0
synthetic_scale_500u_1022e_4p,k3,e648,21.030927835051546,21.030927835051546,0
synthetic_scale_500u_1022e_4p,k3,e649,42.2680412371134,42.2680412371134,0
synthetic_scale_500u_1022e_4p,k3,e650,29.690721649484537,29.690721649484537,0
synthetic_scale_500u_1022e_4p,k3,e651,24.742268041237114,24.742268041237114,0
synthetic_scale_500u_1022e_4p,k3,e652,19.175257731958762,19.175257731958762,0
synthetic_scale_500u_1022e_4p,k3,e653,23.50515463917526,23.50515463917526,0
synthetic_scale_500u_1022e_4p,k3,e654,27.835051546391753,27.835051546391753,0
synthetic_scale_500u_1022e_4p,k3,e655,12.989690721649485,12.989690721649485,0
synthetic_scale_500u_1022e_4p,k3,e656,28.8659793814433,28.8659793814433,0
synthetic_scale_500u_1022e_4p,k3,e657,21.649484536082475,21.649484536082475,0
synthetic_scale_500u_1022e_4p,k3,e658,25.97938144329897,25.97938144329897,0
synthetic_scale_500u_1022e_4p,k3,e659,30.309278350515463,30.309278350515463,0
synthetic_scale_500u_1022e_4p,k3,e660,25.77319587628866,25.77319587628866,0
synthetic_scale_500u_1022e_4p,k3,e661,19.79381443298969,19.79381443298969,0
synthetic_scale_500u_1022e_4p,k3,e662,40.20618556701031,40.20618556701031,0
synthetic_scale_500u_1022e_4p,k3,e663,28.45360824742268,28.45360824742268,0
synthetic_scale_500u_1022e_4p,k3,e664,13.608247422680412,13.608247422680412,0
synthetic_scale_500u_1022e_4p,k3,e665,17.938144329896907,17.938144329896907,0
synthetic_scale_500u_1022e_4p,k3,e666,22.2680412371134,22.2680412371134,0
synthetic_scale_500u_1022e_4p,k3,e667,26.5979381443299,26.5979381443299,0
synthetic_scale_500u_1022e_4p,k3,e668,30.927835051546392,30.927835051546392,0
synthetic_scale_500u_1022e_4p,k3,e669,26.804123711340207,26.804123711340207,0
synthetic_scale_500u_1022e_4p,k3,e670,20.412371134020617,20.412371134020617,0
synthetic_scale_500u_1022e_4p,k3,e671,41.23711340206186,41.23711340206186,0
synthetic_scale_500u_1022e_4p,k3,e672,29.072164948453608,29.072164948453608,0
synthetic_scale_500u_1022e_4p,k3,e673,14.22680412371134,14.22680412371134,0
synthetic_scale_500u_1022e_4p,k3,e674,30.927835051546392,30.927835051546392,0
synthetic_scale_500u_1022e_4p,k3,e675,38.144329896907216,38.144329896907216,0
synthetic_scale_500u_1022e_4p,k3,e676,27.216494845360824,27.216494845360824,0
synthetic_scale_500u_1022e_4p,k3,e677,12.371134020618557,12.371134020618557,0
synthetic_scale_500u_1022e_4p,k3,e678,16.701030927835053,16.701030927835053,0
synthetic_scale_500u_1022e_4p,k3,e679,35.05154639175258,35.05154639175258,0
synthetic_scale_500u_1022e_4p,k3,e680,25.36082474226804,25.36082474226804,0
synthetic_scale_500u_1022e_4p,k3,e681,29.690721649484537,29.690721649484537,0
synthetic_scale_500u_1022e_4p,k3,e682,14.845360824742269,14.845360824742269,0
synthetic_scale_500u_1022e_4p,k3,e683,19.175257731958762,19.175257731958762,0
synthetic_scale_500u_1022e_4p,k3,e684,39.175257731958766,39.175257731958766,0
synthetic_scale_500u_1022e_4p,k3,e685,27.835051546391753,27.835051546391753,0
synthetic_scale_500u_1022e_4p,k3,e686,12.989690721649485,12.989690721649485,0
synthetic_scale_500u_1022e_4p,k3,e687,17.31958762886598,17.31958762886598,0
synthetic_scale_500u_1022e_4p,k3,e688,36.08247422680412,36.08247422680412,0
synthetic_scale_500u_1022e_4p,k3,e689,25.97938144329897,25.97938144329897,0
synthetic_scale_500u_1022e_4p,k3,e690,30.309278350515463,30.309278350515463,0
synthetic_scale_500u_1022e_4p,k3,e691,25.77319587628866,25.77319587628866,0
synthetic_scale_500u_1022e_4p,k3,e692,19.79381443298969,19.79381443298969,0
synthetic_scale_500u_1022e_4p,k3,e693,40.20618556701031,40.20618556701031,0
synthetic_scale_500u_1022e_4p,k3,e694,28.45360824742268,28.45360824742268,0
synthetic_scale_500u_1022e_4p,k3,e695,22.68041237113402,22.68041237113402,0
synthetic_scale_500u_1022e_4p,k3,e696,17.938144329896907,17.938144329896907,0
synthetic_scale_500u_1022e_4p,k3,e697,37.11340206185567,37.11340206185567,0
synthetic_scale_500u_1022e_4p,k3,e698,26.5979381443299,26.5979381443299,0
synthetic_scale_500u_1022e_4p,k3,e699,30.927835051546392,30.927835051546392,0
synthetic_scale_500u_1022e_4p,k3,e700,26.804123711340207,26.804123711340207,0
synthetic_scale_500u_1022e_4p,k3,e701,20.412371134020617,20.412371134020617,0
synthetic_scale_500u_1022e_4p,k3,e702,24.742268041237114,24.742268041237114,0
synthetic_scale_500u_1022e_4p,k3,e703,29.072164948453608,29.072164948453608,0
synthetic_scale_500u_1022e_4p,k3,e704,23.711340206185568,23.711340206185568,0
synthetic_scale_500u_1022e_4p,k3,e705,30.927835051546392,30.927835051546392,0
synthetic_scale_500u_1022e_4p,k3,e706,22.88659793814433,22.88659793814433,0
synthetic_scale_500u_1022e_4p,k3,e707,27.216494845360824,27.216494845360824,0
synthetic_scale_500u_1022e_4p,k3,e708,12.371134020618557,12.371134020618557,0
synthetic_scale_500u_1022e_4p,k3,e709,27.835051546391753,27.835051546391753,0
synthetic_scale_500u_1022e_4p,k3,e710,21.030927835051546,21.030927835051546,0
synthetic_scale_500u_1022e_4p,k3,e711,42.2680412371134,42.2680412371134,0
synthetic_scale_500u_1022e_4p,k3,e712,29.690721649484537,29.690721649484537,0
synthetic_scale_500u_1022e_4p,k3,e713,24.742268041237114,24.742268041237114,0
synthetic_scale_500u_1022e_4p,k3,e714,19.175257731958762,19.175257731958762,0
synthetic_scale_500u_1022e_4p,k3,e715,39.175257731958766,39.175257731958766,0
synthetic_scale_500u_1022e_4p,k3,e716,27.835051546391753,27.835051546391753,0
synthetic_scale_500u_1022e_4p,k3,e717,12.989690721649485,12.989690721649485,0
synthetic_scale_500u_1022e_4p,k3,e718,28.8659793814433,28.8659793814433,0
synthetic_scale_500u_1022e_4p,k3,e719,36.08247422680412,36.08247422680412,0
synthetic_scale_500u_1022e_4p,k3,e720,25.97938144329897,25.97938144329897,0
synthetic_scale_500u_1022e_4p,k3,e721,30.309278350515463,30.309278350515463,0
synthetic_scale_500u_1022e_4p,k3,e722,25.77319587628866,25.77319587628866,0
synthetic_scale_500u_1022e_4p,k3,e723,19.79381443298969,19.79381443298969,0
synthetic_scale_500u_1022e_4p,k3,e724,24.123711340206185,24.123711340206185,0
synthetic_scale_500u_1022e_4p,k3,e725,28.45360824742268,28.45360824742268,0
synthetic_scale_500u_1022e_4p,k3,e726,13.608247422680412,13.608247422680412,0
synthetic_scale_500u_1022e_4p,k3,e727,29.896907216494846,29.896907216494846,0
synthetic_scale_500u_1022e_4p,k3,e728,22.2680412371134,22.2680412371134,0
synthetic_scale_500u_1022e_4p,k3,e729,26.5979381443299,26.5979381443299,0
synthetic_scale_500u_1022e_4p,k3,e730,30.927835051546392,30.927835051546392,0
synthetic_scale_500u_1022e_4p,k3,e731,16.082474226804123,16.082474226804123,0
synthetic_scale_500u_1022e_4p,k3,e732,20.412371134020617,20.412371134020617,0
synthetic_scale_500u_1022e_4p,k3,e733,41.23711340206186,41.23711340206186,0
synthetic_scale_500u_1022e_4p,k3,e734,29.072164948453608,29.072164948453608,0
synthetic_scale_500u_1022e_4p,k3,e735,14.22680412371134,14.22680412371134,0
synthetic_scale_500u_1022e_4p,k3,e736,30.927835051546392,30.927835051546392,0
synthetic_scale_500u_1022e_4p,k3,e737,38.144329896907216,38.144329896907216,0
synthetic_scale_500u_1022e_4p,k3,e738,27.216494845360824,27.216494845360824,0
synthetic_scale_500u_1022e_4p,k3,e739,12.371134020618557,12.371134020618557,0
synthetic_scale_500u_1022e_4p,k3,e740,27.835051546391753,27.835051546391753,0
synthetic_scale_500u_1022e_4p,k3,e741,21.030927835051546,21.030927835051546,0
synthetic_scale_500u_1022e_4p,k3,e742,25.36082474226804,25.36082474226804,0
synthetic_scale_500u_1022e_4p,k3,e743,29.690721649484537,29.690721649484537,0
synthetic_scale_500u_1022e_4p,k3,e744,24.742268041237114,24.742268041237114,0
synthetic_scale_500u_1022e_4p,k3,e745,19.175257731958762,19.175257731958762,0
synthetic_scale_500u_1022e_4p,k3,e746,39.175257731958766,39.175257731958766,0
synthetic_scale_500u_1022e_4p,k3,e747,27.835051546391753,27.835051546391753,0
synthetic_scale_500u_1022e_4p,k3,e748,12.989690721649485,12.989690721649485,0
synthetic_scale_500u_1022e_4p,k3,e749,28.8659793814433,28.8659793814433,0
synthetic_scale_500u_1022e_4p,k3,e750,21.649484536082475,21.649484536082475,0
synthetic_scale_500u_1022e_4p,k3,e751,25.97938144329897,25.97938144329897,0
synthetic_scale_500u_1022e_4p,k3,e752,30.309278350515463,30.309278350515463,0
synthetic_scale_500u_1022e_4p,k3,e753,25.77319587628866,25.77319587628866,0
synthetic_scale_500u_1022e_4p,k3,e754,19.79381443298969,19.79381443298969,0
synthetic_scale_500u_1022e_4p,k3,e755,24.123711340206185,24.123711340206185,0
synthetic_scale_500u_1022e_4p,k3,e756,28.45360824742268,28.45360824742268,0
synthetic_scale_500u_1022e_4p,k3,e757,22.68041237113402,22.68041237113402,0
synthetic_scale_500u_1022e_4p,k3,e758,17.938144329896907,17.938144329896907,0
synthetic_scale_500u_1022e_4p,k3,e759,22.2680412371134,22.2680412371134,0
synthetic_scale_500u_1022e_4p,k3,e760,26.5979381443299,26.5979381443299,0
synthetic_scale_500u_1022e_4p,k3,e761,30.927835051546392,30.927835051546392,0
synthetic_scale_500u_1022e_4p,k3,e762,16.082474226804123,16.082474226804123,0
synthetic_scale_500u_1022e_4p,k3,e763,20.412371134020617,20.412371134020617,0
synthetic_scale_500u_1022e_4p,k3,e764,41.23711340206186,41.23711340206186,0
synthetic_scale_500u_1022e_4p,k3,e765,29.072164948453608,29.072164948453608,0
synthetic_scale_500u_1022e_4p,k3,e766,23.711340206185568,23.711340206185568,0
synthetic_scale_500u_1022e_4p,k3,e767,30.927835051546392,30.927835051546392,0
synthetic_scale_500u_1022e_4p,k3,e768,38.144329896907216,38.144329896907216,0
synthetic_scale_500u_1022e_4p,k3,e769,27.216494845360824,27.216494845360824,0
synthetic_scale_500u_1022e_4p,k3,e770,12.371134020618557,12.371134020618557,0
synthetic_scale_500u_1022e_4p,k3,e771,16.701030927835053,16.701030927835053,0
synthetic_scale_500u_1022e_4p,k3,e772,35.05154639175258,35.05154639175258,0
synthetic_scale_500u_1022e_4p,k3,e773,42.2680412371134,42.2680412371134,0
synthetic_scale_500u_1022e_4p,k3,e774,29.690721649484537,29.690721649484537,0
synthetic_scale_500u_1022e_4p,k3,e775,24.742268041237114,24.742268041237114,0
synthetic_scale_500u_1022e_4p,k3,e776,19.175257731958762,19.175257731958762,0
synthetic_scale_500u_1022e_4p,k3,e777,23.50515463917526,23.50515463917526,0
synthetic_scale_500u_1022e_4p,k3,e778,27.835051546391753,27.835051546391753,0
synthetic_scale_500u_1022e_4p,k3,e779,12.989690721649485,12.989690721649485,0
synthetic_scale_500u_1022e_4p,k3,e780,17.31958762886598,17.31958762886598,0
synthetic_scale_500u_1022e_4p,k3,e781,21.649484536082475,21.649484536082475,0
synthetic_scale_500u_1022e_4p,k3,e782,25.97938144329897,25.97938144329897,0
synthetic_scale_500u_1022e_4p,k3,e783,30.309278350515463,30.309278350515463,0
synthetic_scale_500u_1022e_4p,k3,e784,15.463917525773196,15.463917525773196,0
synthetic_scale_500u_1022e_4p,k3,e785,19.79381443298969,19.79381443298969,0
synthetic_scale_500u_1022e_4p,k3,e786,24.123711340206185,24.123711340206185,0
synthetic_scale_500u_1022e_4p,k3,e787,28.45360824742268,28.45360824742268,0
synthetic_scale_500u_1022e_4p,k3,e788,20.63917525766392,20.63917525766392,0
synthetic_scale_500u_1022e_4p,k3,e789,29.896907216494846,29.896907216494846,0
synthetic_scale_500u_1022e_4p,k3,e790,22.2680412371134,22.2680412371134,0
synthetic_scale_500u_1022e_4p,k3,e791,26.5979381443299,26.5979381443299,0
synthetic_scale_500u_1022e_4p,k3,e792,30.927835051546392,30.927835051546392,0
synthetic_scale_500u_1022e_4p,k3,e793,26.804123711340207,26.804123711340207,0
synthetic_scale_500u_1022e_4p,k3,e794,20.412371134020617,20.412371134020617,0
synthetic_scale_500u_1022e_4p,k3,e795,41.23711340206186,41.23711340206186,0
synthetic_scale_500u_1022e_4p,k3,e796,29.072164948453608,29.072164948453608,0
synthetic_scale_500u_1022e_4p,k3,e797,14.22680412371134,14.22680412371134,0
synthetic_scale_500u_1022e_4p,k3,e798,18.556701030927837,18.556701030927837,0
synthetic_scale_500u_1022e_4p,k3,e799,22.88659793814433,22.88659793814433,0
synthetic_scale_500u_1022e_4p,k3,e800,27.216494845360824,27.216494845360824,0
synthetic_scale_500u_1022e_4p,k3,e801,12.371134020618557,12.371134020618557,0
synthetic_scale_500u_1022e_4p,k3,e802,16.701030927835053,16.701030927835053,0
synthetic_scale_500u_1022e_4p,k3,e803,21.030927835051546,21.030927835051546,0
synthetic_scale_500u_1022e_4p,k3,e804,25.36082474226804,25.36082474226804,0
synthetic_scale_500u_1022e_4p,k3,e805,29.690721649484537,29.690721649484537,0
synthetic_scale_500u_1022e_4p,k3,e806,24.742268041237114,24.742268041237114,0
synthetic_scale_500u_1022e_4p,k3,e807,19.175257731958762,19.175257731958762,0
synthetic_scale_500u_1022e_4p,k3,e808,23.50515463917526,23.50515463917526,0
synthetic_scale_500u_1022e_4p,k3,e809,27.835051546391753,27.835051546391753,0
synthetic_scale_500u_1022e_4p,k3,e810,12.989690721649485,12.989690721649485,0
synthetic_scale_500u_1022e_4p,k3,e811,28.8659793814433,28.8659793814433,0
synthetic_scale_500u_1022e_4p,k3,e812,21.649484536082475,21.649484536082475,0
synthetic_scale_500u_1022e_4p,k3,e813,25.97938144329897,25.97938144329897,0
synthetic_scale_500u_1022e_4p,k3,e814,30.309278350515463,30.309278350515463,0
synthetic_scale_500u_1022e_4p,k3,e815,25.77319587628866,25.77319587628866,0
synthetic_scale_500u_1022e_4p,k3,e816,32.98969072164948,32.98969072164948,0
synthetic_scale_500u_1022e_4p,k3,e817,24.123711340206185,24.123711340206185,0
synthetic_scale_500u_1022e_4p,k3,e818,28.45360824742268,28.45360824742268,0
synthetic_scale_500u_1022e_4p,k3,e819,13.608247422680412,13.608247422680412,0
synthetic_scale_500u_1022e_4p,k3,e820,29.896907216494846,29.896907216494846,0
synthetic_scale_500u_1022e_4p,k3,e821,22.2680412371134,22.2680412371134,0
synthetic_scale_500u_1022e_4p,k3,e822,26.5979381443299,26.5979381443299,0
synthetic_scale_500u_1022e_4p,k3,e823,30.927835051546392,30.927835051546392,0
synthetic_scale_500u_1022e_4p,k3,e824,26.804123711340207,26.804123711340207,0
synthetic_scale_500u_1022e_4p,k3,e825,34.02061855670103,34.02061855670103,0
synthetic_scale_500u_1022e_4p,k3,e826,41.23711340206186,41.23711340206186,0
synthetic_scale_500u_1022e_4p,k3,e827,29.072164948453608,29.072164948453608,0
synthetic_scale_500u_1022e_4p,k3,e828,14.22680412371134,14.22680412371134,0
synthetic_scale_500u_1022e_4p,k3,e829,30.927835051546392,30.927835051546392,0
synthetic_scale_500u_1022e_4p,k3,e830,22.88659793814433,22.88659793814433,0
synthetic_scale_500u_1022e_4p,k3,e831,27.216494845360824,27.216494845360824,0
synthetic_scale_500u_1022e_4p,k3,e832,12.371134020618557,12.371134020618557,0
synthetic_scale_500u_1022e_4p,k3,e833,27.835051546391753,27.835051546391753,0
synthetic_scale_500u_1022e_4p,k3,e834,21.030927835051546,21.030927835051546,0
synthetic_scale_500u_1022e_4p,k3,e835,42.2680412371134,42.2680412371134,0
synthetic_scale_500u_1022e_4p,k3,e836,29.690721649484537,29.690721649484537,0
synthetic_scale_500u_1022e_4p,k3,e837,24.742268041237114,24.742268041237114,0
synthetic_scale_500u_1022e_4p,k3,e838,19.175257731958762,19.175257731958762,0
synthetic_scale_500u_1022e_4p,k3,e839,23.50515463917526,23.50515463917526,0
synthetic_scale_500u_1022e_4p,k3,e840,27.835051546391753,27.835051546391753,0
synthetic_scale_500u_1022e_4p,k3,e841,12.989690721649485,12.989690721649485,0
synthetic_scale_500u_1022e_4p,k3,e842,28.8659793814433,28.8659793814433,0
synthetic_scale_500u_1022e_4p,k3,e843,21.649484536082475,21.649484536082475,0
synthetic_scale_500u_1022e_4p,k3,e844,25.97938144329897,25.97938144329897,0
synthetic_scale_500u_1022e_4p,k3,e845,30.309278350515463,30.309278350515463,0
synthetic_scale_500u_1022e_4p,k3,e846,25.77319587628866,25.77319587628866,0
synthetic_scale_500u_1022e_4p,k3,e847,32.98969072164948,32.98969072164948,0
synthetic_scale_500u_1022e_4p,k3,e848,24.123711340206185,24.123711340206185,0
synthetic_scale_500u_1022e_4p,k3,e849,28.45360824742268,28.45360824742268,0
synthetic_scale_500u_1022e_4p,k3,e850,13.608247422680412,13.608247422680412,0
synthetic_scale_500u_1022e_4p,k3,e851,29.896907216494846,29.896907216494846,0
synthetic_scale_500u_1022e_4p,k3,e852,37.11340206185567,37.11340206185567,0
synthetic_scale_500u_1022e_4p,k3,e853,26.5979381443299,26.5979381443299,0
synthetic_scale_500u_1022e_4p,k3,e854,30.927835051546392,30.927835051546392,0
synthetic_scale_500u_1022e_4p,k3,e855,26.804123711340207,26.804123711340207,0
synthetic_scale_500u_1022e_4p,k3,e856,20.412371134020617,20.412371134020617,0
synthetic_scale_500u_1022e_4p,k3,e857,24.742268041237114,24.742268041237114,0
synthetic_scale_500u_1022e_4p,k3,e858,29.072164948453608,29.072164948453608,0
synthetic_scale_500u_1022e_4p,k3,e859,23.711340206185568,23.711340206185568,0
synthetic_scale_500u_1022e_4p,k3,e860,30.927835051546392,30.927835051546392,0
synthetic_scale_500u_1022e_4p,k3,e861,38.144329896907216,38.144329896907216,0
synthetic_scale_500u_1022e_4p,k3,e862,27.216494845360824,27.216494845360824,0
synthetic_scale_500u_1022e_4p,k3,e863,12.371134020618557,12.371134020618557,0
synthetic_scale_500u_1022e_4p,k3,e864,16.701030927835053,16.701030927835053,0
synthetic_scale_500u_1022e_4p,k3,e865,21.030927835051546,21.030927835051546,0
synthetic_scale_500u_1022e_4p,k3,e866,42.2680412371134,42.2680412371134,0
synthetic_scale_500u_1022e_4p,k3,e867,29.690721649484537,29.690721649484537,0
synthetic_scale_500u_1022e_4p,k3,e868,14.845360824742269,14.845360824742269,0
synthetic_scale_500u_1022e_4p,k3,e869,19.175257731958762,19.175257731958762,0
synthetic_scale_500u_1022e_4p,k3,e870,39.175257731958766,39.175257731958766,0
synthetic_scale_500u_1022e_4p,k3,e871,27.835051546391753,27.835051546391753,0
synthetic_scale_500u_1022e_4p,k3,e872,12.989690721649485,12.989690721649485,0
synthetic_scale_500u_1022e_4p,k3,e873,17.31958762886598,17.31958762886598,0
synthetic_scale_500u_1022e_4p,k3,e874,36.08247422680412,36.08247422680412,0
synthetic_scale_500u_1022e_4p,k3,e875,25.97938144329897,25.97938144329897,0
synthetic_scale_500u_1022e_4p,k3,e876,30.309278350515463,30.309278350515463,0
synthetic_scale_500u_1022e_4p,k3,e877,15.463917525773196,15.463917525773196,0
synthetic_scale_500u_1022e_4p,k3,e878,32.98969072164948,32.98969072164948,0
synthetic_scale_500u_1022e_4p,k3,e879,24.123711340206185,24.123711340206185,0
synthetic_scale_500u_1022e_4p,k3,e880,28.45360824742268,28.45360824742268,0
synthetic_scale_500u_1022e_4p,k3,e881,22.68041237113402,22.68041237113402,0
synthetic_scale_500u_1022e_4p,k3,e882,29.896907216494846,29.896907216494846,0
synthetic_scale_500u_1022e_4p,k3,e883,22.2680412371134,22.2680412371134,0
synthetic_scale_500u_1022e_4p,k3,e884,26.5979381443299,26.5979381443299,0
synthetic_scale_500u_1022e_4p,k3,e885,30.927835051546392,30.927835051546392,0
synthetic_scale_500u_1022e_4p,k3,e886,26.804123711340207,26.804123711340207,0
synthetic_scale_500u_1022e_4p,k3,e887,20.412371134020617,20.412371134020617,0
synthetic_scale_500u_1022e_4p,k3,e888,24.742268041237114,24.742268041237114,0
synthetic_scale_500u_1022e_4p,k3,e889,29.072164948453608,29.072164948453608,0
synthetic_scale_500u_1022e_4p,k3,e890,14.22680412371134,14.22680412371134,0
synthetic_scale_500u_1022e_4p,k3,e891,30.927835051546392,30.927835051546392,0
synthetic_scale_500u_1022e_4p,k3,e892,38.144329896907216,38.144329896907216,0
synthetic_scale_500u_1022e_4p,k3,e893,27.216494845360824,27.216494845360824,0
synthetic_scale_500u_1022e_4p,k3,e894,12.371134020618557,12.371134020618557,0
synthetic_scale_500u_1022e_4p,k3,e895,16.701030927835053,16.701030927835053,0
synthetic_scale_500u_1022e_4p,k3,e896,35.05154639175258,35.05154639175258,0
synthetic_scale_500u_1022e_4p,k3,e897,42.2680412371134,42.2680412371134,0
synthetic_scale_500u_1022e_4p,k3,e898,29.690721649484537,29.690721649484537,0
synthetic_scale_500u_1022e_4p,k3,e899,14.845360824742269,14.845360824742269,0
synthetic_scale_500u_1022e_4p,k3,e900,19.175257731958762,19.175257731958762,0
synthetic_scale_500u_1022e_4p,k3,e901,23.50515463917526,23.50515463917526,0
synthetic_scale_500u_1022e_4p,k3,e902,27.835051546391753,27.835051546391753,0
synthetic_scale_500u_1022e_4p,k3,e903,12.989690721649485,12.989690721649485,0
synthetic_scale_500u_1022e_4p,k3,e904,17.31958762886598,17.31958762886598,0
synthetic_scale_500u_1022e_4p,k3,e905,21.649484536082475,21.649484536082475,0
synthetic_scale_500u_1022e_4p,k3,e906,25.97938144329897,25.97938144329897,0
synthetic_scale_500u_1022e_4p,k3,e907,30.309278350515463,30.309278350515463,0
synthetic_scale_500u_1022e_4p,k3,e908,25.77319587628866,25.77319587628866,0
synthetic_scale_500u_1022e_4p,k3,e909,19.79381443298969,19.79381443298969,0
synthetic_scale_500u_1022e_4p,k3,e910,24.123711340206185,24.123711340206185,0
synthetic_scale_500u_1022e_4p,k3,e911,28.45360824742268,28.45360824742268,0
synthetic_scale_500u_1022e_4p,k3,e912,22.68041237113402,22.68041237113402,0
synthetic_scale_500u_1022e_4p,k3,e913,29.896907216494846,29.896907216494846,0
synthetic_scale_500u_1022e_4p,k3,e914,22.2680412371134,22.2680412371134,0
synthetic_scale_500u_1022e_4p,k3,e915,26.5979381443299,26.5979381443299,0
synthetic_scale_500u_1022e_4p,k3,e916,30.927835051546392,30.927835051546392,0
synthetic_scale_500u_1022e_4p,k3,e917,16.082474226804123,16.082474226804123,0
synthetic_scale_500u_1022e_4p,k3,e918,20.412371134020617,20.412371134020617,0
synthetic_scale_500u_1022e_4p,k3,e919,24.742268041237114,24.742268041237114,0
synthetic_scale_500u_1022e_4p,k3,e920,29.072164948453608,29.072164948453608,0
synthetic_scale_500u_1022e_4p,k3,e921,23.711340206185568,23.711340206185568,0
synthetic_scale_500u_1022e_4p,k3,e922,30.927835051546392,30.927835051546392,0
synthetic_scale_500u_1022e_4p,k3,e923,22.88659793814433,22.88659793814433,0
synthetic_scale_500u_1022e_4p,k3,e924,27.216494845360824,27.216494845360824,0
synthetic_scale_500u_1022e_4p,k3,e925,12.371134020618557,12.371134020618557,0
synthetic_scale_500u_1022e_4p,k3,e926,16.701030927835053,16.701030927835053,0
synthetic_scale_500u_1022e_4p,k3,e927,35.05154639175258,35.05154639175258,0
synthetic_scale_500u_1022e_4p,k3,e928,25.36082474226804,25.36082474226804,0
synthetic_scale_500u_1022e_4p,k3,e929,29.690721649484537,29.690721649484537,0
synthetic_scale_500u_1022e_4p,k3,e930,14.845360824742269,14.845360824742269,0
synthetic_scale_500u_1022e_4p,k3,e931,19.175257731958762,19.175257731958762,0
synthetic_scale_500u_1022e_4p,k3,e932,23.50515463917526,23.50515463917526,0
synthetic_scale_500u_1022e_4p,k3,e933,27.835051546391753,27.835051546391753,0
synthetic_scale_500u_1022e_4p,k3,e934,12.989690721649485,12.989690721649485,0
synthetic_scale_500u_1022e_4p,k3,e935,17.31958762886598,17.31958762886598,0
synthetic_scale_500u_1022e_4p,k3,e936,21.649484536082475,21.649484536082475,0
synthetic_scale_500u_1022e_4p,k3,e937,25.97938144329897,25.97938144329897,0
synthetic_scale_500u_1022e_4p,k3,e938,30.309278350515463,30.309278350515463,0
synthetic_scale_500u_1022e_4p,k3,e939,15.463917525773196,15.463917525773196,0
synthetic_scale_500u_1022e_4p,k3,e940,19.79381443298969,19.79381443298969,0
synthetic_scale_500u_1022e_4p,k3,e941,24.123711340206185,24.123711340206185,0
synthetic_scale_500u_1022e_4p,k3,e942,28.45360824742268,28.45360824742268,0
synthetic_scale_500u_1022e_4p,k3,e943,13.608247422680412,13.608247422680412,0
synthetic_scale_500u_1022e_4p,k3,e944,29.896907216494846,29.896907216494846,0
synthetic_scale_500u_1022e_4p,k3,e945,37.11340206185567,37.11340206185567,0
synthetic_scale_500u_1022e_4p,k3,e946,26.5979381443299,26.5979381443299,0
synthetic_scale_500u_1022e_4p,k3,e947,30.927835051546392,30.927835051546392,0
synthetic_scale_500u_1022e_4p,k3,e948,16.082474226804123,16.082474226804123,0
synthetic_scale_500u_1022e_4p,k3,e949,34.02061855670103,34.02061855670103,0
synthetic_scale_500u_1022e_4p,k3,e950,24.742268041237114,24.742268041237114,0
synthetic_scale_500u_1022e_4p,k3,e951,29.072164948453608,29.072164948453608,0
synthetic_scale_500u_1022e_4p,k3,e952,14.22680412371134,14.22680412371134,0
synthetic_scale_500u_1022e_4p,k3,e953,18.556701030927837,18.556701030927837,0
synthetic_scale_500u_1022e_4p,k3,e954,38.144329896907216,38.144329896907216,0
synthetic_scale_500u_1022e_4p,k3,e955,27.216494845360824,27.216494845360824,0
synthetic_scale_500u_1022e_4p,k3,e956,12.371134020618557,12.371134020618557,0
synthetic_scale_500u_1022e_4p,k3,e957,16.701030927835053,16.701030927835053,0
synthetic_scale_500u_1022e_4p,k3,e958,35.05154639175258,35.05154639175258,0
synthetic_scale_500u_1022e_4p,k3,e959,25.36082474226804,25.36082474226804,0
synthetic_scale_500u_1022e_4p,k3,e960,29.690721649484537,29.690721649484537,0
synthetic_scale_500u_1022e_4p,k3,e961,14.845360824742269,14.845360824742269,0
synthetic_scale_500u_1022e_4p,k3,e962,19.175257731958762,19.175257731958762,0
synthetic_scale_500u_1022e_4p,k3,e963,23.50515463917526,23.50515463917526,0
synthetic_scale_500u_1022e_4p,k3,e964,27.835051546391753,27.835051546391753,0
synthetic_scale_500u_1022e_4p,k3,e965,12.989690721649485,12.989690721649485,0
synthetic_scale_500u_1022e_4p,k3,e966,28.8659793814433,28.8659793814433,0
synthetic_scale_500u_1022e_4p,k3,e967,36.08247422680412,36.08247422680412,0
synthetic_scale_500u_1022e_4p,k3,e968,25.97938144329897,25.97938144329897,0
synthetic_scale_500u_1022e_4p,k3,e969,30.309278350515463,30.309278350515463,0
synthetic_scale_500u_1022e_4p,k3,e970,15.463917525773196,15.463917525773196,0
synthetic_scale_500u_1022e_4p,k3,e971,19.79381443298969,19.79381443298969,0
synthetic_scale_500u_1022e_4p,k3,e972,24.123711340206185,24.123711340206185,0
synthetic_scale_500u_1022e_4p,k3,e973,28.45360824742268,28.45360824742268,0
synthetic_scale_500u_1022e_4p,k3,e974,13.608247422680412,13.608247422680412,0
synthetic_scale_500u_1022e_4p,k3,e975,17.938144329896907,17.938144329896907,0
synthetic_scale_500u_1022e_4p,k3,e976,22.2680412371134,22.2680412371134,0
synthetic_scale_500u_1022e_4p,k3,e977,26.5979381443299,26.5979381443299,0
synthetic_scale_500u_1022e_4p,k3,e978,30.927835051546392,30.927835051546392,0
synthetic_scale_500u_1022e_4p,k3,e979,26.804123711340207,26.804123711340207,0
synthetic_scale_500u_1022e_4p,k3,e980,20.412371134020617,20.412371134020617,0
synthetic_scale_500u_1022e_4p,k3,e981,24.742268041237114,24.742268041237114,0
synthetic_scale_500u_1022e_4p,k3,e982,29.072164948453608,29.072164948453608,0
synthetic_scale_500u_1022e_4p,k3,e983,23.711340206185568,23.711340206185568,0
synthetic_scale_500u_1022e_4p,k3,e984,30.927835051546392,30.927835051546392,0
synthetic_scale_500u_1022e_4p,k3,e985,38.144329896907216,38.144329896907216,0
synthetic_scale_500u_1022e_4p,k3,e986,27.216494845360824,27.216494845360824,0
synthetic_scale_500u_1022e_4p,k3,e987,12.371134020618557,12.371134020618557,0
synthetic_scale_500u_1022e_4p,k3,e988,16.701030927835053,16.701030927835053,0
synthetic_scale_500u_1022e_4p,k3,e989,21.030927835051546,21.030927835051546,0
synthetic_scale_500u_1022e_4p,k3,e990,25.36082474226804,25.36082474226804,0
synthetic_scale_500u_1022e_4p,k3,e991,29.690721649484537,29.690721649484537,0
synthetic_scale_500u_1022e_4p,k3,e992,24.742268041237114,24.742268041237114,0
synthetic_scale_500u_1022e_4p,k3,e993,19.175257731958762,19.175257731958762,0
synthetic_scale_500u_1022e_4p,k3,e994,23.50515463917526,23.50515463917526,0
synthetic_scale_500u_1022e_4p,k3,e995,27.835051546391753,27.835051546391753,0
synthetic_scale_500u_1022e_4p,k3,e996,12.989690721649485,12.989690721649485,0
synthetic_scale_500u_1022e_4p,k3,e997,28.8659793814433,28.8659793814433,0
synthetic_scale_500u_1022e_4p,k3,e998,36.08247422680412,36.08247422680412,0
synthetic_scale_500u_1022e_4p,k3,e999,25.97938144329897,25.97938144329897,0
synthetic_scale_500u_1022e_4p,k3,e1000,30.309278350515463,30.309278350515463,0
synthetic_scale_500u_1022e_4p,k3,e1001,25.77319587628866,25.77319587628866,0
synthetic_scale_500u_1022e_4p,k3,e1002,19.79381443298969,19.79381443298969,0
synthetic_scale_500u_1022e_4p,k3,e1003,24.123711340206185,24.123711340206185,0
synthetic_scale_500u_1022e_4p,k3,e1004,28.45360824742268,28.45360824742268,0
synthetic_scale_500u_1022e_4p,k3,e1005,13.608247422680412,13.608247422680412,0
synthetic_scale_500u_1022e_4p,k3,e1006,29.896907216494846,29.896907216494846,0
synthetic_scale_500u_1022e_4p,k3,e1007,22.2680412371134,22.2680412371134,0
synthetic_scale_500u_1022e_4p,k3,e1008,26.5979381443299,26.5979381443299,0
synthetic_scale_500u_1022e_4p,k3,e1009,30.927835051546392,30.927835051546392,0
synthetic_scale_500u_1022e_4p,k3,e1010,0.0,0.0,0
synthetic_scale_500u_1022e_4p,k3,e1011,0.0,0.0,0
synthetic_scale_500u_1022e_4p,k3,e1012,0.0,0.0,0
synthetic_scale_500u_1022e_4p,k3,e1013,0.0,0.0,0
synthetic_scale_500u_1022e_4p,k3,e1014,0.0,0.0,0
synthetic_scale_500u_1022e_4p,k3,e1015,0.0,0.0,0
synthetic_scale_500u_1022e_4p,k3,e1016,0.0,0.0,0
synthetic_scale_500u_1022e_4p,k3,e1017,0.0,0.0,0
synthetic_scale_500u_1022e_4p,k3,e1018,0.0,0.0,0
synthetic_scale_500u_1022e_4p,k3,e1019,0.0,0.0,0
synthetic_scale_500u_1022e_4p,k3,e1020,0.0,0.0,0
synthetic_scale_500u_1022e_4p,k3,e1021,0.0,0.0,0
synthetic_scale_500u_1022e_4p,k4,e0,7752.399206927452,7752.399206927452,0
synthetic_scale_500u_1022e_4p,k4,e1,7409.311356464413,7409.311356464413,0
synthetic_scale_500u_1022e_4p,k4,e2,3726.1419880591848,3726.1419880591848,0
synthetic_scale_500u_1022e_4p,k4,e3,3716.161250591169,3716.161250591169,0
synthetic_scale_500u_1022e_4p,k4,e4,3731.964084915527,3731.964084915527,0
synthetic_scale_500u_1022e_4p,k4,e5,3380.974817290309,3380.974817290309,0
synthetic_scale_500u_1022e_4p,k4,e6,1802.12195722491,1802.12195722491,0
synthetic_scale_500u_1022e_4p,k4,e7,1774.9743513119074,1774.9743513119074,0
synthetic_scale_500u_1022e_4p,k4,e8,1797.3312032402625,1797.3312032402625,0
synthetic_scale_500u_1022e_4p,k4,e9,1770.1835973272598,1770.1835973272598,0
synthetic_scale_500u_1022e_4p,k4,e10,1792.540449255615,1792.540449255615,0
synthetic_scale_500u_1022e_4p,k4,e11,1790.1450722632912,1790.1450722632912,0
synthetic_scale_500u_1022e_4p,k4,e12,1787.7496952709673,1787.7496952709673,0
synthetic_scale_500u_1022e_4p,k4,e13,1457.9861293277295,1457.9861293277295,0
synthetic_scale_500u_1022e_4p,k4,e14,862.3357172365542,862.3357172365542,0
synthetic_scale_500u_1022e_4p,k4,e15,867.7013616993594,867.7013616993594,0
synthetic_scale_500u_1022e_4p,k4,e16,849.3048663983129,849.3048663983129,0
synthetic_scale_500u_1022e_4p,k4,e17,854.6705108611181,854.6705108611181,0
synthetic_scale_500u_1022e_4p,k4,e18,860.0361553239234,860.0361553239234,0
synthetic_scale_500u_1022e_4p,k4,e19,865.4017997867286,865.4017997867286,0
synthetic_scale_500u_1022e_4p,k4,e20,847.0053044856821,847.0053044856821,0
synthetic_scale_500u_1022e_4p,k4,e21,852.3709489484874,852.3709489484874,0
synthetic_scale_500u_1022e_4p,k4,e22,857.7365934112926,857.7365934112926,0
synthetic_scale_500u_1022e_4p,k4,e23,863.1022378740978,863.1022378740978,0
synthetic_scale_500u_1022e_4p,k4,e24,868.467882336903,868.467882336903,0
synthetic_scale_500u_1022e_4p,k4,e25,850.0713870358566,850.0713870358566,0
synthetic_scale_500u_1022e_4p,k4,e26,855.4370314986618,855.4370314986618,0
synthetic_scale_500u_1022e_4p,k4,e27,860.802675961467,860.802675961467,0
synthetic_scale_500u_1022e_4p,k4,e28,866.1683204242722,866.1683204242722,0
synthetic_scale_500u_1022e_4p,k4,e29,533.4983637303482,533.4983637303482,0
synthetic_scale_500u_1022e_4p,k4,e30,404.72289662302273,404.72289662302273,0
synthetic_scale_500u_1022e_4p,k4,e31,423.11939192406925,423.11939192406925,0
synthetic_scale_500u_1022e_4p,k4,e32,395.89257887852045,395.89257887852045,0
synthetic_scale_500u_1022e_4p,k4,e33,437.10072835286456,437.10072835286456,0
synthetic_scale_500u_1022e_4p,k4,e34,387.0622611340181,387.0622611340181,0
synthetic_scale_500u_1022e_4p,k4,e35,428.2704106083623,428.2704106083623,0
synthetic_scale_500u_1022e_4p,k4,e36,401.0435975628135,401.0435975628135,0
synthetic_scale_500u_1022e_4p,k4,e37,419.44009286385995,419.44009286385995,0
synthetic_scale_500u_1022e_4p,k4,e38,415.0249339916088,415.0249339916088,0
synthetic_scale_500u_1022e_4p,k4,e39,410.60977511935766,410.60977511935766,0
synthetic_scale_500u_1022e_4p,k4,e40,406.19461624710647,406.19461624710647,0
synthetic_scale_500u_1022e_4p,k4,e41,424.591111548153,424.591111548153,0
synthetic_scale_500u_1022e_4p,k4,e42,397.3642985026042,397.3642985026042,0
synthetic_scale_500u_1022e_4p,k4,e43,415.76079380365064,415.76079380365064,0
synthetic_scale_500u_1022e_4p,k4,e44,411.3456349313995,411.3456349313995,0
synthetic_scale_500u_1022e_4p,k4,e45,406.93047605914836,406.93047605914836,0
synthetic_scale_500u_1022e_4p,k4,e46,425.3269713601948,425.3269713601948,0
synthetic_scale_500u_1022e_4p,k4,e47,398.100158314646,398.100158314646,0
synthetic_scale_500u_1022e_4p,k4,e48,416.49665361569254,416.49665361569254,0
synthetic_scale_500u_1022e_4p,k4,e49,412.08149474344134,412.08149474344134,0
synthetic_scale_500u_1022e_4p,k4,e50,407.6663358711902,407.6663358711902,0
synthetic_scale_500u_1022e_4p,k4,e51,426.0628311722367,426.0628311722367,0
synthetic_scale_500u_1022e_4p,k4,e52,398.83601812668786,398.83601812668786,0
synthetic_scale_500u_1022e_4p,k4,e53,417.2325134277344,417.2325134277344,0
synthetic_scale_500u_1022e_4p,k4,e54,412.81735455548323,412.81735455548323,0
synthetic_scale_500u_1022e_4p,k4,e55,408.40219568323204,408.40219568323204,0
synthetic_scale_500u_1022e_4p,k4,e56,426.79869098427855,426.79869098427855,0
synthetic_scale_500u_1022e_4p,k4,e57,399.57187793872976,399.57187793872976,0
synthetic_scale_500u_1022e_4p,k4,e58,417.9683732397762,417.9683732397762,0
synthetic_scale_500u_1022e_4p,k4,e59,413.5532143675251,413.5532143675251,0
synthetic_scale_500u_1022e_4p,k4,e60,409.13805549527393,409.13805549527393,0
synthetic_scale_500u_1022e_4p,k4,e61,103.02037368586033,103.02037368586033,0
synthetic_scale_500u_1022e_4p,k4,e62,189.32201244212962,189.32201244212962,0
synthetic_scale_500u_1022e_4p,k4,e63,199.21196831597223,199.21196831597223,0
synthetic_scale_500u_1022e_4p,k4,e64,209.1019241898148,209.1019241898148,0
synthetic_scale_500u_1022e_4p,k4,e65,197.09269205729166,197.09269205729166,0
synthetic_scale_500u_1022e_4p,k4,e66,185.0834599247685,185.0834599247685,0
synthetic_scale_500u_1022e_4p,k4,e67,194.97341579861111,194.97341579861111,0
synthetic_scale_500u_1022e_4p,k4,e68,204.8633716724537,204.8633716724537,0
synthetic_scale_500u_1022e_4p,k4,e69,214.7533275462963,214.7533275462963,0
synthetic_scale_500u_1022e_4p,k4,e70,180.84490740740742,180.84490740740742,0
synthetic_scale_500u_1022e_4p,k4,e71,190.73486328125,190.73486328125,0
synthetic_scale_500u_1022e_4p,k4,e72,200.62481915509258,200.62481915509258,0
synthetic_scale_500u_1022e_4p,k4,e73,210.5147750289352,210.5147750289352,0
synthetic_scale_500u_1022e_4p,k4,e74,198.50554289641204,198.50554289641204,0
synthetic_scale_500u_1022e_4p,k4,e75,186.49631076388889,186.49631076388889,0
synthetic_scale_500u_1022e_4p,k4,e76,196.3862666377315,196.3862666377315,0
synthetic_scale_500u_1022e_4p,k4,e77,206.27622251157408,206.27622251157408,0
synthetic_scale_500u_1022e_4p,k4,e78,194.26699037905092,194.26699037905092,0
synthetic_scale_500u_1022e_4p,k4,e79,204.1569462528935,204.1569462528935,0
synthetic_scale_500u_1022e_4p,k4,e80,192.14771412037038,192.14771412037038,0
synthetic_scale_500u_1022e_4p,k4,e81,202.03766999421296,202.03766999421296,0
synthetic_scale_500u_1022e_4p,k4,e82,190.0284378616898,190.0284378616898,0
synthetic_scale_500u_1022e_4p,k4,e83,199.91839373553242,199.91839373553242,0
synthetic_scale_500u_1022e_4p,k4,e84,209.808349609375,209.808349609375,0
synthetic_scale_500u_1022e_4p,k4,e85,197.79911747685185,197.79911747685185,0
synthetic_scale_500u_1022e_4p,k4,e86,185.7898853443287,185.7898853443287,0
synthetic_scale_500u_1022e_4p,k4,e87,195.6798412181713,195.6798412181713,0
synthetic_scale_500u_1022e_4p,k4,e88,205.56979709201389,205.56979709201389,0
synthetic_scale_500u_1022e_4p,k4,e89,193.56056495949073,193.56056495949073,0
synthetic_scale_500u_1022e_4p,k4,e90,203.45052083333334,203.45052083333334,0
synthetic_scale_500u_1022e_4p,k4,e91,191.4412887008102,191.4412887008102,0
synthetic_scale_500u_1022e_4p,k4,e92,201.33124457465277,201.33124457465277,0
synthetic_scale_500u_1022e_4p,k4,e93,189.32201244212962,189.32201244212962,0
synthetic_scale_500u_1022e_4p,k4,e94,199.21196831597223,199.21196831597223,0
synthetic_scale_500u_1022e_4p,k4,e95,209.1019241898148,209.1019241898148,0
synthetic_scale_500u_1022e_4p,k4,e96,197.09269205729166,197.09269205729166,0
synthetic_scale_500u_1022e_4p,k4,e97,185.0834599247685,185.0834599247685,0
synthetic_scale_500u_1022e_4p,k4,e98,194.97341579861111,194.97341579861111,0
synthetic_scale_500u_1022e_4p,k4,e99,204.8633716724537,204.8633716724537,0
synthetic_scale_500u_1022e_4p,k4,e100,214.7533275462963,214.7533275462963,0
synthetic_scale_500u_1022e_4p,k4,e101,180.84490740740742,180.84490740740742,0
synthetic_scale_500u_1022e_4p,k4,e102,190.73486328125,190.73486328125,0
synthetic_scale_500u_1022e_4p,k4,e103,200.62481915509258,200.62481915509258,0
synthetic_scale_500u_1022e_4p,k4,e104,210.5147750289352,210.5147750289352,0
synthetic_scale_500u_1022e_4p,k4,e105,198.50554289641204,198.50554289641204,0
synthetic_scale_500u_1022e_4p,k4,e106,186.49631076388889,186.49631076388889,0
synthetic_scale_500u_1022e_4p,k4,e107,196.3862666377315,196.3862666377315,0
synthetic_scale_500u_1022e_4p,k4,e108,206.27622251157408,206.27622251157408,0
synthetic_scale_500u_1022e_4p,k4,e109,194.26699037905092,194.26699037905092,0
synthetic_scale_500u_1022e_4p,k4,e110,204.1569462528935,204.1569462528935,0
synthetic_scale_500u_1022e_4p,k4,e111,192.14771412037038,192.14771412037038,0
synthetic_scale_500u_1022e_4p,k4,e112,202.03766999421296,202.03766999421296,0
synthetic_scale_500u_1022e_4p,k4,e113,190.0284378616898,190.0284378616898,0
synthetic_scale_500u_1022e_4p,k4,e114,199.91839373553242,199.91839373553242,0
synthetic_scale_500u_1022e_4p,k4,e115,209.808349609375,209.808349609375,0
synthetic_scale_500u_1022e_4p,k4,e116,197.79911747685185,197.79911747685185,0
synthetic_scale_500u_1022e_4p,k4,e117,185.7898853443287,185.7898853443287,0
synthetic_scale_500u_1022e_4p,k4,e118,195.6798412181713,195.6798412181713,0
synthetic_scale_500u_1022e_4p,k4,e119,205.56979709201389,205.56979709201389,0
synthetic_scale_500u_1022e_4p,k4,e120,193.56056495949073,193.56056495949073,0
synthetic_scale_500u_1022e_4p,k4,e121,203.45052083333334,203.45052083333334,0
synthetic_scale_500u_1022e_4p,k4,e122,191.4412887008102,191.4412887008102,0
synthetic_scale_500u_1022e_4p,k4,e123,201.33124457465277,201.33124457465277,0
synthetic_scale_500u_1022e_4p,k4,e124,98.89955873842592,98.89955873842592,0
synthetic_scale_500u_1022e_4p,k4,e125,0.0,0.0,0
synthetic_scale_500u_1022e_4p,k4,e126,94.94357638888889,94.94357638888889,0
synthetic_scale_500u_1022e_4p,k4,e127,86.80555555555556,86.80555555555556,0
synthetic_scale_500u_1022e_4p,k4,e128,99.69075520833333,99.69075520833333,0
synthetic_scale_500u_1022e_4p,k4,e129,91.552734375,91.552734375,0
synthetic_scale_500u_1022e_4p,k4,e130,104.43793402777777,104.43793402777777,0
synthetic_scale_500u_1022e_4p,k4,e131,96.29991319444444,96.29991319444444,0
synthetic_scale_500u_1022e_4p,k4,e132,88.16189236111111,88.16189236111111,0
synthetic_scale_500u_1022e_4p,k4,e133,101.04709201388889,101.04709201388889,0
synthetic_scale_500u_1022e_4p,k4,e134,92.90907118055556,92.90907118055556,0
synthetic_scale_500u_1022e_4p,k4,e135,84.77105034722223,84.77105034722223,0
synthetic_scale_500u_1022e_4p,k4,e136,97.65625,97.65625,0
synthetic_scale_500u_1022e_4p,k4,e137,89.51822916666667,89.51822916666667,0
synthetic_scale_500u_1022e_4p,k4,e138,102.40342881944444,102.40342881944444,0
synthetic_scale_500u_1022e_4p,k4,e139,94.26540798611111,94.26540798611111,0
synthetic_scale_500u_1022e_4p,k4,e140,107.15060763888889,107.15060763888889,0
synthetic_scale_500u_1022e_4p,k4,e141,99.01258680555556,99.01258680555556,0
synthetic_scale_500u_1022e_4p,k4,e142,90.87456597222223,90.87456597222223,0
synthetic_scale_500u_1022e_4p,k4,e143,82.73654513888889,82.73654513888889,0
synthetic_scale_500u_1022e_4p,k4,e144,95.62174479166667,95.62174479166667,0
synthetic_scale_500u_1022e_4p,k4,e145,87.48372395833333,87.48372395833333,0
synthetic_scale_500u_1022e_4p,k4,e146,100.36892361111111,100.36892361111111,0
synthetic_scale_500u_1022e_4p,k4,e147,92.23090277777777,92.23090277777777,0
synthetic_scale_500u_1022e_4p,k4,e148,105.11610243055556,105.11610243055556,0
synthetic_scale_500u_1022e_4p,k4,e149,96.97808159722223,96.97808159722223,0
synthetic_scale_500u_1022e_4p,k4,e150,88.84006076388889,88.84006076388889,0
synthetic_scale_500u_1022e_4p,k4,e151,101.72526041666667,101.72526041666667,0
synthetic_scale_500u_1022e_4p,k4,e152,93.58723958333333,93.58723958333333,0
synthetic_scale_500u_1022e_4p,k4,e153,85.44921875,85.44921875,0
synthetic_scale_500u_1022e_4p,k4,e154,98.33441840277777,98.33441840277777,0
synthetic_scale_500u_1022e_4p,k4,e155,90.19639756944444,90.19639756944444,0
synthetic_scale_500u_1022e_4p,k4,e156,103.08159722222223,103.08159722222223,0
synthetic_scale_500u_1022e_4p,k4,e157,94.94357638888889,94.94357638888889,0
synthetic_scale_500u_1022e_4p,k4,e158,86.80555555555556,86.80555555555556,0
synthetic_scale_500u_1022e_4p,k4,e159,99.69075520833333,99.69075520833333,0
synthetic_scale_500u_1022e_4p,k4,e160,91.552734375,91.552734375,0
synthetic_scale_500u_1022e_4p,k4,e161,104.43793402777777,104.43793402777777,0
synthetic_scale_500u_1022e_4p,k4,e162,96.29991319444444,96.29991319444444,0
synthetic_scale_500u_1022e_4p,k4,e163,88.16189236111111,88.16189236111111,0
synthetic_scale_500u_1022e_4p,k4,e164,101.04709201388889,101.04709201388889,0
synthetic_scale_500u_1022e_4p,k4,e165,92.90907118055556,92.90907118055556,0
synthetic_scale_500u_1022e_4p,k4,e166,84.77105034722223,84.77105034722223,0
synthetic_scale_500u_1022e_4p,k4,e167,97.65625,97.65625,0
synthetic_scale_500u_1022e_4p,k4,e168,89.51822916666667,89.51822916666667,0
synthetic_scale_500u_1022e_4p,k4,e169,102.40342881944444,102.40342881944444,0
synthetic_scale_500u_1022e_4p,k4,e170,94.26540798611111,94.26540798611111,0
synthetic_scale_500u_1022e_4p,k4,e171,107.15060763888889,107.15060763888889,0
synthetic_scale_500u_1022e_4p,k4,e172,99.01258680555556,99.01258680555556,0
synthetic_scale_500u_1022e_4p,k4,e173,90.87456597222223,90.87456597222223,0
synthetic_scale_500u_1022e_4p,k4,e174,82.73654513888889,82.73654513888889,0
synthetic_scale_500u_1022e_4p,k4,e175,95.62174479166667,95.62174479166667,0
synthetic_scale_500u_1022e_4p,k4,e176,87.48372395833333,87.48372395833333,0
synthetic_scale_500u_1022e_4p,k4,e177,100.36892361111111,100.36892361111111,0
synthetic_scale_500u_1022e_4p,k4,e178,92.23090277777777,92.23090277777777,0
synthetic_scale_500u_1022e_4p,k4,e179,105.11610243055556,105.11610243055556,0
synthetic_scale_500u_1022e_4p,k4,e180,96.97808159722223,96.97808159722223,0
synthetic_scale_500u_1022e_4p,k4,e181,88.84006076388889,88.84006076388889,0
synthetic_scale_500u_1022e_4p,k4,e182,101.72526041666667,101.72526041666667,0
synthetic_scale_500u_1022e_4p,k4,e183,93.58723958333333,93.58723958333333,0
synthetic_scale_500u_1022e_4p,k4,e184,85.44921875,85.44921875,0
synthetic_scale_500u_1022e_4p,k4,e185,98.33441840277777,98.33441840277777,0
synthetic_scale_500u_1022e_4p,k4,e186,90.19639756944444,90.19639756944444,0
synthetic_scale_500u_1022e_4p,k4,e187,103.08159722222223,103.08159722222223,0
synthetic_scale_500u_1022e_4p,k4,e188,94.94357638888889,94.94357638888889,0
synthetic_scale_500u_1022e_4p,k4,e189,86.80555555555556,86.80555555555556,0
synthetic_scale_500u_1022e_4p,k4,e190,99.69075520833333,99.69075520833333,0
synthetic_scale_500u_1022e_4p,k4,e191,91.552734375,91.552734375,0
synthetic_scale_500u_1022e_4p,k4,e192,104.43793402777777,104.43793402777777,0
synthetic_scale_500u_1022e_4p,k4,e193,96.29991319444444,96.29991319444444,0
synthetic_scale_500u_1022e_4p,k4,e194,88.16189236111111,88.16189236111111,0
synthetic_scale_500u_1022e_4p,k4,e195,101.04709201388889,101.04709201388889,0
synthetic_scale_500u_1022e_4p,k4,e196,92.90907118055556,92.90907118055556,0
synthetic_scale_500u_1022e_4p,k4,e197,84.77105034722223,84.77105034722223,0
synthetic_scale_500u_1022e_4p,k4,e198,97.65625,97.65625,0
synthetic_scale_500u_1022e_4p,k4,e199,89.51822916666667,89.51822916666667,0
synthetic_scale_500u_1022e_4p,k4,e200,102.40342881944444,102.40342881944444,0
synthetic_scale_500u_1022e_4p,k4,e201,94.26540798611111,94.26540798611111,0
synthetic_scale_500u_1022e_4p,k4,e202,107.15060763888889,107.15060763888889,0
synthetic_scale_500u_1022e_4p,k4,e203,99.01258680555556,99.01258680555556,0
synthetic_scale_500u_1022e_4p,k4,e204,90.87456597222223,90.87456597222223,0
synthetic_scale_500u_1022e_4p,k4,e205,82.73654513888889,82.73654513888889,0
synthetic_scale_500u_1022e_4p,k4,e206,95.62174479166667,95.62174479166667,0
synthetic_scale_500u_1022e_4p,k4,e207,87.48372395833333,87.48372395833333,0
synthetic_scale_500u_1022e_4p,k4,e208,100.36892361111111,100.36892361111111,0
synthetic_scale_500u_1022e_4p,k4,e209,92.23090277777777,92.23090277777777,0
synthetic_scale_500u_1022e_4p,k4,e210,105.11610243055556,105.11610243055556,0
synthetic_scale_500u_1022e_4p,k4,e211,96.97808159722223,96.97808159722223,0
synthetic_scale_500u_1022e_4p,k4,e212,88.84006076388889,88.84006076388889,0
synthetic_scale_500u_1022e_4p,k4,e213,101.72526041666667,101.72526041666667,0
synthetic_scale_500u_1022e_4p,k4,e214,93.58723958333333,93.58723958333333,0
synthetic_scale_500u_1022e_4p,k4,e215,85.44921875,85.44921875,0
synthetic_scale_500u_1022e_4p,k4,e216,98.33441840277777,98.33441840277777,0
synthetic_scale_500u_1022e_4p,k4,e217,90.19639756944444,90.19639756944444,0
synthetic_scale_500u_1022e_4p,k4,e218,103.08159722222223,103.08159722222223,0
synthetic_scale_500u_1022e_4p,k4,e219,94.94357638888889,94.94357638888889,0
synthetic_scale_500u_1022e_4p,k4,e220,86.80555555555556,86.80555555555556,0
synthetic_scale_500u_1022e_4p,k4,e221,99.69075520833333,99.69075520833333,0
synthetic_scale_500u_1022e_4p,k4,e222,91.552734375,91.552734375,0
synthetic_scale_500u_1022e_4p,k4,e223,104.43793402777777,104.43793402777777,0
synthetic_scale_500u_1022e_4p,k4,e224,96.29991319444444,96.29991319444444,0
synthetic_scale_500u_1022e_4p,k4,e225,88.16189236111111,88.16189236111111,0
synthetic_scale_500u_1022e_4p,k4,e226,101.04709201388889,101.04709201388889,0
synthetic_scale_500u_1022e_4p,k4,e227,92.90907118055556,92.90907118055556,0
synthetic_scale_500u_1022e_4p,k4,e228,84.77105034722223,84.77105034722223,0
synthetic_scale_500u_1022e_4p,k4,e229,97.65625,97.65625,0
synthetic_scale_500u_1022e_4p,k4,e230,89.51822916666667,89.51822916666667,0
synthetic_scale_500u_1022e_4p,k4,e231,102.40342881944444,102.40342881944444,0
synthetic_scale_500u_1022e_4p,k4,e232,94.26540798611111,94.26540798611111,0
synthetic_scale_500u_1022e_4p,k4,e233,107.15060763888889,107.15060763888889,0
synthetic_scale_500u_1022e_4p,k4,e234,99.01258680555556,99.01258680555556,0
synthetic_scale_500u_1022e_4p,k4,e235,90.87456597222223,90.87456597222223,0
synthetic_scale_500u_1022e_4p,k4,e236,82.73654513888889,82.73654513888889,0
synthetic_scale_500u_1022e_4p,k4,e237,95.62174479166667,95.62174479166667,0
synthetic_scale_500u_1022e_4p,k4,e238,87.48372395833333,87.48372395833333,0
synthetic_scale_500u_1022e_4p,k4,e239,100.36892361111111,100.36892361111111,0
synthetic_scale_500u_1022e_4p,k4,e240,92.23090277777777,92.23090277777777,0
synthetic_scale_500u_1022e_4p,k4,e241,105.11610243055556,105.11610243055556,0
synthetic_scale_500u_1022e_4p,k4,e242,96.97808159722223,96.97808159722223,0
synthetic_scale_500u_1022e_4p,k4,e243,88.84006076388889,88.84006076388889,0
synthetic_scale_500u_1022e_4p,k4,e244,101.72526041666667,101.72526041666667,0
synthetic_scale_500u_1022e_4p,k4,e245,93.58723958333333,93.58723958333333,0
synthetic_scale_500u_1022e_4p,k4,e246,85.44921875,85.44921875,0
synthetic_scale_500u_1022e_4p,k4,e247,98.33441840277777,98.33441840277777,0
synthetic_scale_500u_1022e_4p,k4,e248,90.19639756944444,90.19639756944444,0
synthetic_scale_500u_1022e_4p,k4,e249,103.08159722222223,103.08159722222223,0
synthetic_scale_500u_1022e_4p,k4,e250,94.94357638888889,94.94357638888889,0
synthetic_scale_500u_1022e_4p,k4,e251,0.0,0.0,0
synthetic_scale_500u_1022e_4p,k4,e252,0.0,0.0,0
synthetic_scale_500u_1022e_4p,k4,e253,0.0,0.0,0
synthetic_scale_500u_1022e_4p,k4,e254,56.640625,56.640625,0
synthetic_scale_500u_1022e_4p,k4,e255,34.505208333333336,34.505208333333336,0
synthetic_scale_500u_1022e_4p,k4,e256,52.734375,52.734375,0
synthetic_scale_500u_1022e_4p,k4,e257,30.598958333333332,30.598958333333332,0
synthetic_scale_500u_1022e_4p,k4,e258,48.828125,48.828125,0
synthetic_scale_500u_1022e_4p,k4,e259,46.875,46.875,0
synthetic_scale_500u_1022e_4p,k4,e260,44.921875,44.921875,0
synthetic_scale_500u_1022e_4p,k4,e261,42.96875,42.96875,0
synthetic_scale_500u_1022e_4p,k4,e262,41.015625,41.015625,0
synthetic_scale_500u_1022e_4p,k4,e263,59.244791666666664,59.244791666666664,0
synthetic_scale_500u_1022e_4p,k4,e264,37.109375,37.109375,0
synthetic_scale_500u_1022e_4p,k4,e265,55.338541666666664,55.338541666666664,0
synthetic_scale_500u_1022e_4p,k4,e266,33.203125,33.203125,0
synthetic_scale_500u_1022e_4p,k4,e267,51.432291666666664,51.432291666666664,0
synthetic_scale_500u_1022e_4p,k4,e268,49.479166666666664,49.479166666666664,0
synthetic_scale_500u_1022e_4p,k4,e269,47.526041666666664,47.526041666666664,0
synthetic_scale_500u_1022e_4p,k4,e270,45.572916666666664,45.572916666666664,0
synthetic_scale_500u_1022e_4p,k4,e271,43.619791666666664,43.619791666666664,0
synthetic_scale_500u_1022e_4p,k4,e272,41.666666666666664,41.666666666666664,0
synthetic_scale_500u_1022e_4p,k4,e273,39.713541666666664,39.713541666666664,0
synthetic_scale_500u_1022e_4p,k4,e274,57.942708333333336,57.942708333333336,0
synthetic_scale_500u_1022e_4p,k4,e275,35.807291666666664,35.807291666666664,0
synthetic_scale_500u_1022e_4p,k4,e276,54.036458333333336,54.036458333333336,0
synthetic_scale_500u_1022e_4p,k4,e277,31.901041666666668,31.901041666666668,0
synthetic_scale_500u_1022e_4p,k4,e278,50.130208333333336,50.130208333333336,0
synthetic_scale_500u_1022e_4p,k4,e279,48.177083333333336,48.177083333333336,0
synthetic_scale_500u_1022e_4p,k4,e280,46.223958333333336,46.223958333333336,0
synthetic_scale_500u_1022e_4p,k4,e281,44.270833333333336,44.270833333333336,0
synthetic_scale_500u_1022e_4p,k4,e282,42.317708333333336,42.317708333333336,0
synthetic_scale_500u_1022e_4p,k4,e283,60.546875,60.546875,0
synthetic_scale_500u_1022e_4p,k4,e284,38.411458333333336,38.411458333333336,0
synthetic_scale_500u_1022e_4p,k4,e285,56.640625,56.640625,0
synthetic_scale_500u_1022e_4p,k4,e286,34.505208333333336,34.505208333333336,0
synthetic_scale_500u_1022e_4p,k4,e287,52.734375,52.734375,0
synthetic_scale_500u_1022e_4p,k4,e288,30.598958333333332,30.598958333333332,0
synthetic_scale_500u_1022e_4p,k4,e289,48.828125,48.828125,0
synthetic_scale_500u_1022e_4p,k4,e290,46.875,46.875,0
synthetic_scale_500u_1022e_4p,k4,e291,44.921875,44.921875,0
synthetic_scale_500u_1022e_4p,k4,e292,42.96875,42.96875,0
synthetic_scale_500u_1022e_4p,k4,e293,41.015625,41.015625,0
synthetic_scale_500u_1022e_4p,k4,e294,59.244791666666664,59.244791666666664,0
synthetic_scale_500u_1022e_4p,k4,e295,37.109375,37.109375,0
synthetic_scale_500u_1022e_4p,k4,e296,55.338541666666664,55.338541666666664,0
synthetic_scale_500u_1022e_4p,k4,e297,33.203125,33.203125,0
synthetic_scale_500u_1022e_4p,k4,e298,51.432291666666664,51.432291666666664,0
synthetic_scale_500u_1022e_4p,k4,e299,49.479166666666664,49.479166666666664,0
synthetic_scale_500u_1022e_4p,k4,e300,47.526041666666664,47.526041666666664,0
synthetic_scale_500u_1022e_4p,k4,e301,45.572916666666664,45.572916666666664,0
synthetic_scale_500u_1022e_4p,k4,e302,43.619791666666664,43.619791666666664,0
synthetic_scale_500u_1022e_4p,k4,e303,41.666666666666664,41.666666666666664,0
synthetic_scale_500u_1022e_4p,k4,e304,39.713541666666664,39.713541666666664,0
synthetic_scale_500u_1022e_4p,k4,e305,57.942708333333336,57.942708333333336,0
synthetic_scale_500u_1022e_4p,k4,e306,35.807291666666664,35.807291666666664,0
synthetic_scale_500u_1022e_4p,k4,e307,54.036458333333336,54.036458333333336,0
synthetic_scale_500u_1022e_4p,k4,e308,31.901041666666668,31.901041666666668,0
synthetic_scale_500u_1022e_4p,k4,e309,50.130208333333336,50.130208333333336,0
synthetic_scale_500u_1022e_4p,k4,e310,48.177083333333336,48.177083333333336,0
synthetic_scale_500u_1022e_4p,k4,e311,46.223958333333336,46.223958333333336,0
synthetic_scale_500u_1022e_4p,k4,e312,44.270833333333336,44.270833333333336,0
synthetic_scale_500u_1022e_4p,k4,e313,42.317708333333336,42.317708333333336,0
synthetic_scale_500u_1022e_4p,k4,e314,60.546875,60.546875,0
synthetic_scale_500u_1022e_4p,k4,e315,38.411458333333336,38.411458333333336,0
synthetic_scale_500u_1022e_4p,k4,e316,56.640625,56.640625,0
synthetic_scale_500u_1022e_4p,k4,e317,34.505208333333336,34.505208333333336,0
synthetic_scale_500u_1022e_4p,k4,e318,52.734375,52.734375,0
synthetic_scale_500u_1022e_4p,k4,e319,30.598958333333332,30.598958333333332,0
synthetic_scale_500u_1022e_4p,k4,e320,48.828125,48.828125,0
synthetic_scale_500u_1022e_4p,k4,e321,46.875,46.875,0
synthetic_scale_500u_1022e_4p,k4,e322,44.921875,44.921875,0
synthetic_scale_500u_1022e_4p,k4,e323,42.96875,42.96875,0
synthetic_scale_500u_1022e_4p,k4,e324,41.015625,41.015625,0
synthetic_scale_500u_1022e_4p,k4,e325,59.244791666666664,59.244791666666664,0
synthetic_scale_500u_1022e_4p,k4,e326,37.109375,37.109375,0
synthetic_scale_500u_1022e_4p,k4,e327,55.338541666666664,55.338541666666664,0
synthetic_scale_500u_1022e_4p,k4,e328,33.203125,33.203125,0
synthetic_scale_500u_1022e_4p,k4,e329,51.432291666666664,51.432291666666664,0
synthetic_scale_500u_1022e_4p,k4,e330,49.479166666666664,49.479166666666664,0
synthetic_scale_500u_1022e_4p,k4,e331,47.526041666666664,47.526041666666664,0
synthetic_scale_500u_1022e_4p,k4,e332,45.572916666666664,45.572916666666664,0
synthetic_scale_500u_1022e_4p,k4,e333,43.619791666666664,43.619791666666664,0
synthetic_scale_500u_1022e_4p,k4,e334,41.666666666666664,41.666666666666664,0
synthetic_scale_500u_1022e_4p,k4,e335,39.713541666666664,39.713541666666664,0
synthetic_scale_500u_1022e_4p,k4,e336,57.942708333333336,57.942708333333336,0
synthetic_scale_500u_1022e_4p,k4,e337,35.807291666666664,35.807291666666664,0
synthetic_scale_500u_1022e_4p,k4,e338,54.036458333333336,54.036458333333336,0
synthetic_scale_500u_1022e_4p,k4,e339,31.901041666666668,31.901041666666668,0
synthetic_scale_500u_1022e_4p,k4,e340,50.130208333333336,50.130208333333336,0
synthetic_scale_500u_1022e_4p,k4,e341,48.177083333333336,48.177083333333336,0
synthetic_scale_500u_1022e_4p,k4,e342,46.223958333333336,46.223958333333336,0
synthetic_scale_500u_1022e_4p,k4,e343,44.270833333333336,44.270833333333336,0
synthetic_scale_500u_1022e_4p,k4,e344,42.317708333333336,42.317708333333336,0
synthetic_scale_500u_1022e_4p,k4,e345,60.546875,60.546875,0
synthetic_scale_500u_1022e_4p,k4,e346,38.411458333333336,38.411458333333336,0
synthetic_scale_500u_1022e_4p,k4,e347,56.640625,56.640625,0
synthetic_scale_500u_1022e_4p,k4,e348,34.505208333333336,34.505208333333336,0
synthetic_scale_500u_1022e_4p,k4,e349,52.734375,52.734375,0
synthetic_scale_500u_1022e_4p,k4,e350,30.598958333333332,30.598958333333332,0
synthetic_scale_500u_1022e_4p,k4,e351,48.828125,48.828125,0
synthetic_scale_500u_1022e_4p,k4,e352,46.875,46.875,0
synthetic_scale_500u_1022e_4p,k4,e353,44.921875,44.921875,0
synthetic_scale_500u_1022e_4p,k4,e354,42.96875,42.96875,0
synthetic_scale_500u_1022e_4p,k4,e355,41.015625,41.015625,0
synthetic_scale_500u_1022e_4p,k4,e356,59.244791666666664,59.244791666666664,0
synthetic_scale_500u_1022e_4p,k4,e357,37.109375,37.109375,0
synthetic_scale_500u_1022e_4p,k4,e358,55.338541666666664,55.338541666666664,0
synthetic_scale_500u_1022e_4p,k4,e359,33.203125,33.203125,0
synthetic_scale_500u_1022e_4p,k4,e360,51.432291666666664,51.432291666666664,0
synthetic_scale_500u_1022e_4p,k4,e361,49.479166666666664,49.479166666666664,0
synthetic_scale_500u_1022e_4p,k4,e362,47.526041666666664,47.526041666666664,0
synthetic_scale_500u_1022e_4p,k4,e363,45.572916666666664,45.572916666666664,0
synthetic_scale_500u_1022e_4p,k4,e364,43.619791666666664,43.619791666666664,0
synthetic_scale_500u_1022e_4p,k4,e365,41.666666666666664,41.666666666666664,0
synthetic_scale_500u_1022e_4p,k4,e366,39.713541666666664,39.713541666666664,0
synthetic_scale_500u_1022e_4p,k4,e367,57.942708333333336,57.942708333333336,0
synthetic_scale_500u_1022e_4p,k4,e368,35.807291666666664,35.807291666666664,0
synthetic_scale_500u_1022e_4p,k4,e369,54.036458333333336,54.036458333333336,0
synthetic_scale_500u_1022e_4p,k4,e370,31.901041666666668,31.901041666666668,0
synthetic_scale_500u_1022e_4p,k4,e371,50.130208333333336,50.130208333333336,0
synthetic_scale_500u_1022e_4p,k4,e372,48.177083333333336,48.177083333333336,0
synthetic_scale_500u_1022e_4p,k4,e373,46.223958333333336,46.223958333333336,0
synthetic_scale_500u_1022e_4p,k4,e374,44.270833333333336,44.270833333333336,0
synthetic_scale_500u_1022e_4p,k4,e375,42.317708333333336,42.317708333333336,0
synthetic_scale_500u_1022e_4p,k4,e376,60.546875,60.546875,0
synthetic_scale_500u_1022e_4p,k4,e377,38.411458333333336,38.411458333333336,0
synthetic_scale_500u_1022e_4p,k4,e378,56.640625,56.640625,0
synthetic_scale_500u_1022e_4p,k4,e379,34.505208333333336,34.505208333333336,0
synthetic_scale_500u_1022e_4p,k4,e380,52.734375,52.734375,0
synthetic_scale_500u_1022e_4p,k4,e381,30.598958333333332,30.598958333333332,0
synthetic_scale_500u_1022e_4p,k4,e382,48.828125,48.828125,0
synthetic_scale_500u_1022e_4p,k4,e383,46.875,46.875,0
synthetic_scale_500u_1022e_4p,k4,e384,44.921875,44.921875,0
synthetic_scale_500u_1022e_4p,k4,e385,42.96875,42.96875,0
synthetic_scale_500u_1022e_4p,k4,e386,41.015625,41.015625,0
synthetic_scale_500u_1022e_4p,k4,e387,59.244791666666664,59.244791666666664,0
synthetic_scale_500u_1022e_4p,k4,e388,37.109375,37.109375,0
synthetic_scale_500u_1022e_4p,k4,e389,55.338541666666664,55.338541666666664,0
synthetic_scale_500u_1022e_4p,k4,e390,33.203125,33.203125,0
synthetic_scale_500u_1022e_4p,k4,e391,51.432291666666664,51.432291666666664,0
synthetic_scale_500u_1022e_4p,k4,e392,49.479166666666664,49.479166666666664,0
synthetic_scale_500u_1022e_4p,k4,e393,47.526041666666664,47.526041666666664,0
synthetic_scale_500u_1022e_4p,k4,e394,45.572916666666664,45.572916666666664,0
synthetic_scale_500u_1022e_4p,k4,e395,43.619791666666664,43.619791666666664,0
synthetic_scale_500u_1022e_4p,k4,e396,41.666666666666664,41.666666666666664,0
synthetic_scale_500u_1022e_4p,k4,e397,39.713541666666664,39.713541666666664,0
synthetic_scale_500u_1022e_4p,k4,e398,57.942708333333336,57.942708333333336,0
synthetic_scale_500u_1022e_4p,k4,e399,35.807291666666664,35.807291666666664,0
synthetic_scale_500u_1022e_4p,k4,e400,54.036458333333336,54.036458333333336,0
synthetic_scale_500u_1022e_4p,k4,e401,31.901041666666668,31.901041666666668,0
synthetic_scale_500u_1022e_4p,k4,e402,50.130208333333336,50.130208333333336,0
synthetic_scale_500u_1022e_4p,k4,e403,48.177083333333336,48.177083333333336,0
synthetic_scale_500u_1022e_4p,k4,e404,46.223958333333336,46.223958333333336,0
synthetic_scale_500u_1022e_4p,k4,e405,44.270833333333336,44.270833333333336,0
synthetic_scale_500u_1022e_4p,k4,e406,42.317708333333336,42.317708333333336,0
synthetic_scale_500u_1022e_4p,k4,e407,60.546875,60.546875,0
synthetic_scale_500u_1022e_4p,k4,e408,38.411458333333336,38.411458333333336,0
synthetic_scale_500u_1022e_4p,k4,e409,56.640625,56.640625,0
synthetic_scale_500u_1022e_4p,k4,e410,34.505208333333336,34.505208333333336,0
synthetic_scale_500u_1022e_4p,k4,e411,52.734375,52.734375,0
synthetic_scale_500u_1022e_4p,k4,e412,30.598958333333332,30.598958333333332,0
synthetic_scale_500u_1022e_4p,k4,e413,48.828125,48.828125,0
synthetic_scale_500u_1022e_4p,k4,e414,46.875,46.875,0
synthetic_scale_500u_1022e_4p,k4,e415,44.921875,44.921875,0
synthetic_scale_500u_1022e_4p,k4,e416,42.96875,42.96875,0
synthetic_scale_500u_1022e_4p,k4,e417,41.015625,41.015625,0
synthetic_scale_500u_1022e_4p,k4,e418,59.244791666666664,59.244791666666664,0
synthetic_scale_500u_1022e_4p,k4,e419,37.109375,37.109375,0
synthetic_scale_500u_1022e_4p,k4,e420,55.338541666666664,55.338541666666664,0
synthetic_scale_500u_1022e_4p,k4,e421,33.203125,33.203125,0
synthetic_scale_500u_1022e_4p,k4,e422,51.432291666666664,51.432291666666664,0
synthetic_scale_500u_1022e_4p,k4,e423,49.479166666666664,49.479166666666664,0
synthetic_scale_500u_1022e_4p,k4,e424,47.526041666666664,47.526041666666664,0
synthetic_scale_500u_1022e_4p,k4,e425,45.572916666666664,45.572916666666664,0
synthetic_scale_500u_1022e_4p,k4,e426,43.619791666666664,43.619791666666664,0
synthetic_scale_500u_1022e_4p,k4,e427,41.666666666666664,41.666666666666664,0
synthetic_scale_500u_1022e_4p,k4,e428,39.713541666666664,39.713541666666664,0
synthetic_scale_500u_1022e_4p,k4,e429,57.942708333333336,57.942708333333336,0
synthetic_scale_500u_1022e_4p,k4,e430,35.807291666666664,35.807291666666664,0
synthetic_scale_500u_1022e_4p,k4,e431,54.036458333333336,54.036458333333336,0
synthetic_scale_500u_1022e_4p,k4,e432,31.901041666666668,31.901041666666668,0
synthetic_scale_500u_1022e_4p,k4,e433,50.130208333333336,50.130208333333336,0
synthetic_scale_500u_1022e_4p,k4,e434,48.177083333333336,48.177083333333336,0
synthetic_scale_500u_1022e_4p,k4,e435,46.223958333333336,46.223958333333336,0
synthetic_scale_500u_1022e_4p,k4,e436,44.270833333333336,44.270833333333336,0
synthetic_scale_500u_1022e_4p,k4,e437,42.317708333333336,42.317708333333336,0
synthetic_scale_500u_1022e_4p,k4,e438,60.546875,60.546875,0
synthetic_scale_500u_1022e_4p,k4,e439,38.411458333333336,38.411458333333336,0
synthetic_scale_500u_1022e_4p,k4,e440,56.640625,56.640625,0
synthetic_scale_500u_1022e_4p,k4,e441,34.505208333333336,34.505208333333336,0
synthetic_scale_500u_1022e_4p,k4,e442,52.734375,52.734375,0
synthetic_scale_500u_1022e_4p,k4,e443,30.598958333333332,30.598958333333332,0
synthetic_scale_500u_1022e_4p,k4,e444,48.828125,48.828125,0
synthetic_scale_500u_1022e_4p,k4,e445,46.875,46.875,0
synthetic_scale_500u_1022e_4p,k4,e446,44.921875,44.921875,0
synthetic_scale_500u_1022e_4p,k4,e447,42.96875,42.96875,0
synthetic_scale_500u_1022e_4p,k4,e448,41.015625,41.015625,0
synthetic_scale_500u_1022e_4p,k4,e449,59.244791666666664,59.244791666666664,0
synthetic_scale_500u_1022e_4p,k4,e450,37.109375,37.109375,0
synthetic_scale_500u_1022e_4p,k4,e451,55.338541666666664,55.338541666666664,0
synthetic_scale_500u_1022e_4p,k4,e452,33.203125,33.203125,0
synthetic_scale_500u_1022e_4p,k4,e453,51.432291666666664,51.432291666666664,0
synthetic_scale_500u_1022e_4p,k4,e454,49.479166666666664,49.479166666666664,0
synthetic_scale_500u_1022e_4p,k4,e455,47.526041666666664,47.526041666666664,0
synthetic_scale_500u_1022e_4p,k4,e456,45.572916666666664,45.572916666666664,0
synthetic_scale_500u_1022e_4p,k4,e457,43.619791666666664,43.619791666666664,0
synthetic_scale_500u_1022e_4p,k4,e458,41.666666666666664,41.666666666666664,0
synthetic_scale_500u_1022e_4p,k4,e459,39.713541666666664,39.713541666666664,0
synthetic_scale_500u_1022e_4p,k4,e460,57.942708333333336,57.942708333333336,0
synthetic_scale_500u_1022e_4p,k4,e461,35.807291666666664,35.807291666666664,0
synthetic_scale_500u_1022e_4p,k4,e462,54.036458333333336,54.036458333333336,0
synthetic_scale_500u_1022e_4p,k4,e463,31.901041666666668,31.901041666666668,0
synthetic_scale_500u_1022e_4p,k4,e464,50.130208333333336,50.130208333333336,0
synthetic_scale_500u_1022e_4p,k4,e465,48.177083333333336,48.177083333333336,0
synthetic_scale_500u_1022e_4p,k4,e466,46.223958333333336,46.223958333333336,0
synthetic_scale_500u_1022e_4p,k4,e467,44.270833333333336,44.270833333333336,0
synthetic_scale_500u_1022e_4p,k4,e468,42.317708333333336,42.317708333333336,0
synthetic_scale_500u_1022e_4p,k4,e469,60.546875,60.546875,0
synthetic_scale_500u_1022e_4p,k4,e470,38.411458333333336,38.411458333333336,0
synthetic_scale_500u_1022e_4p,k4,e471,56.640625,56.640625,0
synthetic_scale_500u_1022e_4p,k4,e472,34.505208333333336,34.505208333333336,0
synthetic_scale_500u_1022e_4p,k4,e473,52.734375,52.734375,0
synthetic_scale_500u_1022e_4p,k4,e474,30.598958333333332,30.598958333333332,0
synthetic_scale_500u_1022e_4p,k4,e475,48.828125,48.828125,0
synthetic_scale_500u_1022e_4p,k4,e476,46.875,46.875,0
synthetic_scale_500u_1022e_4p,k4,e477,44.921875,44.921875,0
synthetic_scale_500u_1022e_4p,k4,e478,42.96875,42.96875,0
synthetic_scale_500u_1022e_4p,k4,e479,41.015625,41.015625,0
synthetic_scale_500u_1022e_4p,k4,e480,59.244791666666664,59.244791666666664,0
synthetic_scale_500u_1022e_4p,k4,e481,37.109375,37.109375,0
synthetic_scale_500u_1022e_4p,k4,e482,55.338541666666664,55.338541666666664,0
synthetic_scale_500u_1022e_4p,k4,e483,33.203125,33.203125,0
synthetic_scale_500u_1022e_4p,k4,e484,51.432291666666664,51.432291666666664,0
synthetic_scale_500u_1022e_4p,k4,e485,49.479166666666664,49.479166666666664,0
synthetic_scale_500u_1022e_4p,k4,e486,47.526041666666664,47.526041666666664,0
synthetic_scale_500u_1022e_4p,k4,e487,45.572916666666664,45.572916666666664,0
synthetic_scale_500u_1022e_4p,k4,e488,43.619791666666664,43.619791666666664,0
synthetic_scale_500u_1022e_4p,k4,e489,41.666666666666664,41.666666666666664,0
synthetic_scale_500u_1022e_4p,k4,e490,39.713541666666664,39.713541666666664,0
synthetic_scale_500u_1022e_4p,k4,e491,57.942708333333336,57.942708333333336,0
synthetic_scale_500u_1022e_4p,k4,e492,35.807291666666664,35.807291666666664,0
synthetic_scale_500u_1022e_4p,k4,e493,54.036458333333336,54.036458333333336,0
synthetic_scale_500u_1022e_4p,k4,e494,31.901041666666668,31.901041666666668,0
synthetic_scale_500u_1022e_4p,k4,e495,50.130208333333336,50.130208333333336,0
synthetic_scale_500u_1022e_4p,k4,e496,48.177083333333336,48.177083333333336,0
synthetic_scale_500u_1022e_4p,k4,e497,46.223958333333336,46.223958333333336,0
synthetic_scale_500u_1022e_4p,k4,e498,44.270833333333336,44.270833333333336,0
synthetic_scale_500u_1022e_4p,k4,e499,42.317708333333336,42.317708333333336,0
synthetic_scale_500u_1022e_4p,k4,e500,60.546875,60.546875,0
synthetic_scale_500u_1022e_4p,k4,e501,38.411458333333336,38.411458333333336,0
synthetic_scale_500u_1022e_4p,k4,e502,56.640625,56.640625,0
synthetic_scale_500u_1022e_4p,k4,e503,34.505208333333336,34.505208333333336,0
synthetic_scale_500u_1022e_4p,k4,e504,0.0,0.0,0
synthetic_scale_500u_1022e_4p,k4,e505,0.0,0.0,0
synthetic_scale_500u_1022e_4p,k4,e506,0.0,0.0,0
synthetic_scale_500u_1022e_4p,k4,e507,0.0,0.0,0
synthetic_scale_500u_1022e_4p,k4,e508,0.0,0.0,0
synthetic_scale_500u_1022e_4p,k4,e509,0.0,0.0,0
synthetic_scale_500u_1022e_4p,k4,e510,25.0,25.0,0
synthetic_scale_500u_1022e_4p,k4,e511,29.375,29.375,0
synthetic_scale_500u_1022e_4p,k4,e512,14.375,14.375,0
synthetic_scale_500u_1022e_4p,k4,e513,18.75,18.75,0
synthetic_scale_500u_1022e_4p,k4,e514,23.125,23.125,0
synthetic_scale_500u_1022e_4p,k4,e515,27.5,27.5,0
synthetic_scale_500u_1022e_4p,k4,e516,12.5,12.5,0
synthetic_scale_500u_1022e_4p,k4,e517,16.875,16.875,0
synthetic_scale_500u_1022e_4p,k4,e518,21.25,21.25,0
synthetic_scale_500u_1022e_4p,k4,e519,25.625,25.625,0
synthetic_scale_500u_1022e_4p,k4,e520,30.0,30.0,0
synthetic_scale_500u_1022e_4p,k4,e521,15.0,15.0,0
synthetic_scale_500u_1022e_4p,k4,e522,19.375,19.375,0
synthetic_scale_500u_1022e_4p,k4,e523,23.75,23.75,0
synthetic_scale_500u_1022e_4p,k4,e524,28.125,28.125,0
synthetic_scale_500u_1022e_4p,k4,e525,13.125,13.125,0
synthetic_scale_500u_1022e_4p,k4,e526,17.5,17.5,0
synthetic_scale_500u_1022e_4p,k4,e527,21.875,21.875,0
synthetic_scale_500u_1022e_4p,k4,e528,26.25,26.25,0
synthetic_scale_500u_1022e_4p,k4,e529,30.625,30.625,0
synthetic_scale_500u_1022e_4p,k4,e530,15.625,15.625,0
synthetic_scale_500u_1022e_4p,k4,e531,20.0,20.0,0
synthetic_scale_500u_1022e_4p,k4,e532,24.375,24.375,0
synthetic_scale_500u_1022e_4p,k4,e533,28.75,28.75,0
synthetic_scale_500u_1022e_4p,k4,e534,13.75,13.75,0
synthetic_scale_500u_1022e_4p,k4,e535,18.125,18.125,0
synthetic_scale_500u_1022e_4p,k4,e536,22.5,22.5,0
synthetic_scale_500u_1022e_4p,k4,e537,26.875,26.875,0
synthetic_scale_500u_1022e_4p,k4,e538,31.25,31.25,0
synthetic_scale_500u_1022e_4p,k4,e539,16.25,16.25,0
synthetic_scale_500u_1022e_4p,k4,e540,20.625,20.625,0
synthetic_scale_500u_1022e_4p,k4,e541,25.0,25.0,0
synthetic_scale_500u_1022e_4p,k4,e542,29.375,29.375,0
synthetic_scale_500u_1022e_4p,k4,e543,14.375,14.375,0
synthetic_scale_500u_1022e_4p,k4,e544,18.75,18.75,0
synthetic_scale_500u_1022e_4p,k4,e545,23.125,23.125,0
synthetic_scale_500u_1022e_4p,k4,e546,27.5,27.5,0
synthetic_scale_500u_1022e_4p,k4,e547,12.5,12.5,0
synthetic_scale_500u_1022e_4p,k4,e548,16.875,16.875,0
synthetic_scale_500u_1022e_4p,k4,e549,21.25,21.25,0
synthetic_scale_500u_1022e_4p,k4,e550,25.625,25.625,0
synthetic_scale_500u_1022e_4p,k4,e551,30.0,30.0,0
synthetic_scale_500u_1022e_4p,k4,e552,15.0,15.0,0
synthetic_scale_500u_1022e_4p,k4,e553,19.375,19.375,0
synthetic_scale_500u_1022e_4p,k4,e554,23.75,23.75,0
synthetic_scale_500u_1022e_4p,k4,e555,28.125,28.125,0
synthetic_scale_500u_1022e_4p,k4,e556,13.125,13.125,0
synthetic_scale_500u_1022e_4p,k4,e557,17.5,17.5,0
synthetic_scale_500u_1022e_4p,k4,e558,21.875,21.875,0
synthetic_scale_500u_1022e_4p,k4,e559,26.25,26.25,0
synthetic_scale_500u_1022e_4p,k4,e560,30.625,30.625,0
synthetic_scale_500u_1022e_4p,k4,e561,15.625,15.625,0
synthetic_scale_500u_1022e_4p,k4,e562,20.0,20.0,0
synthetic_scale_500u_1022e_4p,k4,e563,24.375,24.375,0
synthetic_scale_500u_1022e_4p,k4,e564,28.75,28.75,0
synthetic_scale_500u_1022e_4p,k4,e565,13.75,13.75,0
synthetic_scale_500u_1022e_4p,k4,e566,18.125,18.125,0
synthetic_scale_500u_1022e_4p,k4,e567,22.5,22.5,0
synthetic_scale_500u_1022e_4p,k4,e568,26.875,26.875,0
synthetic_scale_500u_1022e_4p,k4,e569,31.25,31.25,0
synthetic_scale_500u_1022e_4p,k4,e570,16.25,16.25,0
synthetic_scale_500u_1022e_4p,k4,e571,20.625,20.625,0
synthetic_scale_500u_1022e_4p,k4,e572,25.0,25.0,0
synthetic_scale_500u_1022e_4p,k4,e573,29.375,29.375,0
synthetic_scale_500u_1022e_4p,k4,e574,14.375,14.375,0
synthetic_scale_500u_1022e_4p,k4,e575,18.75,18.75,0
synthetic_scale_500u_1022e_4p,k4,e576,23.125,23.125,0
synthetic_scale_500u_1022e_4p,k4,e577,27.5,27.5,0
synthetic_scale_500u_1022e_4p,k4,e578,12.5,12.5,0
synthetic_scale_500u_1022e_4p,k4,e579,16.875,16.875,0
synthetic_scale_500u_1022e_4p,k4,e580,21.25,21.25,0
synthetic_scale_500u_1022e_4p,k4,e581,25.625,25.625,0
synthetic_scale_500u_1022e_4p,k4,e582,30.0,30.0,0
synthetic_scale_500u_1022e_4p,k4,e583,15.0,15.0,0
synthetic_scale_500u_1022e_4p,k4,e584,19.375,19.375,0
synthetic_scale_500u_1022e_4p,k4,e585,23.75,23.75,0
synthetic_scale_500u_1022e_4p,k4,e586,28.125,28.125,0
synthetic_scale_500u_1022e_4p,k4,e587,13.125,13.125,0
synthetic_scale_500u_1022e_4p,k4,e588,17.5,17.5,0
synthetic_scale_500u_1022e_4p,k4,e589,21.875,21.875,0
synthetic_scale_500u_1022e_4p,k4,e590,26.25,26.25,0
synthetic_scale_500u_1022e_4p,k4,e591,30.625,30.625,0
synthetic_scale_500u_1022e_4p,k4,e592,15.625,15.625,0
synthetic_scale_500u_1022e_4p,k4,e593,20.0,20.0,0
synthetic_scale_500u_1022e_4p,k4,e594,24.375,24.375,0
synthetic_scale_500u_1022e_4p,k4,e595,28.75,28.75,0
synthetic_scale_500u_1022e_4p,k4,e596,13.75,13.75,0
synthetic_scale_500u_1022e_4p,k4,e597,18.125,18.125,0
synthetic_scale_500u_1022e_4p,k4,e598,22.5,22.5,0
synthetic_scale_500u_1022e_4p,k4,e599,26.875,26.875,0
synthetic_scale_500u_1022e_4p,k4,e600,31.25,31.25,0
synthetic_scale_500u_1022e_4p,k4,e601,16.25,16.25,0
synthetic_scale_500u_1022e_4p,k4,e602,20.625,20.625,0
synthetic_scale_500u_1022e_4p,k4,e603,25.0,25.0,0
synthetic_scale_500u_1022e_4p,k4,e604,29.375,29.375,0
synthetic_scale_500u_1022e_4p,k4,e605,14.375,14.375,0
synthetic_scale_500u_1022e_4p,k4,e606,18.75,18.75,0
synthetic_scale_500u_1022e_4p,k4,e607,23.125,23.125,0
synthetic_scale_500u_1022e_4p,k4,e608,27.5,27.5,0
synthetic_scale_500u_1022e_4p,k4,e609,12.5,12.5,0
synthetic_scale_500u_1022e_4p,k4,e610,16.875,16.875,0
synthetic_scale_500u_1022e_4p,k4,e611,21.25,21.25,0
synthetic_scale_500u_1022e_4p,k4,e612,25.625,25.625,0
synthetic_scale_500u_1022e_4p,k4,e613,30.0,30.0,0
synthetic_scale_500u_1022e_4p,k4,e614,15.0,15.0,0
synthetic_scale_500u_1022e_4p,k4,e615,19.375,19.375,0
synthetic_scale_500u_1022e_4p,k4,e616,23.75,23.75,0
synthetic_scale_500u_1022e_4p,k4,e617,28.125,28.125,0
synthetic_scale_500u_1022e_4p,k4,e618,13.125,13.125,0
synthetic_scale_500u_1022e_4p,k4,e619,17.5,17.5,0
synthetic_scale_500u_1022e_4p,k4,e620,21.875,21.875,0
synthetic_scale_500u_1022e_4p,k4,e621,26.25,26.25,0
synthetic_scale_500u_1022e_4p,k4,e622,30.625,30.625,0
synthetic_scale_500u_1022e_4p,k4,e623,15.625,15.625,0
synthetic_scale_500u_1022e_4p,k4,e624,20.0,20.0,0
synthetic_scale_500u_1022e_4p,k4,e625,24.375,24.375,0
synthetic_scale_500u_1022e_4p,k4,e626,28.75,28.75,0
synthetic_scale_500u_1022e_4p,k4,e627,13.75,13.75,0
synthetic_scale_500u_1022e_4p,k4,e628,18.125,18.125,0
synthetic_scale_500u_1022e_4p,k4,e629,22.5,22.5,0
synthetic_scale_500u_1022e_4p,k4,e630,26.875,26.875,0
synthetic_scale_500u_1022e_4p,k4,e631,31.25,31.25,0
synthetic_scale_500u_1022e_4p,k4,e632,16.25,16.25,0
synthetic_scale_500u_1022e_4p,k4,e633,20.625,20.625,0
synthetic_scale_500u_1022e_4p,k4,e634,25.0,25.0,0
synthetic_scale_500u_1022e_4p,k4,e635,29.375,29.375,0
synthetic_scale_500u_1022e_4p,k4,e636,14.375,14.375,0
synthetic_scale_500u_1022e_4p,k4,e637,18.75,18.75,0
synthetic_scale_500u_1022e_4p,k4,e638,23.125,23.125,0
synthetic_scale_500u_1022e_4p,k4,e639,27.5,27.5,0
synthetic_scale_500u_1022e_4p,k4,e640,12.5,12.5,0
synthetic_scale_500u_1022e_4p,k4,e641,16.875,16.875,0
synthetic_scale_500u_1022e_4p,k4,e642,21.25,21.25,0
synthetic_scale_500u_1022e_4p,k4,e643,25.625,25.625,0
synthetic_scale_500u_1022e_4p,k4,e644,30.0,30.0,0
synthetic_scale_500u_1022e_4p,k4,e645,15.0,15.0,0
synthetic_scale_500u_1022e_4p,k4,e646,19.375,19.375,0
synthetic_scale_500u_1022e_4p,k4,e647,23.75,23.75,0
synthetic_scale_500u_1022e_4p,k4,e648,28.125,28.125,0
synthetic_scale_500u_1022e_4p,k4,e649,13.125,13.125,0
synthetic_scale_500u_1022e_4p,k4,e650,17.5,17.5,0
synthetic_scale_500u_1022e_4p,k4,e651,21.875,21.875,0
synthetic_scale_500u_1022e_4p,k4,e652,26.25,26.25,0
synthetic_scale_500u_1022e_4p,k4,e653,30.625,30.625,0
synthetic_scale_500u_1022e_4p,k4,e654,15.625,15.625,0
synthetic_scale_500u_1022e_4p,k4,e655,20.0,20.0,0
synthetic_scale_500u_1022e_4p,k4,e656,24.375,24.375,0
synthetic_scale_500u_1022e_4p,k4,e657,28.75,28.75,0
synthetic_scale_500u_1022e_4p,k4,e658,13.75,13.75,0
synthetic_scale_500u_1022e_4p,k4,e659,18.125,18.125,0
synthetic_scale_500u_1022e_4p,k4,e660,22.5,22.5,0
synthetic_scale_500u_1022e_4p,k4,e661,26.875,26.875,0
synthetic_scale_500u_1022e_4p,k4,e662,31.25,31.25,0
synthetic_scale_500u_1022e_4p,k4,e663,16.25,16.25,0
synthetic_scale_500u_1022e_4p,k4,e664,20.625,20.625,0
synthetic_scale_500u_1022e_4p,k4,e665,25.0,25.0,0
synthetic_scale_500u_1022e_4p,k4,e666,29.375,29.375,0
synthetic_scale_500u_1022e_4p,k4,e667,14.375,14.375,0
synthetic_scale_500u_1022e_4p,k4,e668,18.75,18.75,0
synthetic_scale_500u_1022e_4p,k4,e669,23.125,23.125,0
synthetic_scale_500u_1022e_4p,k4,e670,27.5,27.5,0
synthetic_scale_500u_1022e_4p,k4,e671,12.5,12.5,0
synthetic_scale_500u_1022e_4p,k4,e672,16.875,16.875,0
synthetic_scale_500u_1022e_4p,k4,e673,21.25,21.25,0
synthetic_scale_500u_1022e_4p,k4,e674,25.625,25.625,0
synthetic_scale_500u_1022e_4p,k4,e675,30.0,30.0,0
synthetic_scale_500u_1022e_4p,k4,e676,15.0,15.0,0
synthetic_scale_500u_1022e_4p,k4,e677,19.375,19.375,0
synthetic_scale_500u_1022e_4p,k4,e678,23.75,23.75,0
synthetic_scale_500u_1022e_4p,k4,e679,28.125,28.125,0
synthetic_scale_500u_1022e_4p,k4,e680,13.125,13.125,0
synthetic_scale_500u_1022e_4p,k4,e681,17.5,17.5,0
synthetic_scale_500u_1022e_4p,k4,e682,21.875,21.875,0
synthetic_scale_500u_1022e_4p,k4,e683,26.25,26.25,0
synthetic_scale_500u_1022e_4p,k4,e684,30.625,30.625,0
synthetic_scale_500u_1022e_4p,k4,e685,15.625,15.625,0
synthetic_scale_500u_1022e_4p,k4,e686,20.0,20.0,0
synthetic_scale_500u_1022e_4p,k4,e687,24.375,24.375,0
synthetic_scale_500u_1022e_4p,k4,e688,28.75,28.75,0
synthetic_scale_500u_1022e_4p,k4,e689,13.75,13.75,0
synthetic_scale_500u_1022e_4p,k4,e690,18.125,18.125,0
synthetic_scale_500u_1022e_4p,k4,e691,22.5,22.5,0
synthetic_scale_500u_1022e_4p,k4,e692,26.875,26.875,0
synthetic_scale_500u_1022e_4p,k4,e693,31.25,31.25,0
synthetic_scale_500u_1022e_4p,k4,e694,16.25,16.25,0
synthetic_scale_500u_1022e_4p,k4,e695,20.625,20.625,0
synthetic_scale_500u_1022e_4p,k4,e696,25.0,25.0,0
synthetic_scale_500u_1022e_4p,k4,e697,29.375,29.375,0
synthetic_scale_500u_1022e_4p,k4,e698,14.375,14.375,0
synthetic_scale_500u_1022e_4p,k4,e699,18.75,18.75,0
synthetic_scale_500u_1022e_4p,k4,e700,23.125,23.125,0
synthetic_scale_500u_1022e_4p,k4,e701,27.5,27.5,0
synthetic_scale_500u_1022e_4p,k4,e702,12.5,12.5,0
synthetic_scale_500u_1022e_4p,k4,e703,16.875,16.875,0
synthetic_scale_500u_1022e_4p,k4,e704,21.25,21.25,0
synthetic_scale_500u_1022e_4p,k4,e705,25.625,25.625,0
synthetic_scale_500u_1022e_4p,k4,e706,30.0,30.0,0
synthetic_scale_500u_1022e_4p,k4,e707,15.0,15.0,0
synthetic_scale_500u_1022e_4p,k4,e708,19.375,19.375,0
synthetic_scale_500u_1022e_4p,k4,e709,23.75,23.75,0
synthetic_scale_500u_1022e_4p,k4,e710,28.125,28.125,0
synthetic_scale_500u_1022e_4p,k4,e711,13.125,13.125,0
synthetic_scale_500u_1022e_4p,k4,e712,17.5,17.5,0
synthetic_scale_500u_1022e_4p,k4,e713,21.875,21.875,0
synthetic_scale_500u_1022e_4p,k4,e714,26.25,26.25,0
synthetic_scale_500u_1022e_4p,k4,e715,30.625,30.625,0
synthetic_scale_500u_1022e_4p,k4,e716,15.625,15.625,0
synthetic_scale_500u_1022e_4p,k4,e717,20.0,20.0,0
synthetic_scale_500u_1022e_4p,k4,e718,24.375,24.375,0
synthetic_scale_500u_1022e_4p,k4,e719,28.75,28.75,0
synthetic_scale_500u_1022e_4p,k4,e720,13.75,13.75,0
synthetic_scale_500u_1022e_4p,k4,e721,18.125,18.125,0
synthetic_scale_500u_1022e_4p,k4,e722,22.5,22.5,0
synthetic_scale_500u_1022e_4p,k4,e723,26.875,26.875,0
synthetic_scale_500u_1022e_4p,k4,e724,31.25,31.25,0
synthetic_scale_500u_1022e_4p,k4,e725,16.25,16.25,0
synthetic_scale_500u_1022e_4p,k4,e726,20.625,20.625,0
synthetic_scale_500u_1022e_4p,k4,e727,25.0,25.0,0
synthetic_scale_500u_1022e_4p,k4,e728,29.375,29.375,0
synthetic_scale_500u_1022e_4p,k4,e729,14.375,14.375,0
synthetic_scale_500u_1022e_4p,k4,e730,18.75,18.75,0
synthetic_scale_500u_1022e_4p,k4,e731,23.125,23.125,0
synthetic_scale_500u_1022e_4p,k4,e732,27.5,27.5,0
synthetic_scale_500u_1022e_4p,k4,e733,12.5,12.5,0
synthetic_scale_500u_1022e_4p,k4,e734,16.875,16.875,0
synthetic_scale_500u_1022e_4p,k4,e735,21.25,21.25,0
synthetic_scale_500u_1022e_4p,k4,e736,25.625,25.625,0
synthetic_scale_500u_1022e_4p,k4,e737,30.0,30.0,0
synthetic_scale_500u_1022e_4p,k4,e738,15.0,15.0,0
synthetic_scale_500u_1022e_4p,k4,e739,19.375,19.375,0
synthetic_scale_500u_1022e_4p,k4,e740,23.75,23.75,0
synthetic_scale_500u_1022e_4p,k4,e741,28.125,28.125,0
synthetic_scale_500u_1022e_4p,k4,e742,13.125,13.125,0
synthetic_scale_500u_1022e_4p,k4,e743,17.5,17.5,0
synthetic_scale_500u_1022e_4p,k4,e744,21.875,21.875,0
synthetic_scale_500u_1022e_4p,k4,e745,26.25,26.25,0
synthetic_scale_500u_1022e_4p,k4,e746,30.625,30.625,0
synthetic_scale_500u_1022e_4p,k4,e747,15.625,15.625,0
synthetic_scale_500u_1022e_4p,k4,e748,20.0,20.0,0
synthetic_scale_500u_1022e_4p,k4,e749,24.375,24.375,0
synthetic_scale_500u_1022e_4p,k4,e750,28.75,28.75,0
synthetic_scale_500u_1022e_4p,k4,e751,13.75,13.75,0
synthetic_scale_500u_1022e_4p,k4,e752,18.125,18.125,0
synthetic_scale_500u_1022e_4p,k4,e753,22.5,22.5,0
synthetic_scale_500u_1022e_4p,k4,e754,26.875,26.875,0
synthetic_scale_500u_1022e_4p,k4,e755,31.25,31.25,0
synthetic_scale_500u_1022e_4p,k4,e756,16.25,16.25,0
synthetic_scale_500u_1022e_4p,k4,e757,20.625,20.625,0
synthetic_scale_500u_1022e_4p,k4,e758,25.0,25.0,0
synthetic_scale_500u_1022e_4p,k4,e759,29.375,29.375,0
synthetic_scale_500u_1022e_4p,k4,e760,14.375,14.375,0
synthetic_scale_500u_1022e_4p,k4,e761,18.75,18.75,0
synthetic_scale_500u_1022e_4p,k4,e762,23.125,23.125,0
synthetic_scale_500u_1022e_4p,k4,e763,27.5,27.5,0
synthetic_scale_500u_1022e_4p,k4,e764,12.5,12.5,0
synthetic_scale_500u_1022e_4p,k4,e765,16.875,16.875,0
synthetic_scale_500u_1022e_4p,k4,e766,21.25,21.25,0
synthetic_scale_500u_1022e_4p,k4,e767,25.625,25.625,0
synthetic_scale_500u_1022e_4p,k4,e768,30.0,30.0,0
synthetic_scale_500u_1022e_4p,k4,e769,15.0,15.0,0
synthetic_scale_500u_1022e_4p,k4,e770,19.375,19.375,0
synthetic_scale_500u_1022e_4p,k4,e771,23.75,23.75,0
synthetic_scale_500u_1022e_4p,k4,e772,28.125,28.125,0
synthetic_scale_500u_1022e_4p,k4,e773,13.125,13.125,0
synthetic_scale_500u_1022e_4p,k4,e774,17.5,17.5,0
synthetic_scale_500u_1022e_4p,k4,e775,21.875,21.875,0
synthetic_scale_500u_1022e_4p,k4,e776,26.25,26.25,0
synthetic_scale_500u_1022e_4p,k4,e777,30.625,30.625,0
synthetic_scale_500u_1022e_4p,k4,e778,15.625,15.625,0
synthetic_scale_500u_1022e_4p,k4,e779,20.0,20.0,0
synthetic_scale_500u_1022e_4p,k4,e780,24.375,24.375,0
synthetic_scale_500u_1022e_4p,k4,e781,28.75,28.75,0
synthetic_scale_500u_1022e_4p,k4,e782,13.75,13.75,0
synthetic_scale_500u_1022e_4p,k4,e783,18.125,18.125,0
synthetic_scale_500u_1022e_4p,k4,e784,22.5,22.5,0
synthetic_scale_500u_1022e_4p,k4,e785,26.875,26.875,0
synthetic_scale_500u_1022e_4p,k4,e786,31.25,31.25,0
synthetic_scale_500u_1022e_4p,k4,e787,16.25,16.25,0
synthetic_scale_500u_1022e_4p,k4,e788,20.625,20.625,0
synthetic_scale_500u_1022e_4p,k4,e789,25.0,25.0,0
synthetic_scale_500u_1022e_4p,k4,e790,29.375,29.375,0
synthetic_scale_500u_1022e_4p,k4,e791,14.375,14.375,0
synthetic_scale_500u_1022e_4p,k4,e792,18.75,18.75,0
synthetic_scale_500u_1022e_4p,k4,e793,23.125,23.125,0
synthetic_scale_500u_1022e_4p,k4,e794,27.5,27.5,0
synthetic_scale_500u_1022e_4p,k4,e795,12.5,12.5,0
synthetic_scale_500u_1022e_4p,k4,e796,16.875,16.875,0
synthetic_scale_500u_1022e_4p,k4,e797,21.25,21.25,0
synthetic_scale_500u_1022e_4p,k4,e798,25.625,25.625,0
synthetic_scale_500u_1022e_4p,k4,e799,30.0,30.0,0
synthetic_scale_500u_1022e_4p,k4,e800,15.0,15.0,0
synthetic_scale_500u_1022e_4p,k4,e801,19.375,19.375,0
synthetic_scale_500u_1022e_4p,k4,e802,23.75,23.75,0
synthetic_scale_500u_1022e_4p,k4,e803,28.125,28.125,0
synthetic_scale_500u_1022e_4p,k4,e804,13.125,13.125,0
synthetic_scale_500u_1022e_4p,k4,e805,17.5,17.5,0
synthetic_scale_500u_1022e_4p,k4,e806,21.875,21.875,0
synthetic_scale_500u_1022e_4p,k4,e807,26.25,26.25,0
synthetic_scale_500u_1022e_4p,k4,e808,30.625,30.625,0
synthetic_scale_500u_1022e_4p,k4,e809,15.625,15.625,0
synthetic_scale_500u_1022e_4p,k4,e810,20.0,20.0,0
synthetic_scale_500u_1022e_4p,k4,e811,24.375,24.375,0
synthetic_scale_500u_1022e_4p,k4,e812,28.75,28.75,0
synthetic_scale_500u_1022e_4p,k4,e813,13.75,13.75,0
synthetic_scale_500u_1022e_4p,k4,e814,18.125,18.125,0
synthetic_scale_500u_1022e_4p,k4,e815,22.5,22.5,0
synthetic_scale_500u_1022e_4p,k4,e816,26.875,26.875,0
synthetic_scale_500u_1022e_4p,k4,e817,31.25,31.25,0
synthetic_scale_500u_1022e_4p,k4,e818,16.25,16.25,0
synthetic_scale_500u_1022e_4p,k4,e819,20.625,20.625,0
synthetic_scale_500u_1022e_4p,k4,e820,25.0,25.0,0
synthetic_scale_500u_1022e_4p,k4,e821,29.375,29.375,0
synthetic_scale_500u_1022e_4p,k4,e822,14.375,14.375,0
synthetic_scale_500u_1022e_4p,k4,e823,18.75,18.75,0
synthetic_scale_500u_1022e_4p,k4,e824,23.125,23.125,0
synthetic_scale_500u_1022e_4p,k4,e825,27.5,27.5,0
synthetic_scale_500u_1022e_4p,k4,e826,12.5,12.5,0
synthetic_scale_500u_1022e_4p,k4,e827,16.875,16.875,0
synthetic_scale_500u_1022e_4p,k4,e828,21.25,21.25,0
synthetic_scale_500u_1022e_4p,k4,e829,25.625,25.625,0
synthetic_scale_500u_1022e_4p,k4,e830,30.0,30.0,0
synthetic_scale_500u_1022e_4p,k4,e831,15.0,15.0,0
synthetic_scale_500u_1022e_4p,k4,e832,19.375,19.375,0
synthetic_scale_500u_1022e_4p,k4,e833,23.75,23.75,0
synthetic_scale_500u_1022e_4p,k4,e834,28.125,28.125,0
synthetic_scale_500u_1022e_4p,k4,e835,13.125,13.125,0
synthetic_scale_500u_1022e_4p,k4,e836,17.5,17.5,0
synthetic_scale_500u_1022e_4p,k4,e837,21.875,21.875,0
synthetic_scale_500u_1022e_4p,k4,e838,26.25,26.25,0
synthetic_scale_500u_1022e_4p,k4,e839,30.625,30.625,0
synthetic_scale_500u_1022e_4p,k4,e840,15.625,15.625,0
synthetic_scale_500u_1022e_4p,k4,e841,20.0,20.0,0
synthetic_scale_500u_1022e_4p,k4,e842,24.375,24.375,0
synthetic_scale_500u_1022e_4p,k4,e843,28.75,28.75,0
synthetic_scale_500u_1022e_4p,k4,e844,13.75,13.75,0
synthetic_scale_500u_1022e_4p,k4,e845,18.125,18.125,0
synthetic_scale_500u_1022e_4p,k4,e846,22.5,22.5,0
synthetic_scale_500u_1022e_4p,k4,e847,26.875,26.875,0
synthetic_scale_500u_1022e_4p,k4,e848,31.25,31.25,0
synthetic_scale_500u_1022e_4p,k4,e849,16.25,16.25,0
synthetic_scale_500u_1022e_4p,k4,e850,20.625,20.625,0
synthetic_scale_500u_1022e_4p,k4,e851,25.0,25.0,0
synthetic_scale_500u_1022e_4p,k4,e852,29.375,29.375,0
synthetic_scale_500u_1022e_4p,k4,e853,14.375,14.375,0
synthetic_scale_500u_1022e_4p,k4,e854,18.75,18.75,0
synthetic_scale_500u_1022e_4p,k4,e855,23.125,23.125,0
synthetic_scale_500u_1022e_4p,k4,e856,27.5,27.5,0
synthetic_scale_500u_1022e_4p,k4,e857,12.5,12.5,0
synthetic_scale_500u_1022e_4p,k4,e858,16.875,16.875,0
synthetic_scale_500u_1022e_4p,k4,e859,21.25,21.25,0
synthetic_scale_500u_1022e_4p,k4,e860,25.625,25.625,0
synthetic_scale_500u_1022e_4p,k4,e861,30.0,30.0,0
synthetic_scale_500u_1022e_4p,k4,e862,15.0,15.0,0
synthetic_scale_500u_1022e_4p,k4,e863,19.375,19.375,0
synthetic_scale_500u_1022e_4p,k4,e864,23.75,23.75,0
synthetic_scale_500u_1022e_4p,k4,e865,28.125,28.125,0
synthetic_scale_500u_1022e_4p,k4,e866,13.125,13.125,0
synthetic_scale_500u_1022e_4p,k4,e867,17.5,17.5,0
synthetic_scale_500u_1022e_4p,k4,e868,21.875,21.875,0
synthetic_scale_500u_1022e_4p,k4,e869,26.25,26.25,0
synthetic_scale_500u_1022e_4p,k4,e870,30.625,30.625,0
synthetic_scale_500u_1022e_4p,k4,e871,15.625,15.625,0
synthetic_scale_500u_1022e_4p,k4,e872,20.0,20.0,0
synthetic_scale_500u_1022e_4p,k4,e873,24.375,24.375,0
synthetic_scale_500u_1022e_4p,k4,e874,28.75,28.75,0
synthetic_scale_500u_1022e_4p,k4,e875,13.75,13.75,0
synthetic_scale_500u_1022e_4p,k4,e876,18.125,18.125,0
synthetic_scale_500u_1022e_4p,k4,e877,22.5,22.5,0
synthetic_scale_500u_1022e_4p,k4,e878,26.875,26.875,0
synthetic_scale_500u_1022e_4p,k4,e879,31.25,31.25,0
synthetic_scale_500u_1022e_4p,k4,e880,16.25,16.25,0
synthetic_scale_500u_1022e_4p,k4,e881,20.625,20.625,0
synthetic_scale_500u_1022e_4p,k4,e882,25.0,25.0,0
synthetic_scale_500u_1022e_4p,k4,e883,29.375,29.375,0
synthetic_scale_500u_1022e_4p,k4,e884,14.375,14.375,0
synthetic_scale_500u_1022e_4p,k4,e885,18.75,18.75,0
synthetic_scale_500u_1022e_4p,k4,e886,23.125,23.125,0
synthetic_scale_500u_1022e_4p,k4,e887,27.5,27.5,0
synthetic_scale_500u_1022e_4p,k4,e888,12.5,12.5,0
synthetic_scale_500u_1022e_4p,k4,e889,16.875,16.875,0
synthetic_scale_500u_1022e_4p,k4,e890,21.25,21.25,0
synthetic_scale_500u_1022e_4p,k4,e891,25.625,25.625,0
synthetic_scale_500u_1022e_4p,k4,e892,30.0,30.0,0
synthetic_scale_500u_1022e_4p,k4,e893,15.0,15.0,0
synthetic_scale_500u_1022e_4p,k4,e894,19.375,19.375,0
synthetic_scale_500u_1022e_4p,k4,e895,23.75,23.75,0
synthetic_scale_500u_1022e_4p,k4,e896,28.125,28.125,0
synthetic_scale_500u_1022e_4p,k4,e897,13.125,13.125,0
synthetic_scale_500u_1022e_4p,k4,e898,17.5,17.5,0
synthetic_scale_500u_1022e_4p,k4,e899,21.875,21.875,0
synthetic_scale_500u_1022e_4p,k4,e900,26.25,26.25,0
synthetic_scale_500u_1022e_4p,k4,e901,30.625,30.625,0
synthetic_scale_500u_1022e_4p,k4,e902,15.625,15.625,0
synthetic_scale_500u_1022e_4p,k4,e903,20.0,20.0,0
synthetic_scale_500u_1022e_4p,k4,e904,24.375,24.375,0
synthetic_scale_500u_1022e_4p,k4,e905,28.75,28.75,0
synthetic_scale_500u_1022e_4p,k4,e906,13.75,13.75,0
synthetic_scale_500u_1022e_4p,k4,e907,18.125,18.125,0
synthetic_scale_500u_1022e_4p,k4,e908,22.5,22.5,0
synthetic_scale_500u_1022e_4p,k4,e909,26.875,26.875,0
synthetic_scale_500u_1022e_4p,k4,e910,31.25,31.25,0
synthetic_scale_500u_1022e_4p,k4,e911,16.25,16.25,0
synthetic_scale_500u_1022e_4p,k4,e912,20.625,20.625,0
synthetic_scale_500u_1022e_4p,k4,e913,25.0,25.0,0
synthetic_scale_500u_1022e_4p,k4,e914,29.375,29.375,0
synthetic_scale_500u_1022e_4p,k4,e915,14.375,14.375,0
synthetic_scale_500u_1022e_4p,k4,e916,18.75,18.75,0
synthetic_scale_500u_1022e_4p,k4,e917,23.125,23.125,0
synthetic_scale_500u_1022e_4p,k4,e918,27.5,27.5,0
synthetic_scale_500u_1022e_4p,k4,e919,12.5,12.5,0
synthetic_scale_500u_1022e_4p,k4,e920,16.875,16.875,0
synthetic_scale_500u_1022e_4p,k4,e921,21.25,21.25,0
synthetic_scale_500u_1022e_4p,k4,e922,25.625,25.625,0
synthetic_scale_500u_1022e_4p,k4,e923,30.0,30.0,0
synthetic_scale_500u_1022e_4p,k4,e924,15.0,15.0,0
synthetic_scale_500u_1022e_4p,k4,e925,19.375,19.375,0
synthetic_scale_500u_1022e_4p,k4,e926,23.75,23.75,0
synthetic_scale_500u_1022e_4p,k4,e927,28.125,28.125,0
synthetic_scale_500u_1022e_4p,k4,e928,13.125,13.125,0
synthetic_scale_500u_1022e_4p,k4,e929,17.5,17.5,0
synthetic_scale_500u_1022e_4p,k4,e930,21.875,21.875,0
synthetic_scale_500u_1022e_4p,k4,e931,26.25,26.25,0
synthetic_scale_500u_1022e_4p,k4,e932,30.625,30.625,0
synthetic_scale_500u_1022e_4p,k4,e933,15.625,15.625,0
synthetic_scale_500u_1022e_4p,k4,e934,20.0,20.0,0
synthetic_scale_500u_1022e_4p,k4,e935,24.375,24.375,0
synthetic_scale_500u_1022e_4p,k4,e936,28.75,28.75,0
synthetic_scale_500u_1022e_4p,k4,e937,13.75,13.75,0
synthetic_scale_500u_1022e_4p,k4,e938,18.125,18.125,0
synthetic_scale_500u_1022e_4p,k4,e939,22.5,22.5,0
synthetic_scale_500u_1022e_4p,k4,e940,26.875,26.875,0
synthetic_scale_500u_1022e_4p,k4,e941,31.25,31.25,0
synthetic_scale_500u_1022e_4p,k4,e942,16.25,16.25,0
synthetic_scale_500u_1022e_4p,k4,e943,20.625,20.625,0
synthetic_scale_500u_1022e_4p,k4,e944,25.0,25.0,0
synthetic_scale_500u_1022e_4p,k4,e945,29.375,29.375,0
synthetic_scale_500u_1022e_4p,k4,e946,14.375,14.375,0
synthetic_scale_500u_1022e_4p,k4,e947,18.75,18.75,0
synthetic_scale_500u_1022e_4p,k4,e948,23.125,23.125,0
synthetic_scale_500u_1022e_4p,k4,e949,27.5,27.5,0
synthetic_scale_500u_1022e_4p,k4,e950,12.5,12.5,0
synthetic_scale_500u_1022e_4p,k4,e951,16.875,16.875,0
synthetic_scale_500u_1022e_4p,k4,e952,21.25,21.25,0
synthetic_scale_500u_1022e_4p,k4,e953,25.625,25.625,0
synthetic_scale_500u_1022e_4p,k4,e954,30.0,30.0,0
synthetic_scale_500u_1022e_4p,k4,e955,15.0,15.0,0
synthetic_scale_500u_1022e_4p,k4,e956,19.375,19.375,0
synthetic_scale_500u_1022e_4p,k4,e957,23.75,23.75,0
synthetic_scale_500u_1022e_4p,k4,e958,28.125,28.125,0
synthetic_scale_500u_1022e_4p,k4,e959,13.125,13.125,0
synthetic_scale_500u_1022e_4p,k4,e960,17.5,17.5,0
synthetic_scale_500u_1022e_4p,k4,e961,21.875,21.875,0
synthetic_scale_500u_1022e_4p,k4,e962,26.25,26.25,0
synthetic_scale_500u_1022e_4p,k4,e963,30.625,30.625,0
synthetic_scale_500u_1022e_4p,k4,e964,15.625,15.625,0
synthetic_scale_500u_1022e_4p,k4,e965,20.0,20.0,0
synthetic_scale_500u_1022e_4p,k4,e966,24.375,24.375,0
synthetic_scale_500u_1022e_4p,k4,e967,28.75,28.75,0
synthetic_scale_500u_1022e_4p,k4,e968,13.75,13.75,0
synthetic_scale_500u_1022e_4p,k4,e969,18.125,18.125,0
synthetic_scale_500u_1022e_4p,k4,e970,22.5,22.5,0
synthetic_scale_500u_1022e_4p,k4,e971,26.875,26.875,0
synthetic_scale_500u_1022e_4p,k4,e972,31.25,31.25,0
synthetic_scale_500u_1022e_4p,k4,e973,16.25,16.25,0
synthetic_scale_500u_1022e_4p,k4,e974,20.625,20.625,0
synthetic_scale_500u_1022e_4p,k4,e975,25.0,25.0,0
synthetic_scale_500u_1022e_4p,k4,e976,29.375,29.375,0
synthetic_scale_500u_1022e_4p,k4,e977,14.375,14.375,0
synthetic_scale_500u_1022e_4p,k4,e978,18.75,18.75,0
synthetic_scale_500u_1022e_4p,k4,e979,23.125,23.125,0
synthetic_scale_500u_1022e_4p,k4,e980,27.5,27.5,0
synthetic_scale_500u_1022e_4p,k4,e981,12.5,12.5,0
synthetic_scale_500u_1022e_4p,k4,e982,16.875,16.875,0
synthetic_scale_500u_1022e_4p,k4,e983,21.25,21.25,0
synthetic_scale_500u_1022e_4p,k4,e984,25.625,25.625,0
synthetic_scale_500u_1022e_4p,k4,e985,30.0,30.0,0
synthetic_scale_500u_1022e_4p,k4,e986,15.0,15.0,0
synthetic_scale_500u_1022e_4p,k4,e987,19.375,19.375,0
synthetic_scale_500u_1022e_4p,k4,e988,23.75,23.75,0
synthetic_scale_500u_1022e_4p,k4,e989,28.125,28.125,0
synthetic_scale_500u_1022e_4p,k4,e990,13.125,13.125,0
synthetic_scale_500u_1022e_4p,k4,e991,17.5,17.5,0
synthetic_scale_500u_1022e_4p,k4,e992,21.875,21.875,0
synthetic_scale_500u_1022e_4p,k4,e993,26.25,26.25,0
synthetic_scale_500u_1022e_4p,k4,e994,30.625,30.625,0
synthetic_scale_500u_1022e_4p,k4,e995,15.625,15.625,0
synthetic_scale_500u_1022e_4p,k4,e996,20.0,20.0,0
synthetic_scale_500u_1022e_4p,k4,e997,24.375,24.375,0
synthetic_scale_500u_1022e_4p,k4,e998,28.75,28.75,0
synthetic_scale_500u_1022e_4p,k4,e999,13.75,13.75,0
synthetic_scale_500u_1022e_4p,k4,e1000,18.125,18.125,0
synthetic_scale_500u_1022e_4p,k4,e1001,22.5,22.5,0
synthetic_scale_500u_1022e_4p,k4,e1002,26.875,26.875,0
synthetic_scale_500u_1022e_4p,k4,e1003,31.25,31.25,0
synthetic_scale_500u_1022e_4p,k4,e1004,16.25,16.25,0
synthetic_scale_500u_1022e_4p,k4,e1005,20.625,20.625,0
synthetic_scale_500u_1022e_4p,k4,e1006,25.0,25.0,0
synthetic_scale_500u_1022e_4p,k4,e1007,29.375,29.375,0
synthetic_scale_500u_1022e_4p,k4,e1008,14.375,14.375,0
synthetic_scale_500u_1022e_4p,k4,e1009,18.75,18.75,0
synthetic_scale_500u_1022e_4p,k4,e1010,0.0,0.0,0
synthetic_scale_500u_1022e_4p,k4,e1011,0.0,0.0,0
synthetic_scale_500u_1022e_4p,k4,e1012,0.0,0.0,0
synthetic_scale_500u_1022e_4p,k4,e1013,0.0,0.0,0
synthetic_scale_500u_1022e_4p,k4,e1014,0.0,0.0,0
synthetic_scale_500u_1022e_4p,k4,e1015,0.0,0.0,0
synthetic_scale_500u_1022e_4p,k4,e1016,0.0,0.0,0
synthetic_scale_500u_1022e_4p,k4,e1017,0.0,0.0,0
synthetic_scale_500u_1022e_4p,k4,e1018,0.0,0.0,0
synthetic_scale_500u_1022e_4p,k4,e1019,0.0,0.0,0
synthetic_scale_500u_1022e_4p,k4,e1020,0.0,0.0,0
synthetic_scale_500u_1022e_4p,k4,e1021,0.0,0.0,0
