benchmark,rule,rule_label,lambda_star,minimum_ratio,guarantee_kept,total_net_delivery,weighted_satisfaction,temporal_variation,users,users_better_than_three_stage,users_worse_than_three_stage,total_delivery_relative_to_three_stage
independent_0,three_stage,Three-stage lexicographic (proposed),0.29318245989304814,0.29318245989304814,True,30.249021176470592,0.4201252941176471,1.2048175401069536,1,0,0,1.0
independent_0,total_delivery_max,Total-delivery maximization,0.29318245989304814,0.29318245989304814,True,30.249021176470592,0.4201252941176471,1.2048175401069519,1,0,0,1.0
independent_0,equal_proportional,Equal proportional allocation,0.29318245989304814,0.29318245989304814,True,21.109137112299468,0.29318245989304814,0.0,1,0,1,0.6978452951965055
independent_0,weighted_sum_balanced,"Weighted single objective (35), (a,b,c) = (1,1,1)",0.29318245989304814,0.29318245989304814,True,29.25302117647059,0.40629196078431373,0.20881754010695186,1,0,1,0.9670733147301062
independent_0,weighted_sum_efficiency,"Weighted single objective (35), (a,b,c) = (1,5,1)",0.29318245989304814,0.29318245989304814,True,29.25302117647059,0.40629196078431373,0.20881754010695186,1,0,1,0.9670733147301062
independent_0,weighted_sum_guarantee,"Weighted single objective (35), (a,b,c) = (5,1,1)",0.29318245989304814,0.29318245989304814,True,29.25302117647059,0.40629196078431373,0.20881754010695186,1,0,1,0.9670733147301062
independent_0,leximin,Full leximin (progressive filling),0.29318245989304814,0.29318245989304814,True,30.249021176470592,0.4201252941176471,1.2048175401069519,1,0,0,1.0
independent_1,three_stage,Three-stage lexicographic (proposed),0.2065119643719321,0.2065119643719321,True,98.5518187861951,0.374721744434202,3.5688875101523143,5,0,0,1.0
independent_1,total_delivery_max,Total-delivery maximization,0.2065119643719321,0.0,False,100.45803344274532,0.3819697089077769,5.191119587130174,5,2,3,1.0193422575050155
independent_1,equal_proportional,Equal proportional allocation,0.2065119643719321,0.2065119643719321,True,54.31264662981814,0.20651196437193212,0.0,5,0,5,0.5511075016042842
independent_1,weighted_sum_balanced,"Weighted single objective (35), (a,b,c) = (1,1,1)",0.2065119643719321,0.2065119643719321,True,89.23085795942416,0.33928082874305765,0.6638795494528915,5,2,3,0.9054207122550173
independent_1,weighted_sum_efficiency,"Weighted single objective (35), (a,b,c) = (1,5,1)",0.2065119643719321,0.2065119643719321,True,92.42354039911375,0.35142030570005234,0.9354921089515345,5,2,3,0.9378166891026491
independent_1,weighted_sum_guarantee,"Weighted single objective (35), (a,b,c) = (5,1,1)",0.2065119643719321,0.2065119643719321,True,89.23085795942416,0.3392808287430576,0.6638795494528917,5,2,3,0.9054207122550173
independent_1,leximin,Full leximin (progressive filling),0.2065119643719321,0.2065119643719321,True,96.6523690021412,0.3674995019092821,2.63048342940119,5,2,3,0.9807263852920391
independent_2,three_stage,Three-stage lexicographic (proposed),0.056445626880641926,0.05644562688064188,True,361.6402241049496,0.2809947351242809,16.027285888240936,17,0,0,1.0
independent_2,total_delivery_max,Total-delivery maximization,0.056445626880641926,0.0,False,366.77381606725146,0.2849835400677944,19.197470745601574,17,7,10,1.014195301352352
independent_2,equal_proportional,Equal proportional allocation,0.056445626880641926,0.056445626880641926,True,72.64552179538616,0.05644562688064195,0.0,17,0,15,0.20087788070362467
independent_2,weighted_sum_balanced,"Weighted single objective (35), (a,b,c) = (1,1,1)",0.056445626880641926,0.05644562688064192,True,285.3889730534323,0.22174745380997068,2.011174486498305,17,5,10,0.7891516320115186
independent_2,weighted_sum_efficiency,"Weighted single objective (35), (a,b,c) = (1,5,1)",0.056445626880641926,0.05644562688064192,True,344.29798456374795,0.2675198015258336,6.635796493681055,17,6,9,0.9520456011658458
independent_2,weighted_sum_guarantee,"Weighted single objective (35), (a,b,c) = (5,1,1)",0.056445626880641926,0.05644562688064192,True,285.3889730534323,0.22174745380997068,2.011174486498305,17,5,10,0.7891516320115186
independent_2,leximin,Full leximin (progressive filling),0.056445626880641926,0.056445626880641926,True,351.8114499657014,0.2733577699811198,13.046866448460074,17,8,9,0.9728216788838294
independent_3,three_stage,Three-stage lexicographic (proposed),0.1398742386347896,0.13987423863477522,True,148.42210182399657,0.4652730464702086,3.476169996917476,5,0,0,1.0
independent_3,total_delivery_max,Total-delivery maximization,0.1398742386347896,0.0,False,150.36242926319835,0.471355577627581,5.458101295117486,5,2,3,1.0130730357228244
independent_3,equal_proportional,Equal proportional allocation,0.1398742386347896,0.1398742386347896,True,44.61988212449788,0.1398742386347896,0.0,5,0,5,0.3006282863276622
independent_3,weighted_sum_balanced,"Weighted single objective (35), (a,b,c) = (1,1,1)",0.1398742386347896,0.13987423863478962,True,133.63902616453927,0.4189311165032578,0.771585970909275,5,2,3,0.9003984212742957
independent_3,weighted_sum_efficiency,"Weighted single objective (35), (a,b,c) = (1,5,1)",0.1398742386347896,0.13987423863478962,True,143.54117354747933,0.44997233086984123,1.0580947937340037,5,2,3,0.967114545498721
independent_3,weighted_sum_guarantee,"Weighted single objective (35), (a,b,c) = (5,1,1)",0.1398742386347896,0.13987423863478962,True,133.63902616453927,0.4189311165032578,0.771585970909275,5,2,3,0.9003984212742957
independent_3,leximin,Full leximin (progressive filling),0.1398742386347896,0.1398742386347896,True,145.44057034817382,0.4559265528155918,2.825397885192541,5,2,3,0.9799118093654384
independent_4,three_stage,Three-stage lexicographic (proposed),0.11209400546869523,0.11209400546869519,True,48.425888070919605,0.2496179797470083,2.2024046590700084,3,0,0,1.0
independent_4,total_delivery_max,Total-delivery maximization,0.11209400546869523,0.0,False,49.301149966897704,0.2541296390046273,2.803156769242105,3,2,1,1.0180742559578109
independent_4,equal_proportional,Equal proportional allocation,0.11209400546869523,0.11209400546869523,True,21.746237060926877,0.11209400546869525,0.0,3,0,3,0.44906222533450624
independent_4,weighted_sum_balanced,"Weighted single objective (35), (a,b,c) = (1,1,1)",0.11209400546869523,0.11209400546869522,True,41.98652964989894,0.21642541056648934,0.10696202169599076,3,2,1,0.867026529041858
independent_4,weighted_sum_efficiency,"Weighted single objective (35), (a,b,c) = (1,5,1)",0.11209400546869523,0.11209400546869522,True,45.33984150731981,0.23371052323360725,0.29325712488603917,3,2,1,0.9362727936123694
independent_4,weighted_sum_guarantee,"Weighted single objective (35), (a,b,c) = (5,1,1)",0.11209400546869523,0.11209400546869522,True,41.98652964989894,0.21642541056648934,0.10696202169599076,3,2,1,0.867026529041858
independent_4,leximin,Full leximin (progressive filling),0.11209400546869523,0.11209400546869523,True,47.9785091506413,0.24731190283835716,1.9523375406403896,3,1,2,0.9907615753040374
independent_5,three_stage,Three-stage lexicographic (proposed),0.1278590408525755,0.1278590408525755,True,114.22550063527133,0.368469356887972,5.219320109588795,7,0,0,1.0
independent_5,total_delivery_max,Total-delivery maximization,0.1278590408525755,0.0,False,117.63553289263464,0.37946946094398265,5.120947616704742,7,3,4,1.029853511154674
independent_5,equal_proportional,Equal proportional allocation,0.1278590408525755,0.1278590408525755,True,39.6363026642984,0.1278590408525755,0.0,7,0,5,0.3470004722575865
independent_5,weighted_sum_balanced,"Weighted single objective (35), (a,b,c) = (1,1,1)",0.1278590408525755,0.12785904085257263,True,80.97103065214024,0.26119687307142014,0.25828217387072705,7,1,4,0.7088700001472128
independent_5,weighted_sum_efficiency,"Weighted single objective (35), (a,b,c) = (1,5,1)",0.1278590408525755,0.12785904085257546,True,112.92481838464084,0.3642736076923898,2.396673579360104,7,3,2,0.988613030860914
independent_5,weighted_sum_guarantee,"Weighted single objective (35), (a,b,c) = (5,1,1)",0.1278590408525755,0.1278590408525755,True,80.97103065214024,0.26119687307142014,0.25828217387072416,7,1,4,0.7088700001472128
independent_5,leximin,Full leximin (progressive filling),0.1278590408525755,0.1278590408525755,True,110.0484562698223,0.3549950202252332,6.535596114005799,7,3,4,0.963431595027221
independent_6,three_stage,Three-stage lexicographic (proposed),0.06300994374693134,0.06300994374692931,True,139.03149480764952,0.1883895593599587,3.2942505776439757,11,0,0,1.0
independent_6,total_delivery_max,Total-delivery maximization,0.06300994374693134,0.0,False,143.6462870651109,0.19464266539987926,5.132076067660712,11,6,5,1.0331924235141539
independent_6,equal_proportional,Equal proportional allocation,0.06300994374693134,0.06300994374693134,True,46.50133848523532,0.06300994374693131,0.0,11,0,7,0.3344662196833175
independent_6,weighted_sum_balanced,"Weighted single objective (35), (a,b,c) = (1,1,1)",0.06300994374693134,0.05596914606226606,False,74.24047401318826,0.10059684825635266,6.938893903907228e-18,11,2,9,0.5339831389707791
independent_6,weighted_sum_efficiency,"Weighted single objective (35), (a,b,c) = (1,5,1)",0.06300994374693134,0.05596914606226606,False,137.30791651083356,0.18605408741305365,2.0608124920324444,11,4,7,0.987602965074924
independent_6,weighted_sum_guarantee,"Weighted single objective (35), (a,b,c) = (5,1,1)",0.06300994374693134,0.06300994374693134,True,67.04908361788068,0.0908524168263966,0.0,11,1,5,0.4822582373198482
independent_6,leximin,Full leximin (progressive filling),0.06300994374693134,0.06300994374693134,True,131.90550667305533,0.17873374887947877,3.252877814504617,11,5,5,0.9487455116234417
independent_7,three_stage,Three-stage lexicographic (proposed),0.04380834265025344,0.04380834265025338,True,76.45401450497268,0.19209551383158963,3.6559459034443753,10,0,0,1.0
independent_7,total_delivery_max,Total-delivery maximization,0.04380834265025344,0.0,False,77.50372731117587,0.19473298319390922,4.253635673559245,10,4,5,1.0137299893668097
independent_7,equal_proportional,Equal proportional allocation,0.04380834265025344,0.04380834265025344,True,17.43572037480087,0.04380834265025345,0.0,10,0,9,0.22805500126702732
independent_7,weighted_sum_balanced,"Weighted single objective (35), (a,b,c) = (1,1,1)",0.04380834265025344,0.024145330905284413,False,69.4440125817699,0.17448244367278865,5.551115123125783e-17,10,3,6,0.9083108719850566
independent_7,weighted_sum_efficiency,"Weighted single objective (35), (a,b,c) = (1,5,1)",0.04380834265025344,0.024145330905284413,False,74.66562196013604,0.1876020652264724,0.22634513599212047,10,4,5,0.9766082584882404
independent_7,weighted_sum_guarantee,"Weighted single objective (35), (a,b,c) = (5,1,1)",0.04380834265025344,0.043808342650253435,True,69.97095884947974,0.1758064292700496,0.35748447741895073,10,2,5,0.9152032015915754
independent_7,leximin,Full leximin (progressive filling),0.04380834265025344,0.04380834265025344,True,73.10859885212,0.18368994686462303,2.344602901779406,10,4,5,0.9562427731949238
independent_8,three_stage,Three-stage lexicographic (proposed),0.041897686082190175,0.041897686081756015,True,88.46574588558917,0.17980842659672602,3.289641850504457,6,0,0,1.0
independent_8,total_delivery_max,Total-delivery maximization,0.041897686082190175,0.0,False,90.56775583959568,0.18408080455202372,4.5122427744297084,6,4,2,1.0237607215421547
independent_8,equal_proportional,Equal proportional allocation,0.041897686082190175,0.041897686082190175,True,20.613661552437566,0.041897686082190175,0.0,6,0,5,0.23301291755451614
independent_8,weighted_sum_balanced,"Weighted single objective (35), (a,b,c) = (1,1,1)",0.041897686082190175,0.041897686082190175,True,55.13745604899838,0.11206800009959023,0.37836698037230587,6,1,4,0.6232633376573398
independent_8,weighted_sum_efficiency,"Weighted single objective (35), (a,b,c) = (1,5,1)",0.041897686082190175,0.04189768608219018,True,87.28465998292168,0.17740784549374322,1.6501041094984408,6,1,3,0.9866492291355915
independent_8,weighted_sum_guarantee,"Weighted single objective (35), (a,b,c) = (5,1,1)",0.041897686082190175,0.041897686082190175,True,55.13745604899838,0.11206800009959023,0.37836698037230587,6,1,4,0.6232633376573398
independent_8,leximin,Full leximin (progressive filling),0.041897686082190175,0.041897686082190175,True,84.72335459528293,0.1722019402343149,2.15930711735242,6,2,4,0.9576967191895245
independent_9,three_stage,Three-stage lexicographic (proposed),0.2087019931939718,0.2087019931939718,True,26.627353567087994,0.2926082809570109,0.2785870246414682,2,0,0,1.0
independent_9,total_delivery_max,Total-delivery maximization,0.2087019931939718,0.0,False,27.33172279411765,0.30034860213316095,1.436815919117647,2,1,1,1.026452843886832
independent_9,equal_proportional,Equal proportional allocation,0.2087019931939718,0.2087019931939718,True,18.991881380651435,0.2087019931939718,0.0,2,0,2,0.7132470499856894
independent_9,weighted_sum_balanced,"Weighted single objective (35), (a,b,c) = (1,1,1)",0.2087019931939718,0.2087019931939718,True,18.991881380651435,0.2087019931939718,0.0,2,0,2,0.7132470499856894
independent_9,weighted_sum_efficiency,"Weighted single objective (35), (a,b,c) = (1,5,1)",0.2087019931939718,0.2087019931939718,True,26.627353567087994,0.2926082809570109,0.2785870246414682,2,0,0,1.0
independent_9,weighted_sum_guarantee,"Weighted single objective (35), (a,b,c) = (5,1,1)",0.2087019931939718,0.2087019931939718,True,18.991881380651435,0.2087019931939718,0.0,2,0,2,0.7132470499856894
independent_9,leximin,Full leximin (progressive filling),0.2087019931939718,0.2087019931939718,True,26.627353567087994,0.2926082809570109,0.3145910283179387,2,1,1,1.0
independent_10,three_stage,Three-stage lexicographic (proposed),0.05297381228273464,0.0529738122827234,True,256.30406185776263,0.31720799734871613,11.997723092415628,11,0,0,1.0
independent_10,total_delivery_max,Total-delivery maximization,0.05297381228273464,0.0,False,258.0488971141548,0.31936744692345886,13.876508820326043,11,4,6,1.0068076769589414
independent_10,equal_proportional,Equal proportional allocation,0.05297381228273464,0.05297381228273464,True,42.80284032444959,0.052973812282734636,0.0,11,0,11,0.16700024187756832
independent_10,weighted_sum_balanced,"Weighted single objective (35), (a,b,c) = (1,1,1)",0.05297381228273464,0.05297381228273464,True,196.05527172499885,0.24264266302598864,0.8894111389473325,11,2,8,0.7649323631624723
independent_10,weighted_sum_efficiency,"Weighted single objective (35), (a,b,c) = (1,5,1)",0.05297381228273464,0.05297381228273464,True,246.2128218470076,0.3047188389195639,3.6912130275020982,11,4,7,0.960627857640605
independent_10,weighted_sum_guarantee,"Weighted single objective (35), (a,b,c) = (5,1,1)",0.05297381228273464,0.05297381228273464,True,196.05527172499885,0.24264266302598864,0.8894111389473325,11,2,8,0.7649323631624723
independent_10,leximin,Full leximin (progressive filling),0.05297381228273464,0.05297381228273464,True,247.1900419281997,0.30592826971311843,7.845862971770938,11,5,6,0.9644405950358258
independent_11,three_stage,Three-stage lexicographic (proposed),0.08460562172362555,0.08460562172362555,True,95.78375181543524,0.30026254487597254,2.577676968868018,4,0,0,1.0
independent_11,total_delivery_max,Total-delivery maximization,0.08460562172362555,0.0,False,96.20973549174406,0.301597916902019,4.4787508854306814,4,2,2,1.0044473479920648
independent_11,equal_proportional,Equal proportional allocation,0.08460562172362555,0.08460562172362555,True,26.989193329836553,0.08460562172362555,0.0,4,0,3,0.2817721463014078
independent_11,weighted_sum_balanced,"Weighted single objective (35), (a,b,c) = (1,1,1)",0.08460562172362555,0.08460562172362554,True,69.90927643925396,0.2191513368001691,1.3090918164819354,4,1,2,0.7298657143224192
independent_11,weighted_sum_efficiency,"Weighted single objective (35), (a,b,c) = (1,5,1)",0.08460562172362555,0.08460562172362555,True,95.78375181543524,0.30026254487597254,2.5776769688680177,4,0,0,1.0
independent_11,weighted_sum_guarantee,"Weighted single objective (35), (a,b,c) = (5,1,1)",0.08460562172362555,0.08460562172362555,True,69.90927643925396,0.2191513368001691,1.3090918164819354,4,1,2,0.7298657143224192
independent_11,leximin,Full leximin (progressive filling),0.08460562172362555,0.08460562172362555,True,94.61626807287924,0.2966027212315964,3.4231528287593496,4,2,2,0.9878112548273781
independent_12,three_stage,Three-stage lexicographic (proposed),0.03963275703800842,0.0396327570380084,True,302.94509144949586,0.2441136917401256,16.460138050228686,16,0,0,1.0
independent_12,total_delivery_max,Total-delivery maximization,0.03963275703800842,0.0,False,306.4443514000688,0.24693340161165897,17.768870979894714,16,5,11,1.0115508059029117
independent_12,equal_proportional,Equal proportional allocation,0.03963275703800842,0.03963275703800842,True,49.18425148416845,0.03963275703800843,0.0,16,0,14,0.16235368346401474
independent_12,weighted_sum_balanced,"Weighted single objective (35), (a,b,c) = (1,1,1)",0.03963275703800842,0.0396327570380084,True,165.43890991811617,0.1333109668961452,0.43477574957842663,16,2,13,0.5461019656286347
independent_12,weighted_sum_efficiency,"Weighted single objective (35), (a,b,c) = (1,5,1)",0.03963275703800842,0.03963275703800842,True,279.4731122812498,0.2251999293160756,7.361809453893765,16,8,7,0.9225206816986534
independent_12,weighted_sum_guarantee,"Weighted single objective (35), (a,b,c) = (5,1,1)",0.03963275703800842,0.0396327570380084,True,165.43890991811617,0.1333109668961452,0.43477574957842663,16,2,13,0.5461019656286347
independent_12,leximin,Full leximin (progressive filling),0.03963275703800842,0.03963275703800842,True,294.6218984417555,0.23740684805943235,16.942423154614143,16,7,9,0.9725257373607985
independent_13,three_stage,Three-stage lexicographic (proposed),0.045309918822574825,0.045309918822574825,True,35.44303063823376,0.1058000914574142,0.9785921928889242,8,0,0,1.0
independent_13,total_delivery_max,Total-delivery maximization,0.045309918822574825,0.0,False,37.341698355263155,0.11146775628436763,1.5978760349506578,8,2,6,1.0535695645332663
independent_13,equal_proportional,Equal proportional allocation,0.045309918822574825,0.045309918822574825,True,15.178822805562566,0.04530991882257482,0.0,8,0,4,0.42825973208929224
independent_13,weighted_sum_balanced,"Weighted single objective (35), (a,b,c) = (1,1,1)",0.045309918822574825,0.03684781087829823,False,32.74804397179357,0.0977553551396823,0.0,8,2,6,0.9239628604577341
independent_13,weighted_sum_efficiency,"Weighted single objective (35), (a,b,c) = (1,5,1)",0.045309918822574825,0.03684781087829823,False,34.25971833088192,0.10226781591308033,0.07558371795441726,8,2,6,0.9666136815604206
independent_13,weighted_sum_guarantee,"Weighted single objective (35), (a,b,c) = (5,1,1)",0.045309918822574825,0.04434958670128613,False,31.232245462169058,0.09323058346916137,0.14342822951058196,8,1,7,0.8811956793694057
independent_13,leximin,Full leximin (progressive filling),0.045309918822574825,0.045309918822574825,True,34.06790514898977,0.10169523925071575,1.1489986539070691,8,4,3,0.9612018085225312
independent_14,three_stage,Three-stage lexicographic (proposed),0.06427434945904309,0.06427434945904309,True,282.83972985114065,0.23848206564177116,9.284442342616991,17,0,0,1.0
independent_14,total_delivery_max,Total-delivery maximization,0.06427434945904309,0.0,False,289.7740668290844,0.2443288927732584,12.338450461018402,17,7,10,1.0245168420348632
independent_14,equal_proportional,Equal proportional allocation,0.06427434945904309,0.06427434945904309,True,76.2293784584251,0.0642743494590431,0.0,17,0,12,0.2695143942420849
independent_14,weighted_sum_balanced,"Weighted single objective (35), (a,b,c) = (1,1,1)",0.06427434945904309,0.06427434945904309,True,262.80230741884344,0.22158710574944637,0.7793468735100939,17,5,9,0.9291562665441557
independent_14,weighted_sum_efficiency,"Weighted single objective (35), (a,b,c) = (1,5,1)",0.06427434945904309,0.06427434945904303,True,273.8468527921939,0.23089953861061874,1.4982657173222609,17,3,9,0.9682050429630953
independent_14,weighted_sum_guarantee,"Weighted single objective (35), (a,b,c) = (5,1,1)",0.06427434945904309,0.06427434945904309,True,262.80230741884344,0.22158710574944637,0.7793468735100939,17,5,9,0.9291562665441557
independent_14,leximin,Full leximin (progressive filling),0.06427434945904309,0.06427434945904309,True,261.9216469353177,0.22084455896738425,4.130054211378117,17,8,9,0.9260426287112062
independent_15,three_stage,Three-stage lexicographic (proposed),0.05808165324512296,0.058081653245122954,True,55.938979118180136,0.14090422951682655,1.6576220381279494,7,0,0,1.0
independent_15,total_delivery_max,Total-delivery maximization,0.05808165324512296,0.0,False,58.04917960784314,0.14621959598952936,1.9623813165686106,7,3,4,1.0377232570727626
independent_15,equal_proportional,Equal proportional allocation,0.05808165324512296,0.05808165324512296,True,23.058416338313815,0.05808165324512296,0.0,7,0,3,0.4122065990800294
independent_15,weighted_sum_balanced,"Weighted single objective (35), (a,b,c) = (1,1,1)",0.05808165324512296,0.04809723195871513,False,53.59453976515104,0.1349988407182646,0.12724086905474757,7,2,5,0.9580893432453229
independent_15,weighted_sum_efficiency,"Weighted single objective (35), (a,b,c) = (1,5,1)",0.05808165324512296,0.04809723195871514,False,53.59453976515104,0.13499884071826457,0.12724086905474774,7,2,5,0.9580893432453229
independent_15,weighted_sum_guarantee,"Weighted single objective (35), (a,b,c) = (5,1,1)",0.05808165324512296,0.058081653245122954,True,47.424291986009194,0.11945665487659747,0.1419877370871158,7,2,1,0.8477861543704205
independent_15,leximin,Full leximin (progressive filling),0.05808165324512296,0.05808165324512296,True,52.43468844884309,0.13207730087869798,0.5947019009790744,7,4,2,0.9373551193715268
independent_16,three_stage,Three-stage lexicographic (proposed),0.07018762393162394,0.07018762393162394,True,136.37137061016665,0.2673948443336601,6.815008080586155,8,0,0,1.0
independent_16,total_delivery_max,Total-delivery maximization,0.07018762393162394,0.0,False,138.0736834375645,0.2707327126226755,6.464785249069535,8,4,4,1.0124829193970935
independent_16,equal_proportional,Equal proportional allocation,0.07018762393162394,0.07018762393162394,True,35.79568820512821,0.07018762393162394,0.0,8,0,6,0.26248682582691296
independent_16,weighted_sum_balanced,"Weighted single objective (35), (a,b,c) = (1,1,1)",0.07018762393162394,0.07018762393162394,True,113.91081469755434,0.22335453862265559,0.6398925374523446,8,2,4,0.8352985981433126
independent_16,weighted_sum_efficiency,"Weighted single objective (35), (a,b,c) = (1,5,1)",0.07018762393162394,0.07018762393162394,True,125.5672058576328,0.24621020756398582,1.2986337813817441,8,3,4,0.9207739520091882
independent_16,weighted_sum_guarantee,"Weighted single objective (35), (a,b,c) = (5,1,1)",0.07018762393162394,0.07018762393162394,True,113.91081469755434,0.22335453862265559,0.6398925374523446,8,2,4,0.8352985981433126
independent_16,leximin,Full leximin (progressive filling),0.07018762393162394,0.07018762393162394,True,131.90230084533556,0.25863196244183445,3.433517726743853,8,4,3,0.967228680441979
independent_17,three_stage,Three-stage lexicographic (proposed),0.08674759724383196,0.0867475972438319,True,89.45858958640736,0.24644239555484115,2.7623723926219035,5,0,0,1.0
independent_17,total_delivery_max,Total-delivery maximization,0.08674759724383196,0.0,False,91.92083439404433,0.25322543910205053,4.845555378014958,5,2,3,1.0275238500743265
independent_17,equal_proportional,Equal proportional allocation,0.08674759724383196,0.08674759724383196,True,31.489377799511004,0.08674759724383196,0.0,5,0,4,0.35199948875893755
independent_17,weighted_sum_balanced,"Weighted single objective (35), (a,b,c) = (1,1,1)",0.08674759724383196,0.05081049923477083,False,81.04990576818243,0.22327797732281657,0.0,5,2,3,0.9060047351841709
independent_17,weighted_sum_efficiency,"Weighted single objective (35), (a,b,c) = (1,5,1)",0.08674759724383196,0.05189786810940389,False,88.1040244519715,0.24271081116245596,0.45848354316218587,5,4,1,0.9848581881214716
independent_17,weighted_sum_guarantee,"Weighted single objective (35), (a,b,c) = (5,1,1)",0.08674759724383196,0.08674759724383198,True,81.03177383458836,0.22322802709252992,0.8003763346832649,5,1,4,0.9058020499677161
independent_17,leximin,Full leximin (progressive filling),0.08674759724383196,0.08674759724383196,True,87.55331094910065,0.24119369407465735,1.816427235598032,5,2,3,0.9787021162963182
independent_18,three_stage,Three-stage lexicographic (proposed),0.0630832106833357,0.0630832106833357,True,189.1001049447752,0.30015889673773843,6.6860573408633766,11,0,0,1.0
independent_18,total_delivery_max,Total-delivery maximization,0.0630832106833357,0.0,False,190.82073057103543,0.3028900485254531,8.180712880306599,11,4,7,1.009099019943763
independent_18,equal_proportional,Equal proportional allocation,0.0630832106833357,0.0630832106833357,True,39.74242273050149,0.0630832106833357,0.0,11,0,8,0.21016605327695542
independent_18,weighted_sum_balanced,"Weighted single objective (35), (a,b,c) = (1,1,1)",0.0630832106833357,0.0630832106833357,True,110.87376331258305,0.17599010049616362,0.040649848822609636,11,3,7,0.586323118884374
independent_18,weighted_sum_efficiency,"Weighted single objective (35), (a,b,c) = (1,5,1)",0.0630832106833357,0.0630832106833357,True,184.05699489744896,0.2921539601546809,3.692759595616256,11,3,5,0.9733310034449794
independent_18,weighted_sum_guarantee,"Weighted single objective (35), (a,b,c) = (5,1,1)",0.0630832106833357,0.0630832106833357,True,110.87376331258305,0.1759901004961636,0.04064984882260961,11,3,7,0.586323118884374
independent_18,leximin,Full leximin (progressive filling),0.0630832106833357,0.0630832106833357,True,182.3104099807051,0.28938160314397643,4.84597243825026,11,5,6,0.9640947054680219
independent_19,three_stage,Three-stage lexicographic (proposed),0.08994149643037833,0.08994149642967005,True,195.11226608015846,0.33932568013940595,6.692052168183303,8,0,0,1.0
independent_19,total_delivery_max,Total-delivery maximization,0.08994149643037833,0.0,False,197.7116111077667,0.3438462801874203,8.620542255592326,8,4,4,1.0133223045369188
independent_19,equal_proportional,Equal proportional allocation,0.08994149643037833,0.08994149643037833,True,51.71636044746754,0.08994149643037835,0.0,8,0,6,0.2650595038767105
independent_19,weighted_sum_balanced,"Weighted single objective (35), (a,b,c) = (1,1,1)",0.08994149643037833,0.08994149643037819,True,170.5438514856289,0.29659800258370245,1.4665816848755022,8,2,4,0.8740806250262294
independent_19,weighted_sum_efficiency,"Weighted single objective (35), (a,b,c) = (1,5,1)",0.08994149643037833,0.08994149643037819,True,193.2203256651768,0.3360353489829162,2.835355513628703,8,4,2,0.9903033240657233
independent_19,weighted_sum_guarantee,"Weighted single objective (35), (a,b,c) = (5,1,1)",0.08994149643037833,0.08994149643037819,True,170.5438514856289,0.29659800258370245,1.4665816848755022,8,2,4,0.8740806250262294
independent_19,leximin,Full leximin (progressive filling),0.08994149643037833,0.08994149643037833,True,191.0682414499023,0.33229259382591697,6.345914383209721,8,6,2,0.9792733449746581
independent_20,three_stage,Three-stage lexicographic (proposed),0.11132306029522142,0.11132306029522093,True,110.22164920559104,0.31855967978494515,3.8620056083103127,5,0,0,1.0
independent_20,total_delivery_max,Total-delivery maximization,0.11132306029522142,0.0,False,111.05421882105264,0.3209659503498631,4.938746940250847,5,2,2,1.007553594248156
independent_20,equal_proportional,Equal proportional allocation,0.11132306029522142,0.11132306029522142,True,38.517778862146606,0.11132306029522143,0.0,5,0,4,0.3494574717377099
independent_20,weighted_sum_balanced,"Weighted single objective (35), (a,b,c) = (1,1,1)",0.11132306029522142,0.1113230602952214,True,78.28269370439847,0.22625055983930192,0.44809696195889553,5,1,3,0.7102297440531088
independent_20,weighted_sum_efficiency,"Weighted single objective (35), (a,b,c) = (1,5,1)",0.11132306029522142,0.1113230602952214,True,109.54319961847746,0.31659884282796946,3.3173613564330213,5,1,1,0.9938446794073268
independent_20,weighted_sum_guarantee,"Weighted single objective (35), (a,b,c) = (5,1,1)",0.11132306029522142,0.1113230602952214,True,78.28269370439847,0.22625055983930192,0.44809696195889553,5,1,3,0.7102297440531088
independent_20,leximin,Full leximin (progressive filling),0.11132306029522142,0.11132306029522142,True,109.37572256596026,0.31611480510393136,3.973567808673827,5,2,2,0.9923252224428895
independent_21,three_stage,Three-stage lexicographic (proposed),0.08786703629032258,0.08786703629016301,True,96.6788762937631,0.20791156192207116,3.987709765192476,7,0,0,1.0
independent_21,total_delivery_max,Total-delivery maximization,0.08786703629032258,0.0,False,100.78079487606209,0.21673289220658515,4.481539431986343,7,2,4,1.042428281539342
independent_21,equal_proportional,Equal proportional allocation,0.08786703629032258,0.08786703629032258,True,40.858171875000004,0.08786703629032261,0.0,7,0,5,0.4226173642197766
independent_21,weighted_sum_balanced,"Weighted single objective (35), (a,b,c) = (1,1,1)",0.08786703629032258,0.08786703629032258,True,76.26812956648077,0.1640174829386683,0.010436042056928871,7,2,3,0.7888810098985495
independent_21,weighted_sum_efficiency,"Weighted single objective (35), (a,b,c) = (1,5,1)",0.08786703629032258,0.08104378433541895,False,93.00899996003672,0.2000193547527671,1.162217453165936,7,2,4,0.962040556588853
independent_21,weighted_sum_guarantee,"Weighted single objective (35), (a,b,c) = (5,1,1)",0.08786703629032258,0.08786703629032257,True,76.26812956648078,0.16401748293866827,0.010436042056928788,7,2,3,0.7888810098985496
independent_21,leximin,Full leximin (progressive filling),0.08786703629032258,0.08786703629032258,True,92.86301750297385,0.19970541398488997,1.8752353157747939,7,3,3,0.9605305839592654
independent_22,three_stage,Three-stage lexicographic (proposed),0.1586871520223152,0.1586871520223152,True,93.13091422709553,0.2676175696180906,1.3755961861337667,5,0,0,1.0
independent_22,total_delivery_max,Total-delivery maximization,0.1586871520223152,0.0,False,95.65623096783625,0.2748742269190697,2.50292961619959,5,2,3,1.0271157731210805
independent_22,equal_proportional,Equal proportional allocation,0.1586871520223152,0.1586871520223152,True,55.22312890376569,0.15868715202231518,0.0,5,0,3,0.5929623837806057
independent_22,weighted_sum_balanced,"Weighted single objective (35), (a,b,c) = (1,1,1)",0.1586871520223152,0.15868715202231523,True,64.83975997460317,0.18632114935230795,0.0,5,0,2,0.6962216629431377
independent_22,weighted_sum_efficiency,"Weighted single objective (35), (a,b,c) = (1,5,1)",0.1586871520223152,0.15868715202231523,True,93.13091422709552,0.2676175696180905,1.3755961861337656,5,0,0,0.9999999999999999
independent_22,weighted_sum_guarantee,"Weighted single objective (35), (a,b,c) = (5,1,1)",0.1586871520223152,0.1586871520223152,True,64.83975997460317,0.18632114935230795,0.0,5,0,2,0.6962216629431377
independent_22,leximin,Full leximin (progressive filling),0.1586871520223152,0.1586871520223152,True,92.54631511746163,0.2659376871191426,1.8060896138956015,5,3,2,0.9937228243222398
independent_23,three_stage,Three-stage lexicographic (proposed),0.1821380833220375,0.1821380833220375,True,107.7684633716168,0.21948770544117474,2.1694293548936185,8,0,0,1.0
independent_23,total_delivery_max,Total-delivery maximization,0.1821380833220375,0.0,False,114.74817789258687,0.23370300996453536,6.60454940729665,8,2,6,1.0647658350374913
independent_23,equal_proportional,Equal proportional allocation,0.1821380833220375,0.1821380833220375,True,89.42979891112041,0.18213808332203754,0.0,8,0,4,0.8298327368994826
independent_23,weighted_sum_balanced,"Weighted single objective (35), (a,b,c) = (1,1,1)",0.1821380833220375,0.17957935637117345,False,94.47744015716357,0.19241841172538407,0.08637145473626986,8,1,7,0.8766705694909842
independent_23,weighted_sum_efficiency,"Weighted single objective (35), (a,b,c) = (1,5,1)",0.1821380833220375,0.13978267280685724,False,107.8921377038444,0.21973958799153642,0.5428193791636996,8,2,6,1.0011475929818274
independent_23,weighted_sum_guarantee,"Weighted single objective (35), (a,b,c) = (5,1,1)",0.1821380833220375,0.18213808332203751,True,90.0931942729507,0.18348919403859615,0.01382073670479736,8,1,4,0.8359884835908195
independent_23,leximin,Full leximin (progressive filling),0.1821380833220375,0.1821380833220375,True,107.0490380768056,0.2180224808081581,1.822338787601689,8,5,3,0.9933243430192521
independent_24,three_stage,Three-stage lexicographic (proposed),0.16480756501182034,0.1648075650118203,True,89.6495507943729,0.49530138560427006,2.6604404044249805,2,0,0,1.0
independent_24,total_delivery_max,Total-delivery maximization,0.16480756501182034,0.0,False,90.92135623172514,0.5023279349819069,4.111002820242928,2,1,1,1.0141864117118595
independent_24,equal_proportional,Equal proportional allocation,0.16480756501182034,0.16480756501182034,True,29.830169267139482,0.16480756501182034,0.0,2,0,2,0.33274198256230253
independent_24,weighted_sum_balanced,"Weighted single objective (35), (a,b,c) = (1,1,1)",0.16480756501182034,0.1648075650118203,True,53.38397408735263,0.29493908335553937,0.44155606609220166,2,0,2,0.5954739718640444
independent_24,weighted_sum_efficiency,"Weighted single objective (35), (a,b,c) = (1,5,1)",0.16480756501182034,0.1648075650118203,True,88.50175783457597,0.48895998803633134,1.895308740691908,2,1,1,0.9871968911207419
independent_24,weighted_sum_guarantee,"Weighted single objective (35), (a,b,c) = (5,1,1)",0.16480756501182034,0.1648075650118203,True,53.38397408735263,0.29493908335553937,0.44155606609220166,2,0,2,0.5954739718640444
independent_24,leximin,Full leximin (progressive filling),0.16480756501182034,0.16480756501182034,True,88.49594127399055,0.48892785234248926,2.2243914447819826,2,1,1,0.9871320100306096
independent_25,three_stage,Three-stage lexicographic (proposed),0.09826958456973293,0.09826958456973292,True,79.53579848012994,0.23956565807268054,2.777433986492486,5,0,0,1.0
independent_25,total_delivery_max,Total-delivery maximization,0.09826958456973293,0.0,False,81.36264099071208,0.24506819575515687,4.575022618841752,5,2,3,1.0229688083289756
independent_25,equal_proportional,Equal proportional allocation,0.09826958456973293,0.09826958456973293,True,32.62550207715133,0.09826958456973295,0.0,5,0,4,0.41019896324171573
independent_25,weighted_sum_balanced,"Weighted single objective (35), (a,b,c) = (1,1,1)",0.09826958456973293,0.09826958456973292,True,77.88102745237255,0.2345814079890739,0.05031603762034478,5,1,3,0.9791946386485226
independent_25,weighted_sum_efficiency,"Weighted single objective (35), (a,b,c) = (1,5,1)",0.09826958456973293,0.09826958456973292,True,78.0022202807543,0.23494644662877806,0.07024996308972523,5,1,3,0.980718390602959
independent_25,weighted_sum_guarantee,"Weighted single objective (35), (a,b,c) = (5,1,1)",0.09826958456973293,0.09826958456973292,True,77.88102745237255,0.2345814079890739,0.05031603762034478,5,1,3,0.9791946386485226
independent_25,leximin,Full leximin (progressive filling),0.09826958456973293,0.09826958456973293,True,77.2933881591519,0.23281141011792747,2.1904671854157494,5,4,1,0.971806276370781
independent_26,three_stage,Three-stage lexicographic (proposed),0.07921754798029557,0.07921754798029557,True,59.62425514944719,0.1464969413991331,2.5673517809971864,6,0,0,1.0
independent_26,total_delivery_max,Total-delivery maximization,0.07921754798029557,0.0,False,62.81345708627451,0.15433281839379487,5.80531393591376,6,4,2,1.053488331700474
independent_26,equal_proportional,Equal proportional allocation,0.07921754798029557,0.07921754798029557,True,32.241542027980294,0.07921754798029557,0.0,6,0,5,0.5407454054925703
independent_26,weighted_sum_balanced,"Weighted single objective (35), (a,b,c) = (1,1,1)",0.07921754798029557,0.07921754798029555,True,49.431196561788184,0.12145257140488497,0.0,6,0,5,0.8290450998153306
independent_26,weighted_sum_efficiency,"Weighted single objective (35), (a,b,c) = (1,5,1)",0.07921754798029557,0.07921754798029557,True,57.80249591054478,0.14202087447308295,0.6141012337781497,6,2,3,0.9694460042421293
independent_26,weighted_sum_guarantee,"Weighted single objective (35), (a,b,c) = (5,1,1)",0.07921754798029557,0.07921754798029557,True,49.431196561788184,0.12145257140488494,0.0,6,0,5,0.8290450998153306
independent_26,leximin,Full leximin (progressive filling),0.07921754798029557,0.07921754798029557,True,57.89268670743689,0.14224247348264593,1.179262211116438,6,3,3,0.9709586570487102
independent_27,three_stage,Three-stage lexicographic (proposed),0.042962096204746524,0.042962096204746524,True,140.00879967705185,0.1879312747342978,4.30759815352381,10,0,0,1.0
independent_27,total_delivery_max,Total-delivery maximization,0.042962096204746524,0.0,False,142.44539109726068,0.19120186724464525,4.0579245123645675,10,5,3,1.0174031305591444
independent_27,equal_proportional,Equal proportional allocation,0.042962096204746524,0.042962096204746524,True,32.00676167253616,0.04296209620474654,0.0,10,0,6,0.2286053572801412
independent_27,weighted_sum_balanced,"Weighted single objective (35), (a,b,c) = (1,1,1)",0.042962096204746524,0.03978793848573998,False,109.05310785580919,0.1463800105447103,0.3650958930149551,10,1,9,0.7789018126528767
independent_27,weighted_sum_efficiency,"Weighted single objective (35), (a,b,c) = (1,5,1)",0.042962096204746524,0.031120752373794695,False,136.05801558450307,0.1826282088382592,1.1973914912416124,10,2,7,0.9717818872695018
independent_27,weighted_sum_guarantee,"Weighted single objective (35), (a,b,c) = (5,1,1)",0.042962096204746524,0.04296209620474652,True,101.03770544738278,0.13562108113742657,0.25155657404754717,10,2,5,0.7216525367008297
independent_27,leximin,Full leximin (progressive filling),0.042962096204746524,0.042962096204746524,True,135.59075757130458,0.18200101687423428,4.191695020645886,10,5,5,0.9684445398007978
independent_28,three_stage,Three-stage lexicographic (proposed),0.202635,0.20263499999999998,True,2.68094,0.2978822222222222,0.797365,1,0,0,1.0
independent_28,total_delivery_max,Total-delivery maximization,0.202635,0.20263499999999998,True,2.68094,0.2978822222222222,0.797365,1,0,0,1.0
independent_28,equal_proportional,Equal proportional allocation,0.202635,0.202635,True,1.823715,0.202635,0.0,1,0,1,0.6802520757644707
independent_28,weighted_sum_balanced,"Weighted single objective (35), (a,b,c) = (1,1,1)",0.202635,0.20263499999999998,True,1.89854,0.2109488888888889,0.014965000000000062,1,0,1,0.7081620625601468
independent_28,weighted_sum_efficiency,"Weighted single objective (35), (a,b,c) = (1,5,1)",0.202635,0.20263499999999998,True,2.68094,0.2978822222222222,0.797365,1,0,0,1.0
independent_28,weighted_sum_guarantee,"Weighted single objective (35), (a,b,c) = (5,1,1)",0.202635,0.20263499999999998,True,1.89854,0.2109488888888889,0.014965000000000062,1,0,1,0.7081620625601468
independent_28,leximin,Full leximin (progressive filling),0.202635,0.202635,True,2.68094,0.2978822222222222,0.797365,1,0,0,1.0
independent_29,three_stage,Three-stage lexicographic (proposed),0.11120751879699248,0.11120751879610326,True,294.9544499297107,0.5544256577626141,4.705052256684941,9,0,0,1.0
independent_29,total_delivery_max,Total-delivery maximization,0.11120751879699248,0.0,False,295.97731732936427,0.5563483408446697,6.9052406582516035,9,2,3,1.003467882582878
independent_29,equal_proportional,Equal proportional allocation,0.11120751879699248,0.11120751879699248,True,59.1624,0.11120751879699246,0.0,9,0,8,0.20058147966270296
independent_29,weighted_sum_balanced,"Weighted single objective (35), (a,b,c) = (1,1,1)",0.11120751879699248,0.11120751879699246,True,227.9063312462398,0.4283953594854132,0.3470352100840337,9,3,4,0.7726831424328441
independent_29,weighted_sum_efficiency,"Weighted single objective (35), (a,b,c) = (1,5,1)",0.11120751879699248,0.11120751879699246,True,292.24230482200124,0.5493276406428594,2.984266019474239,9,4,2,0.9908048679775614
independent_29,weighted_sum_guarantee,"Weighted single objective (35), (a,b,c) = (5,1,1)",0.11120751879699248,0.11120751879699246,True,227.9063312462398,0.4283953594854132,0.3470352100840337,9,3,4,0.7726831424328441
independent_29,leximin,Full leximin (progressive filling),0.11120751879699248,0.11120751879699248,True,290.7518099847026,0.5465259586178619,4.709932956497452,9,4,4,0.9857515628395856
independent_30,three_stage,Three-stage lexicographic (proposed),0.03121460519744385,0.031214605197438995,True,131.80801171768857,0.1511559767404686,6.403920624616481,12,0,0,1.0
independent_30,total_delivery_max,Total-delivery maximization,0.03121460519744385,0.0,False,134.3031499764,0.15401737382614675,8.81774711292533,12,5,7,1.0189300955700296
independent_30,equal_proportional,Equal proportional allocation,0.03121460519744385,0.03121460519744385,True,27.219135732171036,0.031214605197443856,0.0,12,0,8,0.20650592765536907
independent_30,weighted_sum_balanced,"Weighted single objective (35), (a,b,c) = (1,1,1)",0.03121460519744385,0.031214605197443842,True,90.74689274583649,0.1040675375525648,0.3912859338094725,12,4,5,0.6884778213649232
independent_30,weighted_sum_efficiency,"Weighted single objective (35), (a,b,c) = (1,5,1)",0.03121460519744385,0.01443711347172028,False,126.16500013522536,0.1446846331825979,2.944931490054284,12,3,9,0.9571876435360421
independent_30,weighted_sum_guarantee,"Weighted single objective (35), (a,b,c) = (5,1,1)",0.03121460519744385,0.031214605197443842,True,90.74689274583649,0.1040675375525648,0.3912859338094725,12,4,5,0.6884778213649232
independent_30,leximin,Full leximin (progressive filling),0.03121460519744385,0.03121460519744385,True,125.29855659401773,0.14369100526836892,4.973821616048503,12,6,6,0.9506141164042968
independent_31,three_stage,Three-stage lexicographic (proposed),0.07209254098360655,0.07209254098360655,True,67.51164598526066,0.14212978102160137,5.172267246949815,8,0,0,1.0
independent_31,total_delivery_max,Total-delivery maximization,0.07209254098360655,0.0,False,68.64240814035088,0.14451033292705448,7.273700242126882,8,4,4,1.016749142145595
independent_31,equal_proportional,Equal proportional allocation,0.07209254098360655,0.07209254098360655,True,34.243956967213116,0.07209254098360655,0.0,8,0,7,0.5072303669605294
independent_31,weighted_sum_balanced,"Weighted single objective (35), (a,b,c) = (1,1,1)",0.07209254098360655,0.07209254098360655,True,56.88251204214568,0.119752656930833,0.07067480564158528,8,2,5,0.8425585128610912
independent_31,weighted_sum_efficiency,"Weighted single objective (35), (a,b,c) = (1,5,1)",0.07209254098360655,0.07209254098360647,True,66.5670901991346,0.1401412425244939,0.6093023079429194,8,3,4,0.9860089948579793
independent_31,weighted_sum_guarantee,"Weighted single objective (35), (a,b,c) = (5,1,1)",0.07209254098360655,0.07209254098360647,True,56.88251204214568,0.119752656930833,0.07067480564158539,8,2,5,0.8425585128610912
independent_31,leximin,Full leximin (progressive filling),0.07209254098360655,0.07209254098360655,True,65.322548109041,0.13752115391377054,1.543111254127172,8,5,3,0.9675745148222635
independent_32,three_stage,Three-stage lexicographic (proposed),0.08951761308950915,0.08951761308950915,True,82.42082790812697,0.24312928586468133,3.19101559032514,6,0,0,1.0
independent_32,total_delivery_max,Total-delivery maximization,0.08951761308950915,0.0,False,88.14946051836193,0.2600279071338111,3.326113860672501,6,1,5,1.069504672006214
independent_32,equal_proportional,Equal proportional allocation,0.08951761308950915,0.08951761308950915,True,30.346470837343603,0.08951761308950916,0.0,6,0,4,0.36818934737188364
independent_32,weighted_sum_balanced,"Weighted single objective (35), (a,b,c) = (1,1,1)",0.08951761308950915,0.07001359377843708,False,51.19382317292985,0.15101422764876063,2.7755575615628914e-17,6,1,5,0.6211272620313241
independent_32,weighted_sum_efficiency,"Weighted single objective (35), (a,b,c) = (1,5,1)",0.08951761308950915,0.0,False,78.60922213920455,0.2318856110301019,1.2453841602272728,6,2,4,0.9537543377607035
independent_32,weighted_sum_guarantee,"Weighted single objective (35), (a,b,c) = (5,1,1)",0.08951761308950915,0.08951761308950913,True,44.23998069063023,0.13050141796646086,0.0,6,1,4,0.536757295618818
independent_32,leximin,Full leximin (progressive filling),0.08951761308950915,0.08951761308950915,True,79.53076686660815,0.23460403205489128,3.1940814252573086,6,3,2,0.9649353068287506
independent_33,three_stage,Three-stage lexicographic (proposed),0.285079107505071,0.285079107505071,True,26.377493336397063,0.3822825121216965,1.322970914196318,2,0,0,1.0
independent_33,total_delivery_max,Total-delivery maximization,0.285079107505071,0.0,False,26.37749333639706,0.3822825121216965,1.6080500217013889,2,1,1,0.9999999999999999
independent_33,equal_proportional,Equal proportional allocation,0.285079107505071,0.285079107505071,True,19.670458417849897,0.28507910750507104,0.0,2,0,1,0.745728874498759
independent_33,weighted_sum_balanced,"Weighted single objective (35), (a,b,c) = (1,1,1)",0.285079107505071,0.285079107505071,True,23.945293249591504,0.34703323550132614,0.10687087079354024,2,0,1,0.9077925997066036
independent_33,weighted_sum_efficiency,"Weighted single objective (35), (a,b,c) = (1,5,1)",0.285079107505071,0.285079107505071,True,23.945293249591504,0.34703323550132614,0.10687087079354024,2,0,1,0.9077925997066036
independent_33,weighted_sum_guarantee,"Weighted single objective (35), (a,b,c) = (5,1,1)",0.285079107505071,0.285079107505071,True,23.945293249591504,0.34703323550132614,0.10687087079354024,2,0,1,0.9077925997066036
independent_33,leximin,Full leximin (progressive filling),0.285079107505071,0.285079107505071,True,26.37749333639706,0.3822825121216965,1.322970914196318,2,0,0,0.9999999999999999
independent_34,three_stage,Three-stage lexicographic (proposed),0.17888395061728396,0.17888395061728396,True,66.34012811365287,0.36652004482681144,2.2399268388836973,4,0,0,1.0
independent_34,total_delivery_max,Total-delivery maximization,0.17888395061728396,0.0,False,67.18979495614036,0.3712143367742561,1.5052479717813052,4,2,1,1.0128077359306853
independent_34,equal_proportional,Equal proportional allocation,0.17888395061728396,0.17888395061728396,True,32.3779950617284,0.17888395061728396,0.0,4,0,3,0.4880604843912711
independent_34,weighted_sum_balanced,"Weighted single objective (35), (a,b,c) = (1,1,1)",0.17888395061728396,0.17888395061728396,True,49.26924706790123,0.2722057849055317,0.0,4,1,2,0.7426763931401208
independent_34,weighted_sum_efficiency,"Weighted single objective (35), (a,b,c) = (1,5,1)",0.17888395061728396,0.17888395061728396,True,64.13609151234569,0.3543430470295341,1.03000987654321,4,1,1,0.9667767207574387
independent_34,weighted_sum_guarantee,"Weighted single objective (35), (a,b,c) = (5,1,1)",0.17888395061728396,0.17888395061728396,True,49.26924706790123,0.2722057849055317,0.0,4,1,2,0.7426763931401208
independent_34,leximin,Full leximin (progressive filling),0.17888395061728396,0.17888395061728396,True,65.77324465036082,0.3633880919909438,2.4583783418554166,4,2,1,0.9914548934496951
independent_35,three_stage,Three-stage lexicographic (proposed),0.047650752569497135,0.047650752569497135,True,141.99322771323116,0.27149756732931385,4.785125710876892,10,0,0,1.0
independent_35,total_delivery_max,Total-delivery maximization,0.047650752569497135,0.0,False,143.65428810204045,0.2746735910172858,5.285402450840293,10,3,7,1.0116981662827185
independent_35,equal_proportional,Equal proportional allocation,0.047650752569497135,0.047650752569497135,True,24.921343593847002,0.047650752569497135,0.0,10,0,8,0.17551079016372545
independent_35,weighted_sum_balanced,"Weighted single objective (35), (a,b,c) = (1,1,1)",0.047650752569497135,0.047650752569497135,True,99.57268976705336,0.19038755213585729,1.0670727236057518,10,1,7,0.7012495692269908
independent_35,weighted_sum_efficiency,"Weighted single objective (35), (a,b,c) = (1,5,1)",0.047650752569497135,0.0295429164273374,False,140.5485891115126,0.2687353520296608,2.7138166287484675,10,4,6,0.9898260035004194
independent_35,weighted_sum_guarantee,"Weighted single objective (35), (a,b,c) = (5,1,1)",0.047650752569497135,0.04765075256949714,True,99.57268976705336,0.19038755213585729,1.0670727236057518,10,1,7,0.7012495692269908
independent_35,leximin,Full leximin (progressive filling),0.047650752569497135,0.047650752569497135,True,133.90508001159805,0.2560326577659618,4.516906727558546,10,5,4,0.9430384967516345
independent_36,three_stage,Three-stage lexicographic (proposed),0.10150645812710354,0.10150645812710354,True,72.32609441886109,0.17512371529990575,5.049678693334474,6,0,0,1.0
independent_36,total_delivery_max,Total-delivery maximization,0.10150645812710354,0.0,False,75.07983190402477,0.18179136054243286,6.623981604585369,6,4,2,1.0380739138106365
independent_36,equal_proportional,Equal proportional allocation,0.10150645812710354,0.10150645812710354,True,41.92216720649376,0.10150645812710356,0.0,6,0,4,0.579627139324163
independent_36,weighted_sum_balanced,"Weighted single objective (35), (a,b,c) = (1,1,1)",0.10150645812710354,0.10150645812710354,True,58.19648599096397,0.14091158835584494,0.4244297656681061,6,1,4,0.8046402402697356
independent_36,weighted_sum_efficiency,"Weighted single objective (35), (a,b,c) = (1,5,1)",0.10150645812710354,0.10150645812710354,True,70.93932185026868,0.1717659124703842,1.1430992396498956,6,2,3,0.9808261101372181
independent_36,weighted_sum_guarantee,"Weighted single objective (35), (a,b,c) = (5,1,1)",0.10150645812710354,0.10150645812710354,True,58.19648599096397,0.1409115883558449,0.42442976566810603,6,1,4,0.8046402402697356
independent_36,leximin,Full leximin (progressive filling),0.10150645812710354,0.10150645812710354,True,70.49380741391683,0.17068718502159042,2.5905925037626263,6,2,4,0.9746663079256987
independent_37,three_stage,Three-stage lexicographic (proposed),0.09578543477927239,0.09578543477927234,True,196.8409680008643,0.2937924895535288,7.005333197175428,8,0,0,1.0
independent_37,total_delivery_max,Total-delivery maximization,0.09578543477927239,0.0,False,200.05818051507856,0.2985942992762366,9.112304361972393,8,3,5,1.0163442221753356
independent_37,equal_proportional,Equal proportional allocation,0.09578543477927239,0.09578543477927239,True,64.1762413021125,0.09578543477927237,0.0,8,0,8,0.3260309170082455
independent_37,weighted_sum_balanced,"Weighted single objective (35), (a,b,c) = (1,1,1)",0.09578543477927239,0.09578543477927237,True,151.15847710554323,0.22560966732170631,1.1452958252793293,8,1,7,0.767921833756068
independent_37,weighted_sum_efficiency,"Weighted single objective (35), (a,b,c) = (1,5,1)",0.09578543477927239,0.09578543477927237,True,193.67420900552207,0.2890659835903315,3.3711581152172636,8,2,5,0.9839120939736065
independent_37,weighted_sum_guarantee,"Weighted single objective (35), (a,b,c) = (5,1,1)",0.09578543477927239,0.09578543477927237,True,151.15847710554326,0.22560966732170631,1.1452958252793295,8,1,7,0.7679218337560682
independent_37,leximin,Full leximin (progressive filling),0.09578543477927239,0.09578543477927239,True,193.89622611284048,0.28939735240722464,4.818966250190015,8,3,4,0.9850399948855622
independent_38,three_stage,Three-stage lexicographic (proposed),0.29949228030236696,0.29949228030236696,True,66.71384773023854,0.43041192084024865,1.0775003440040394,2,0,0,1.0
independent_38,total_delivery_max,Total-delivery maximization,0.29949228030236696,0.0,False,68.4451942820013,0.44158189859355673,1.0506068564997466,2,1,1,1.0259518317510865
independent_38,equal_proportional,Equal proportional allocation,0.29949228030236696,0.29949228030236696,True,46.42130344686688,0.29949228030236696,0.0,2,0,1,0.6958271037607396
independent_38,weighted_sum_balanced,"Weighted single objective (35), (a,b,c) = (1,1,1)",0.29949228030236696,0.29949228030236696,True,59.74096969805747,0.38542561095520944,0.30271968752705875,2,1,1,0.8954807994229875
independent_38,weighted_sum_efficiency,"Weighted single objective (35), (a,b,c) = (1,5,1)",0.29949228030236696,0.29949228030236696,True,66.56677722146509,0.42946307884816187,0.6853123206081555,2,1,1,0.9977955025264299
independent_38,weighted_sum_guarantee,"Weighted single objective (35), (a,b,c) = (5,1,1)",0.29949228030236696,0.29949228030236696,True,59.74096969805747,0.38542561095520944,0.30271968752705875,2,1,1,0.8954807994229875
independent_38,leximin,Full leximin (progressive filling),0.29949228030236696,0.29949228030236696,True,65.83492751671639,0.42474146784978317,0.673855275123912,2,1,1,0.9868255205864288
independent_39,three_stage,Three-stage lexicographic (proposed),0.057774663183383104,0.057774663183383104,True,73.38296839770096,0.15918214402972009,1.8712852054234714,7,0,0,1.0
independent_39,total_delivery_max,Total-delivery maximization,0.057774663183383104,0.0,False,76.06784685920138,0.16500617539956916,2.7651198682362277,7,3,4,1.0365872152643056
independent_39,equal_proportional,Equal proportional allocation,0.057774663183383104,0.057774663183383104,True,26.63411972753961,0.0577746631833831,0.0,7,0,4,0.36294688412160275
independent_39,weighted_sum_balanced,"Weighted single objective (35), (a,b,c) = (1,1,1)",0.057774663183383104,0.05777466318338311,True,57.90951576435991,0.1256171708554445,0.23822533681661687,7,2,2,0.7891410913022452
independent_39,weighted_sum_efficiency,"Weighted single objective (35), (a,b,c) = (1,5,1)",0.057774663183383104,0.022731960342613676,False,70.73256793570104,0.15343290224664,0.2814105396573864,7,2,5,0.9638826212693387
independent_39,weighted_sum_guarantee,"Weighted single objective (35), (a,b,c) = (5,1,1)",0.057774663183383104,0.05777466318338311,True,57.90951576435991,0.1256171708554445,0.23822533681661687,7,2,2,0.7891410913022452
independent_39,leximin,Full leximin (progressive filling),0.057774663183383104,0.057774663183383104,True,68.32014462412981,0.14819987987880653,0.9467032772446671,7,4,3,0.9310081905363511
independent_40,three_stage,Three-stage lexicographic (proposed),0.12086327683615819,0.12086327683615819,True,105.52655473579262,0.5329623976555182,2.6162336989032897,4,0,0,1.0
independent_40,total_delivery_max,Total-delivery maximization,0.12086327683615819,0.0,False,107.00624117647058,0.5404355614973262,2.67755756302521,4,1,2,1.014021934520488
independent_40,equal_proportional,Equal proportional allocation,0.12086327683615819,0.12086327683615819,True,23.930928813559323,0.12086327683615819,0.0,4,0,4,0.2267763680286475
independent_40,weighted_sum_balanced,"Weighted single objective (35), (a,b,c) = (1,1,1)",0.12086327683615819,0.12086327683615819,True,75.22159505954896,0.37990704575529777,0.0,4,1,2,0.7128214812648973
independent_40,weighted_sum_efficiency,"Weighted single objective (35), (a,b,c) = (1,5,1)",0.12086327683615819,0.12086327683615819,True,100.25173439680957,0.5063218908929776,1.7370969757394483,4,0,1,0.9500142845353983
independent_40,weighted_sum_guarantee,"Weighted single objective (35), (a,b,c) = (5,1,1)",0.12086327683615819,0.12086327683615819,True,75.22159505954896,0.37990704575529777,0.0,4,1,2,0.7128214812648973
independent_40,leximin,Full leximin (progressive filling),0.12086327683615819,0.12086327683615819,True,102.41689677633765,0.5172570544259477,2.3010969757394486,4,2,1,0.9705319863114964
independent_41,three_stage,Three-stage lexicographic (proposed),0.1289075630252101,0.12890756302519435,True,51.00689070932812,0.2742305952114415,3.851611802615799,5,0,0,1.0
independent_41,total_delivery_max,Total-delivery maximization,0.1289075630252101,0.0,False,51.7011906351808,0.27796339051172475,4.004351015948175,5,2,3,1.0136118849080464
independent_41,equal_proportional,Equal proportional allocation,0.1289075630252101,0.1289075630252101,True,23.976806722689076,0.1289075630252101,0.0,5,0,5,0.47006995308389204
independent_41,weighted_sum_balanced,"Weighted single objective (35), (a,b,c) = (1,1,1)",0.1289075630252101,0.12890756302521006,True,36.06271789696271,0.19388558009119736,0.0,5,1,3,0.7070165892383551
independent_41,weighted_sum_efficiency,"Weighted single objective (35), (a,b,c) = (1,5,1)",0.1289075630252101,0.12890756302521006,True,37.31031914408924,0.20059311367789914,0.0430207326595356,5,1,3,0.731476054023931
independent_41,weighted_sum_guarantee,"Weighted single objective (35), (a,b,c) = (5,1,1)",0.1289075630252101,0.12890756302521006,True,36.06271789696271,0.19388558009119736,0.0,5,1,3,0.7070165892383551
independent_41,leximin,Full leximin (progressive filling),0.1289075630252101,0.1289075630252101,True,50.50575462600152,0.27153631519355653,3.7610456395158973,5,3,2,0.9901751297450689
independent_42,three_stage,Three-stage lexicographic (proposed),0.1625625,0.1625625,True,91.04177291588165,0.36562961010394246,1.365407142013629,5,0,0,1.0
independent_42,total_delivery_max,Total-delivery maximization,0.1625625,0.0,False,91.3944053192242,0.36704580449487634,2.0994938256812112,5,3,2,1.0038733033425038
independent_42,equal_proportional,Equal proportional allocation,0.1625625,0.1625625,True,40.4780625,0.16256249999999997,0.0,5,0,5,0.4446097786056939
independent_42,weighted_sum_balanced,"Weighted single objective (35), (a,b,c) = (1,1,1)",0.1625625,0.1625625,True,67.1295730212305,0.2695966788001225,0.0,5,2,3,0.7373491406330047
independent_42,weighted_sum_efficiency,"Weighted single objective (35), (a,b,c) = (1,5,1)",0.1625625,0.16256249999999997,True,89.45264128084898,0.35924755534477504,0.9469672997765568,5,2,2,0.9825450275830969
independent_42,weighted_sum_guarantee,"Weighted single objective (35), (a,b,c) = (5,1,1)",0.1625625,0.1625625,True,67.1295730212305,0.2695966788001225,0.0,5,2,3,0.7373491406330047
independent_42,leximin,Full leximin (progressive filling),0.1625625,0.1625625,True,89.49419974641502,0.35941445681291173,2.1825015619183366,5,2,3,0.9830015044753521
independent_43,three_stage,Three-stage lexicographic (proposed),0.06487125839863203,0.06487125839862745,True,248.28600515901718,0.354188309784618,10.777515355900402,10,0,0,1.0
independent_43,total_delivery_max,Total-delivery maximization,0.06487125839863203,0.0,False,250.4717578259374,0.3573063592381418,14.046729992610713,10,5,5,1.008803366365818
independent_43,equal_proportional,Equal proportional allocation,0.06487125839863203,0.06487125839863203,True,45.47475213744105,0.06487125839863203,0.0,10,0,9,0.1831547134858298
independent_43,weighted_sum_balanced,"Weighted single objective (35), (a,b,c) = (1,1,1)",0.06487125839863203,0.05545944671845043,False,235.54937450151027,0.3360190791747649,3.060825063446799,10,3,7,0.9487017778172813
independent_43,weighted_sum_efficiency,"Weighted single objective (35), (a,b,c) = (1,5,1)",0.06487125839863203,0.05545944671845041,False,244.56933606076302,0.34888635672006146,4.107447146199859,10,4,6,0.9850306943563985
independent_43,weighted_sum_guarantee,"Weighted single objective (35), (a,b,c) = (5,1,1)",0.06487125839863203,0.06242348191546209,False,235.34515167487288,0.3357277484662951,3.3230977577762038,10,3,7,0.9478792472581924
independent_43,leximin,Full leximin (progressive filling),0.06487125839863203,0.06487125839863203,True,242.00984897103805,0.3452351625835065,7.7004249415256805,10,5,5,0.9747220702835848
independent_44,three_stage,Three-stage lexicographic (proposed),0.04139690096643154,0.04139690096643123,True,24.113318736044455,0.0690926038282076,0.5409771850390502,6,0,0,1.0
independent_44,total_delivery_max,Total-delivery maximization,0.04139690096643154,0.0,False,25.461909374999998,0.07295676038681947,1.7776964309210526,6,3,3,1.055927209925678
independent_44,equal_proportional,Equal proportional allocation,0.04139690096643154,0.04139690096643154,True,14.447518437284607,0.04139690096643153,0.0,6,0,2,0.5991509752528812
independent_44,weighted_sum_balanced,"Weighted single objective (35), (a,b,c) = (1,1,1)",0.04139690096643154,0.04139690096643154,True,15.887357234951645,0.04552251356719669,0.035995969941675955,6,0,2,0.6588623245461154
independent_44,weighted_sum_efficiency,"Weighted single objective (35), (a,b,c) = (1,5,1)",0.04139690096643154,0.04139690096643154,True,23.93271395630237,0.06857511162264288,0.4577865218428306,6,1,1,0.9925101649541039
independent_44,weighted_sum_guarantee,"Weighted single objective (35), (a,b,c) = (5,1,1)",0.04139690096643154,0.04139690096643154,True,15.887357234951645,0.04552251356719669,0.035995969941675955,6,0,2,0.6588623245461154
independent_44,leximin,Full leximin (progressive filling),0.04139690096643154,0.04139690096643154,True,23.14154551184007,0.06630815332905465,0.5339859609646065,6,4,2,0.9596997313044354
independent_45,three_stage,Three-stage lexicographic (proposed),0.0509243026825923,0.05092430268259228,True,81.32624029985156,0.16529723638181212,2.62640302487483,8,0,0,1.0
independent_45,total_delivery_max,Total-delivery maximization,0.0509243026825923,0.0,False,82.79838753933518,0.16828940556775446,3.2815036475433463,8,3,5,1.0181017496204887
independent_45,equal_proportional,Equal proportional allocation,0.0509243026825923,0.0509243026825923,True,25.054756919835413,0.05092430268259229,0.0,8,0,7,0.30807715723065515
independent_45,weighted_sum_balanced,"Weighted single objective (35), (a,b,c) = (1,1,1)",0.0509243026825923,0.0509243026825923,True,70.17359140191483,0.14262925081690006,0.6353060995384578,8,2,6,0.8628653082102815
independent_45,weighted_sum_efficiency,"Weighted single objective (35), (a,b,c) = (1,5,1)",0.0509243026825923,0.0509243026825923,True,80.40990238449493,0.16343476094409534,1.0200104872664606,8,3,3,0.9887325675946893
independent_45,weighted_sum_guarantee,"Weighted single objective (35), (a,b,c) = (5,1,1)",0.0509243026825923,0.0509243026825923,True,70.17359140191483,0.14262925081690006,0.6353060995384578,8,2,6,0.8628653082102815
independent_45,leximin,Full leximin (progressive filling),0.0509243026825923,0.0509243026825923,True,78.40111637438687,0.15935186254956682,1.5612984673496673,8,5,3,0.9640322248430556
independent_46,three_stage,Three-stage lexicographic (proposed),0.19811935828877006,0.19811935828777869,True,319.0304004370473,0.376659268520717,5.6441598105387465,13,0,0,1.0
independent_46,total_delivery_max,Total-delivery maximization,0.19811935828877006,0.0,False,327.3538672188834,0.3864862659018694,9.352016972450151,13,6,7,1.0260898860122218
independent_46,equal_proportional,Equal proportional allocation,0.19811935828877006,0.19811935828877006,True,167.80709647058825,0.19811935828877006,0.0,13,0,10,0.5259909282648466
independent_46,weighted_sum_balanced,"Weighted single objective (35), (a,b,c) = (1,1,1)",0.19811935828877006,0.19811935828877006,True,282.0332957978886,0.33297909775429585,1.3388549804396739,13,3,7,0.8840326671424558
independent_46,weighted_sum_efficiency,"Weighted single objective (35), (a,b,c) = (1,5,1)",0.19811935828877006,0.19811935828877006,True,311.11806865149754,0.3673176725519451,3.117997213136807,13,2,6,0.9751988156153442
independent_46,weighted_sum_guarantee,"Weighted single objective (35), (a,b,c) = (5,1,1)",0.19811935828877006,0.19811935828877006,True,282.0332957978886,0.33297909775429585,1.3388549804396739,13,3,7,0.8840326671424558
independent_46,leximin,Full leximin (progressive filling),0.19811935828877006,0.19811935828877006,True,313.5734655774368,0.3702166063488037,6.244947014349032,13,8,5,0.982895251198209
independent_47,three_stage,Three-stage lexicographic (proposed),0.049845519317752614,0.049845519317752614,True,160.34226777899366,0.21756074325507962,6.489179646004886,11,0,0,1.0
independent_47,total_delivery_max,Total-delivery maximization,0.049845519317752614,0.0,False,163.0978152400671,0.22129961362288614,7.355279159377965,11,4,7,1.0171854090580252
independent_47,equal_proportional,Equal proportional allocation,0.049845519317752614,0.049845519317752614,True,36.73614773718368,0.049845519317752614,0.0,11,0,8,0.22911081554502286
independent_47,weighted_sum_balanced,"Weighted single objective (35), (a,b,c) = (1,1,1)",0.049845519317752614,0.04984551931775262,True,90.32014583020538,0.1225510798238879,0.004582604034222948,11,4,6,0.5632959236593644
independent_47,weighted_sum_efficiency,"Weighted single objective (35), (a,b,c) = (1,5,1)",0.049845519317752614,0.04984551931775262,True,154.13404244748915,0.20913709965738017,2.6491912929837196,11,4,4,0.961281417448445
independent_47,weighted_sum_guarantee,"Weighted single objective (35), (a,b,c) = (5,1,1)",0.049845519317752614,0.049845519317752614,True,90.32014583020538,0.12255107982388791,0.004582604034222948,11,4,6,0.5632959236593644
independent_47,leximin,Full leximin (progressive filling),0.049845519317752614,0.049845519317752614,True,155.01433325892685,0.21033152409623726,4.168095553073946,11,5,6,0.9667714907998525
independent_48,three_stage,Three-stage lexicographic (proposed),0.0320761435027451,0.03207614350273906,True,22.336510149175382,0.057717080488825276,1.4665149886472297,7,0,0,1.0
independent_48,total_delivery_max,Total-delivery maximization,0.0320761435027451,0.0,False,23.20501413157895,0.0599612768257854,1.9030699932330828,7,2,5,1.0388827071285185
independent_48,equal_proportional,Equal proportional allocation,0.0320761435027451,0.0320761435027451,True,12.413467535562352,0.03207614350274509,0.0,7,0,2,0.5557478519544214
independent_48,weighted_sum_balanced,"Weighted single objective (35), (a,b,c) = (1,1,1)",0.0320761435027451,0.032076143502745104,True,21.64347859453942,0.05592630127787964,0.0,7,2,2,0.9689731497889545
independent_48,weighted_sum_efficiency,"Weighted single objective (35), (a,b,c) = (1,5,1)",0.0320761435027451,0.032076143502745104,True,21.64347859453942,0.05592630127787964,0.0,7,2,2,0.9689731497889545
independent_48,weighted_sum_guarantee,"Weighted single objective (35), (a,b,c) = (5,1,1)",0.0320761435027451,0.032076143502745104,True,21.64347859453942,0.05592630127787964,0.0,7,2,2,0.9689731497889545
independent_48,leximin,Full leximin (progressive filling),0.0320761435027451,0.0320761435027451,True,21.60383605881525,0.055823865785052336,0.2040661833694934,7,5,2,0.9671983633312933
independent_49,three_stage,Three-stage lexicographic (proposed),0.09053105980157165,0.09053105980157165,True,162.58796783486616,0.20528783817533605,5.7103157655918455,12,0,0,1.0
independent_49,total_delivery_max,Total-delivery maximization,0.09053105980157165,0.0,False,168.30000420727745,0.21250000531221902,7.185021044144985,12,3,9,1.035131974699461
independent_49,equal_proportional,Equal proportional allocation,0.09053105980157165,0.09053105980157165,True,71.70059936284476,0.09053105980157167,0.0,12,0,7,0.4409957287593881
independent_49,weighted_sum_balanced,"Weighted single objective (35), (a,b,c) = (1,1,1)",0.09053105980157165,0.09053105980157164,True,112.12122497751513,0.1415672032544383,0.11017297908837836,12,3,5,0.6896034587958685
independent_49,weighted_sum_efficiency,"Weighted single objective (35), (a,b,c) = (1,5,1)",0.09053105980157165,0.09053105980157164,True,157.14829878342107,0.19841956917098624,2.169604120893189,12,3,5,0.9665432250375997
independent_49,weighted_sum_guarantee,"Weighted single objective (35), (a,b,c) = (5,1,1)",0.09053105980157165,0.09053105980157164,True,112.12122497751513,0.1415672032544383,0.11017297908837836,12,3,5,0.6896034587958685
independent_49,leximin,Full leximin (progressive filling),0.09053105980157165,0.09053105980157165,True,159.41829977813885,0.20128573204310463,5.170286030475694,12,8,4,0.9805049039056407
independent_50,three_stage,Three-stage lexicographic (proposed),0.051366444806751704,0.05136644480675169,True,81.83720258153245,0.2285955379372415,5.209989687355335,7,0,0,1.0
independent_50,total_delivery_max,Total-delivery maximization,0.051366444806751704,0.0,False,82.83094027777777,0.2313713415580385,5.25453287999538,7,2,4,1.0121428600306235
independent_50,equal_proportional,Equal proportional allocation,0.051366444806751704,0.051366444806751704,True,18.389187240817108,0.0513664448067517,0.0,7,0,6,0.22470449454203179
independent_50,weighted_sum_balanced,"Weighted single objective (35), (a,b,c) = (1,1,1)",0.051366444806751704,0.05136644480675169,True,53.01467159596347,0.14808567484905996,0.0,7,1,5,0.6478064978228724
independent_50,weighted_sum_efficiency,"Weighted single objective (35), (a,b,c) = (1,5,1)",0.051366444806751704,0.05136644480675169,True,79.57953904200576,0.22228921520113346,2.315830810466223,7,1,3,0.972412747890821
independent_50,weighted_sum_guarantee,"Weighted single objective (35), (a,b,c) = (5,1,1)",0.051366444806751704,0.05136644480675169,True,53.01467159596347,0.14808567484905996,0.0,7,1,5,0.6478064978228724
independent_50,leximin,Full leximin (progressive filling),0.051366444806751704,0.051366444806751704,True,79.81572016902473,0.22294893901962218,5.69667148609877,7,4,1,0.975298735187169
independent_51,three_stage,Three-stage lexicographic (proposed),0.07545541401273885,0.07545541401241299,True,160.1980199757065,0.30283179579528646,5.222665247425284,10,0,0,1.0
independent_51,total_delivery_max,Total-delivery maximization,0.07545541401273885,0.0,False,162.07286014069487,0.30637591709016043,6.149286340946962,10,4,5,1.0117032667774088
independent_51,equal_proportional,Equal proportional allocation,0.07545541401273885,0.07545541401273885,True,39.91591401273885,0.07545541401273885,0.0,10,0,8,0.24916608843724766
independent_51,weighted_sum_balanced,"Weighted single objective (35), (a,b,c) = (1,1,1)",0.07545541401273885,0.07545541401273885,True,139.11826839436907,0.26298349412924205,0.1902951122598976,10,2,7,0.8684144062171673
independent_51,weighted_sum_efficiency,"Weighted single objective (35), (a,b,c) = (1,5,1)",0.07545541401273885,0.07545541401273885,True,152.04826478492663,0.2874258313514681,0.6505441742652671,10,3,6,0.9491269917567287
independent_51,weighted_sum_guarantee,"Weighted single objective (35), (a,b,c) = (5,1,1)",0.07545541401273885,0.07545541401273885,True,139.11826839436907,0.26298349412924205,0.1902951122598976,10,2,7,0.8684144062171673
independent_51,leximin,Full leximin (progressive filling),0.07545541401273885,0.07545541401273885,True,151.4712817180754,0.2863351261211256,2.7865046150601454,10,5,5,0.9455253051257783
independent_52,three_stage,Three-stage lexicographic (proposed),0.06868098441656229,0.06868098441656229,True,132.22824491500762,0.2918945803863303,5.542444382516021,9,0,0,1.0
independent_52,total_delivery_max,Total-delivery maximization,0.06868098441656229,0.0,False,133.93835267052458,0.2956696526943147,5.803222906014452,9,2,7,1.012932998971711
independent_52,equal_proportional,Equal proportional allocation,0.06868098441656229,0.06868098441656229,True,31.112485940702715,0.06868098441656227,0.0,9,0,9,0.23529379793780741
independent_52,weighted_sum_balanced,"Weighted single objective (35), (a,b,c) = (1,1,1)",0.06868098441656229,0.0686809844165623,True,91.11229009859912,0.20113088321986564,0.6333579975731253,9,1,6,0.6890531607461279
independent_52,weighted_sum_efficiency,"Weighted single objective (35), (a,b,c) = (1,5,1)",0.06868098441656229,0.0,False,129.41184947364093,0.2856773719064921,1.6511208797026344,9,4,5,0.97870050046284
independent_52,weighted_sum_guarantee,"Weighted single objective (35), (a,b,c) = (5,1,1)",0.06868098441656229,0.0686809844165623,True,91.11229009859912,0.20113088321986564,0.6333579975731253,9,1,6,0.6890531607461279
independent_52,leximin,Full leximin (progressive filling),0.06868098441656229,0.06868098441656229,True,130.5159981712749,0.28811478625005504,4.072267023973955,9,4,4,0.9870508245433243
independent_53,three_stage,Three-stage lexicographic (proposed),0.07222149105380232,0.07222149105379431,True,47.171916738267356,0.15936458357522756,1.2897177693171034,7,0,0,1.0
independent_53,total_delivery_max,Total-delivery maximization,0.07222149105380232,0.0,False,50.11537048611112,0.1693086840746997,1.9154173974867725,7,2,5,1.062398434309453
independent_53,equal_proportional,Equal proportional allocation,0.07222149105380232,0.07222149105380232,True,21.377561351925486,0.07222149105380232,0.0,7,0,3,0.4531840728571313
independent_53,weighted_sum_balanced,"Weighted single objective (35), (a,b,c) = (1,1,1)",0.07222149105380232,0.07222149105380232,True,30.134827994206113,0.1018068513317774,0.0,7,2,3,0.6388298394023023
independent_53,weighted_sum_efficiency,"Weighted single objective (35), (a,b,c) = (1,5,1)",0.07222149105380232,0.07222149105380234,True,46.71734773133245,0.15782887747071778,0.8291259868563172,7,2,3,0.990363567173726
independent_53,weighted_sum_guarantee,"Weighted single objective (35), (a,b,c) = (5,1,1)",0.07222149105380232,0.07222149105380234,True,30.134827994206113,0.1018068513317774,0.0,7,2,3,0.6388298394023023
independent_53,leximin,Full leximin (progressive filling),0.07222149105380232,0.07222149105380232,True,45.67242656148155,0.1542987383833836,1.309803507068093,7,4,3,0.9682122270946567
independent_54,three_stage,Three-stage lexicographic (proposed),0.06787932536433217,0.06787932536433217,True,356.23506236317206,0.30062030579170634,9.85112348700805,16,0,0,1.0
independent_54,total_delivery_max,Total-delivery maximization,0.06787932536433217,0.0,False,359.6603001607649,0.3035108018234303,14.098575779495706,16,9,7,1.0096151057531246
independent_54,equal_proportional,Equal proportional allocation,0.06787932536433217,0.06787932536433217,True,80.43700055673362,0.06787932536433218,0.0,16,0,13,0.22579753947614023
independent_54,weighted_sum_balanced,"Weighted single objective (35), (a,b,c) = (1,1,1)",0.06787932536433217,0.06787932536433217,True,293.71910760461213,0.24786422582667691,1.3115720006776888,16,5,9,0.8245092598582376
independent_54,weighted_sum_efficiency,"Weighted single objective (35), (a,b,c) = (1,5,1)",0.06787932536433217,0.06787932536433217,True,349.8035246283287,0.2951928477876192,4.330808639992221,16,4,7,0.9819458037280828
independent_54,weighted_sum_guarantee,"Weighted single objective (35), (a,b,c) = (5,1,1)",0.06787932536433217,0.06787932536433217,True,293.71910760461213,0.24786422582667691,1.3115720006776888,16,5,9,0.8245092598582376
independent_54,leximin,Full leximin (progressive filling),0.06787932536433217,0.06787932536433217,True,343.4962570497461,0.28987025911370967,8.532377114679056,16,9,7,0.9642404505920332
independent_55,three_stage,Three-stage lexicographic (proposed),0.052100184108245316,0.05210018410824531,True,146.04298330183548,0.26505078639171586,5.757337643739904,10,0,0,1.0
independent_55,total_delivery_max,Total-delivery maximization,0.052100184108245316,0.0,False,147.584390877193,0.2678482593052504,6.592888635495224,10,4,6,1.0105544788288239
independent_55,equal_proportional,Equal proportional allocation,0.052100184108245316,0.052100184108245316,True,28.707201443643168,0.05210018410824531,0.0,10,0,7,0.19656679694300913
independent_55,weighted_sum_balanced,"Weighted single objective (35), (a,b,c) = (1,1,1)",0.052100184108245316,0.052100184108245316,True,124.00651229027629,0.22505719108943067,0.08798749135258316,10,2,5,0.8491096900833973
independent_55,weighted_sum_efficiency,"Weighted single objective (35), (a,b,c) = (1,5,1)",0.052100184108245316,0.05210018410824531,True,143.00444843534507,0.2595362040568876,1.6500181177023445,10,3,4,0.9791942426962719
independent_55,weighted_sum_guarantee,"Weighted single objective (35), (a,b,c) = (5,1,1)",0.052100184108245316,0.052100184108245316,True,124.00651229027629,0.22505719108943067,0.08798749135258316,10,2,5,0.8491096900833973
independent_55,leximin,Full leximin (progressive filling),0.052100184108245316,0.052100184108245316,True,138.41494210186804,0.2512067914734447,3.5952314322013565,10,4,6,0.9477685197363975
independent_56,three_stage,Three-stage lexicographic (proposed),0.12140185174561091,0.12140185174561091,True,43.844819245534325,0.1940036249802404,0.3850758455421512,4,0,0,1.0
independent_56,total_delivery_max,Total-delivery maximization,0.12140185174561091,0.0,False,45.161435279605264,0.1998293596442711,3.4536912927631582,4,2,2,1.030028999018055
independent_56,equal_proportional,Equal proportional allocation,0.12140185174561091,0.12140185174561091,True,27.436818494508067,0.12140185174561091,0.0,4,0,2,0.6257710481336414
independent_56,weighted_sum_balanced,"Weighted single objective (35), (a,b,c) = (1,1,1)",0.12140185174561091,0.12140185174561091,True,43.772583986062294,0.19368399993832872,0.37522558288687446,4,1,1,0.9983524790222646
independent_56,weighted_sum_efficiency,"Weighted single objective (35), (a,b,c) = (1,5,1)",0.12140185174561091,0.12140185174561091,True,43.844819245534325,0.19400362498024037,0.38507584554215135,4,0,0,1.0
independent_56,weighted_sum_guarantee,"Weighted single objective (35), (a,b,c) = (5,1,1)",0.12140185174561091,0.12140185174561091,True,43.772583986062294,0.19368399993832872,0.37522558288687446,4,1,1,0.9983524790222646
independent_56,leximin,Full leximin (progressive filling),0.12140185174561091,0.12140185174561091,True,43.290257207757364,0.19154981065379365,0.4524712115418892,4,3,1,0.9873517088832919
independent_57,three_stage,Three-stage lexicographic (proposed),0.06731408748061157,0.06731408748061155,True,267.1145408684085,0.2598390475373623,11.573092685087433,14,0,0,1.0
independent_57,total_delivery_max,Total-delivery maximization,0.06731408748061157,0.0,False,270.4254820725834,0.2630598074636025,16.30117453934166,14,5,9,1.0123952114078507
independent_57,equal_proportional,Equal proportional allocation,0.06731408748061157,0.06731408748061157,True,69.1988819300687,0.06731408748061159,0.0,14,0,11,0.2590607074594224
independent_57,weighted_sum_balanced,"Weighted single objective (35), (a,b,c) = (1,1,1)",0.06731408748061157,0.06147432280255603,False,247.54386474830602,0.2408014248524378,0.768229523762078,14,5,9,0.9267330185152901
independent_57,weighted_sum_efficiency,"Weighted single objective (35), (a,b,c) = (1,5,1)",0.06731408748061157,0.06147432280255603,False,247.63452661344263,0.24088961732825162,0.7766528643391142,14,4,10,0.9270724304576047
independent_57,weighted_sum_guarantee,"Weighted single objective (35), (a,b,c) = (5,1,1)",0.06731408748061157,0.06731408748061156,True,247.84180892283896,0.24109125381599128,1.104079359863871,14,4,9,0.9278484357949497
independent_57,leximin,Full leximin (progressive filling),0.06731408748061157,0.06731408748061157,True,255.7733043323652,0.2488067162766199,6.841499903552409,14,8,6,0.9575416729498435
independent_58,three_stage,Three-stage lexicographic (proposed),0.09999233926128591,0.09999233926128323,True,162.376182782459,0.35146359909623165,6.5089192177195665,8,0,0,1.0
independent_58,total_delivery_max,Total-delivery maximization,0.09999233926128591,0.0,False,163.92590547720062,0.35481797722337793,8.335741639291959,8,4,4,1.0095440271361584
independent_58,equal_proportional,Equal proportional allocation,0.09999233926128591,0.09999233926128591,True,46.19646073871409,0.09999233926128591,0.0,8,0,6,0.28450268966234465
independent_58,weighted_sum_balanced,"Weighted single objective (35), (a,b,c) = (1,1,1)",0.09999233926128591,0.09999233926128592,True,85.2028862678989,0.18442183174869892,0.1744335368351536,8,1,5,0.5247252694814741
independent_58,weighted_sum_efficiency,"Weighted single objective (35), (a,b,c) = (1,5,1)",0.09999233926128591,0.09999233926128592,True,155.78252263949886,0.33719160744480275,3.2356015701088583,8,3,4,0.9593926890633099
independent_58,weighted_sum_guarantee,"Weighted single objective (35), (a,b,c) = (5,1,1)",0.09999233926128591,0.09999233926128592,True,85.2028862678989,0.18442183174869892,0.1744335368351536,8,1,5,0.5247252694814741
independent_58,leximin,Full leximin (progressive filling),0.09999233926128591,0.09999233926128591,True,158.7372381829364,0.3435870956340615,4.822989469871983,8,4,4,0.9775894189827222
independent_59,three_stage,Three-stage lexicographic (proposed),0.04382233849303657,0.04382233849287464,True,289.3401366205484,0.22154681211374297,11.463991011082909,16,0,0,1.0
independent_59,total_delivery_max,Total-delivery maximization,0.04382233849303657,0.0,False,291.79931424530827,0.22342979651248718,13.054330329947193,16,7,9,1.0084992619879245
independent_59,equal_proportional,Equal proportional allocation,0.04382233849303657,0.04382233849303657,True,57.23197407190576,0.04382233849303657,0.0,16,0,12,0.19780171095640955
independent_59,weighted_sum_balanced,"Weighted single objective (35), (a,b,c) = (1,1,1)",0.04382233849303657,0.043822338493036565,True,242.4290094394076,0.18562711289388031,1.1126186421163797,16,7,7,0.8378685801110898
independent_59,weighted_sum_efficiency,"Weighted single objective (35), (a,b,c) = (1,5,1)",0.04382233849303657,0.043822338493036565,True,271.80139277749123,0.20811745235642518,3.3567578597844787,16,6,5,0.9393836470532323
independent_59,weighted_sum_guarantee,"Weighted single objective (35), (a,b,c) = (5,1,1)",0.04382233849303657,0.043822338493036565,True,242.4290094394076,0.18562711289388031,1.1126186421163797,16,7,7,0.8378685801110898
independent_59,leximin,Full leximin (progressive filling),0.04382233849303657,0.04382233849303657,True,278.0092872639691,0.2128708172005889,8.676944212145235,16,10,6,0.9608389990793466
independent_60,three_stage,Three-stage lexicographic (proposed),0.2091231203007519,0.20912312030075186,True,32.23851752543122,0.33581789088990854,0.8476820730063279,2,0,0,1.0
independent_60,total_delivery_max,Total-delivery maximization,0.2091231203007519,0.0,False,32.63831172600619,0.3399824138125645,1.05680519330708,2,1,1,1.012401134768669
independent_60,equal_proportional,Equal proportional allocation,0.2091231203007519,0.2091231203007519,True,20.075819548872182,0.2091231203007519,0.0,2,0,2,0.6227277520759277
independent_60,weighted_sum_balanced,"Weighted single objective (35), (a,b,c) = (1,1,1)",0.2091231203007519,0.20912312030075186,True,25.51826196128755,0.265815228763412,0.0,2,1,1,0.7915457632677302
independent_60,weighted_sum_efficiency,"Weighted single objective (35), (a,b,c) = (1,5,1)",0.2091231203007519,0.20912312030075186,True,31.636215402278214,0.32954391044039805,0.6797726045545184,2,1,1,0.9813173132828492
independent_60,weighted_sum_guarantee,"Weighted single objective (35), (a,b,c) = (5,1,1)",0.2091231203007519,0.20912312030075186,True,25.51826196128755,0.265815228763412,0.0,2,1,1,0.7915457632677302
independent_60,leximin,Full leximin (progressive filling),0.2091231203007519,0.2091231203007519,True,32.00687848134883,0.33340498418071696,1.4839709064431346,2,1,1,0.9928148357349352
independent_61,three_stage,Three-stage lexicographic (proposed),0.07508445532435741,0.0750844553243574,True,77.46365014679883,0.5654281032613053,1.4616014242795157,3,0,0,1.0
independent_61,total_delivery_max,Total-delivery maximization,0.07508445532435741,0.0,False,77.61381905744754,0.5665242266966974,1.2530334928229663,3,1,1,1.001938572612627
independent_61,equal_proportional,Equal proportional allocation,0.07508445532435741,0.07508445532435741,True,10.286570379436965,0.07508445532435741,0.0,3,0,3,0.13279222396495932
independent_61,weighted_sum_balanced,"Weighted single objective (35), (a,b,c) = (1,1,1)",0.07508445532435741,0.07508445532435741,True,54.24360326260248,0.3959387099460035,0.5057139459074804,3,0,2,0.7002458980413032
independent_61,weighted_sum_efficiency,"Weighted single objective (35), (a,b,c) = (1,5,1)",0.07508445532435741,0.07508445532435741,True,77.46365014679883,0.5654281032613053,1.461601424279515,3,0,0,1.0
independent_61,weighted_sum_guarantee,"Weighted single objective (35), (a,b,c) = (5,1,1)",0.07508445532435741,0.07508445532435741,True,54.24360326260248,0.3959387099460035,0.5057139459074804,3,0,2,0.7002458980413032
independent_61,leximin,Full leximin (progressive filling),0.07508445532435741,0.07508445532435741,True,77.33365014679882,0.5644791981518161,1.6560105151886058,3,1,1,0.998321793515363
independent_62,three_stage,Three-stage lexicographic (proposed),0.08116464230668433,0.08116464230668433,True,78.10660835115692,0.22705409404406082,2.7361743607740348,6,0,0,1.0
independent_62,total_delivery_max,Total-delivery maximization,0.08116464230668433,0.0,False,79.41690289078947,0.2308630897988066,3.1698641030172414,6,2,4,1.0167757193314764
independent_62,equal_proportional,Equal proportional allocation,0.08116464230668433,0.08116464230668433,True,27.920636953499407,0.08116464230668431,0.0,6,0,4,0.3574683057286515
independent_62,weighted_sum_balanced,"Weighted single objective (35), (a,b,c) = (1,1,1)",0.08116464230668433,0.08116464230668434,True,46.09616632374044,0.13400048349924548,0.1634276490608958,6,0,3,0.5901698626638378
independent_62,weighted_sum_efficiency,"Weighted single objective (35), (a,b,c) = (1,5,1)",0.08116464230668433,0.08116464230668433,True,73.75175997428192,0.21439465108802885,1.6649929990530121,6,1,1,0.9442448152748334
independent_62,weighted_sum_guarantee,"Weighted single objective (35), (a,b,c) = (5,1,1)",0.08116464230668433,0.08116464230668433,True,46.09616632374045,0.13400048349924548,0.16342764906089585,6,0,3,0.5901698626638379
independent_62,leximin,Full leximin (progressive filling),0.08116464230668433,0.08116464230668433,True,77.3778229634883,0.22493553187060547,2.8244258895628267,6,3,3,0.9906693504806648
independent_63,three_stage,Three-stage lexicographic (proposed),0.12195169415234922,0.1219516941523492,True,62.288876091265635,0.24142975229172728,2.8311364373005024,4,0,0,1.0
independent_63,total_delivery_max,Total-delivery maximization,0.12195169415234922,0.0,False,63.28864671929824,0.24530483224534202,4.144501099346405,4,1,3,1.0160505485211797
independent_63,equal_proportional,Equal proportional allocation,0.12195169415234922,0.12195169415234922,True,31.463537091306097,0.1219516941523492,0.0,4,0,4,0.5051228897629447
independent_63,weighted_sum_balanced,"Weighted single objective (35), (a,b,c) = (1,1,1)",0.12195169415234922,0.1219516941523492,True,57.763535851519926,0.2238896738431005,0.5052318556041844,4,1,3,0.9273491428370745
independent_63,weighted_sum_efficiency,"Weighted single objective (35), (a,b,c) = (1,5,1)",0.12195169415234922,0.1219516941523492,True,60.64130991606757,0.23504383688398284,0.8649536136726388,4,1,3,0.9735495921810493
independent_63,weighted_sum_guarantee,"Weighted single objective (35), (a,b,c) = (5,1,1)",0.12195169415234922,0.1219516941523492,True,57.763535851519926,0.2238896738431005,0.5052318556041844,4,1,3,0.9273491428370745
independent_63,leximin,Full leximin (progressive filling),0.12195169415234922,0.12195169415234922,True,61.18740749216337,0.237160494155672,2.0563944094878583,4,3,1,0.9823167687680158
independent_64,three_stage,Three-stage lexicographic (proposed),0.033012423129660386,0.03301242312966038,True,103.22848430364714,0.10797958609168114,5.372674096472965,12,0,0,1.0
independent_64,total_delivery_max,Total-delivery maximization,0.033012423129660386,0.0,False,107.28768663651317,0.11222561363652006,8.671016971016094,12,5,7,1.0393225025074075
independent_64,equal_proportional,Equal proportional allocation,0.033012423129660386,0.033012423129660386,True,31.55987651195533,0.033012423129660386,0.0,12,0,6,0.30572837259841756
independent_64,weighted_sum_balanced,"Weighted single objective (35), (a,b,c) = (1,1,1)",0.033012423129660386,0.03301242312966038,True,95.7921531793411,0.10020099704952001,0.5934448777805312,12,2,5,0.9279624110102012
independent_64,weighted_sum_efficiency,"Weighted single objective (35), (a,b,c) = (1,5,1)",0.033012423129660386,0.03301242312966038,True,95.83503832010992,0.10024585598337864,0.5957539487754607,12,2,5,0.928377850034208
independent_64,weighted_sum_guarantee,"Weighted single objective (35), (a,b,c) = (5,1,1)",0.033012423129660386,0.03301242312966038,True,95.7921531793411,0.10020099704952003,0.5934448777805315,12,2,5,0.9279624110102012
independent_64,leximin,Full leximin (progressive filling),0.033012423129660386,0.033012423129660386,True,94.35265887072784,0.09869524986477807,1.4599522803828133,12,8,4,0.914017671645638
independent_65,three_stage,Three-stage lexicographic (proposed),0.07481707832277165,0.07481707832277165,True,90.72253950964793,0.2606969526139308,2.10744847495981,4,0,0,1.0
independent_65,total_delivery_max,Total-delivery maximization,0.07481707832277165,0.0,False,91.61625098039217,0.26326508902411544,4.286067713280184,4,2,2,1.0098510411588422
independent_65,equal_proportional,Equal proportional allocation,0.07481707832277165,0.07481707832277165,True,26.036343256324535,0.07481707832277167,0.0,4,0,3,0.28698869538981203
independent_65,weighted_sum_balanced,"Weighted single objective (35), (a,b,c) = (1,1,1)",0.07481707832277165,0.07481707832277165,True,88.01322131099602,0.25291155549136785,1.2869339395417259,4,2,1,0.9701362173799842
independent_65,weighted_sum_efficiency,"Weighted single objective (35), (a,b,c) = (1,5,1)",0.07481707832277165,0.07481707832277165,True,89.24049275852923,0.25643819758198055,1.3934643388276255,4,1,2,0.9836639631217434
independent_65,weighted_sum_guarantee,"Weighted single objective (35), (a,b,c) = (5,1,1)",0.07481707832277165,0.07481707832277165,True,88.01322131099602,0.25291155549136785,1.2869339395417259,4,2,1,0.9701362173799842
independent_65,leximin,Full leximin (progressive filling),0.07481707832277165,0.07481707832277165,True,86.21004153616181,0.24773000441425805,1.698001630895051,4,3,1,0.9502604534895517
independent_66,three_stage,Three-stage lexicographic (proposed),0.12198230869293668,0.12198230869285706,True,32.61306431791205,0.19071967437375467,1.4806022866144957,3,0,0,1.0
independent_66,total_delivery_max,Total-delivery maximization,0.12198230869293668,0.0,False,33.360419117647055,0.19509017027863776,1.8094584764705886,3,2,1,1.0229158104387186
independent_66,equal_proportional,Equal proportional allocation,0.12198230869293668,0.12198230869293668,True,20.858974786492173,0.12198230869293666,0.0,3,0,3,0.6395895394299337
independent_66,weighted_sum_balanced,"Weighted single objective (35), (a,b,c) = (1,1,1)",0.12198230869293668,0.12198230869293666,True,24.945310712312985,0.14587901001352624,0.1011563977384411,3,0,2,0.7648870547442637
independent_66,weighted_sum_efficiency,"Weighted single objective (35), (a,b,c) = (1,5,1)",0.12198230869293668,0.12198230869293665,True,29.132460675268632,0.1703652671068341,0.5376223501370436,3,0,2,0.893275786393008
independent_66,weighted_sum_guarantee,"Weighted single objective (35), (a,b,c) = (5,1,1)",0.12198230869293668,0.12198230869293666,True,24.945310712312985,0.14587901001352624,0.1011563977384411,3,0,2,0.7648870547442637
independent_66,leximin,Full leximin (progressive filling),0.12198230869293668,0.12198230869293668,True,32.46565193119923,0.18985761363274406,1.5773213635576329,3,2,1,0.9954799590349487
independent_67,three_stage,Three-stage lexicographic (proposed),0.16655802469135803,0.16655802469135803,True,44.65826638888889,0.5954435518518518,0.8443394753086417,1,0,0,1.0
independent_67,total_delivery_max,Total-delivery maximization,0.16655802469135803,0.16655802469135803,True,44.65826638888889,0.5954435518518518,0.844339475308642,1,0,0,1.0
independent_67,equal_proportional,Equal proportional allocation,0.16655802469135803,0.16655802469135803,True,12.491851851851852,0.16655802469135803,0.0,1,0,1,0.2797209310158054
independent_67,weighted_sum_balanced,"Weighted single objective (35), (a,b,c) = (1,1,1)",0.16655802469135803,0.16655802469135803,True,44.57108638888889,0.5942811518518519,0.8225444753086422,1,0,1,0.9980478418207991
independent_67,weighted_sum_efficiency,"Weighted single objective (35), (a,b,c) = (1,5,1)",0.16655802469135803,0.16655802469135803,True,44.57108638888889,0.5942811518518519,0.8225444753086422,1,0,1,0.9980478418207991
independent_67,weighted_sum_guarantee,"Weighted single objective (35), (a,b,c) = (5,1,1)",0.16655802469135803,0.16655802469135803,True,44.57108638888889,0.5942811518518519,0.8225444753086422,1,0,1,0.9980478418207991
independent_67,leximin,Full leximin (progressive filling),0.16655802469135803,0.16655802469135803,True,44.65826638888889,0.5954435518518518,0.844339475308642,1,0,0,1.0
independent_68,three_stage,Three-stage lexicographic (proposed),0.08647026612738783,0.08647026612738783,True,127.64341345641778,0.18743526205054006,6.926920364347379,14,0,0,1.0
independent_68,total_delivery_max,Total-delivery maximization,0.08647026612738783,0.0,False,130.87038837542426,0.192173844897833,9.33193896629685,14,7,7,1.0252811706583536
independent_68,equal_proportional,Equal proportional allocation,0.08647026612738783,0.08647026612738783,True,58.886251232751114,0.08647026612738783,0.0,14,0,9,0.461334037050467
independent_68,weighted_sum_balanced,"Weighted single objective (35), (a,b,c) = (1,1,1)",0.08647026612738783,0.08320877198864918,False,94.68905709518967,0.13904413670365595,0.6875440475447897,14,4,10,0.7418248582604698
independent_68,weighted_sum_efficiency,"Weighted single objective (35), (a,b,c) = (1,5,1)",0.08647026612738783,0.08320877198864918,False,126.27511683447496,0.18542601590965485,3.6951286952412157,14,6,8,0.9892803194078635
independent_68,weighted_sum_guarantee,"Weighted single objective (35), (a,b,c) = (5,1,1)",0.08647026612738783,0.08647026612738781,True,94.98928582082513,0.13948500120532326,0.800945945711015,14,4,7,0.7441769477064166
independent_68,leximin,Full leximin (progressive filling),0.08647026612738783,0.08647026612738783,True,126.00159387336447,0.18502436692124005,5.653530397931625,14,8,6,0.9871374516036906
independent_69,three_stage,Three-stage lexicographic (proposed),0.0916262657352657,0.0916262657352657,True,67.18806235357866,0.3481246754071433,3.6972505982960127,4,0,0,1.0
independent_69,total_delivery_max,Total-delivery maximization,0.0916262657352657,0.0,False,68.27553649140008,0.35375925643212475,5.2351954512978525,4,3,1,1.016185526114722
independent_69,equal_proportional,Equal proportional allocation,0.0916262657352657,0.0916262657352657,True,17.68386928690628,0.09162626573526572,0.0,4,0,4,0.2631995724753086
independent_69,weighted_sum_balanced,"Weighted single objective (35), (a,b,c) = (1,1,1)",0.0916262657352657,0.0916262657352657,True,41.06671359402818,0.2127808994509232,0.3891644235456059,4,0,4,0.6112203887933796
independent_69,weighted_sum_efficiency,"Weighted single objective (35), (a,b,c) = (1,5,1)",0.0916262657352657,0.0916262657352657,True,66.36152516683161,0.34384209931000825,2.5708231961833103,4,1,2,0.987698154139386
independent_69,weighted_sum_guarantee,"Weighted single objective (35), (a,b,c) = (5,1,1)",0.0916262657352657,0.0916262657352657,True,41.06671359402818,0.2127808994509232,0.3891644235456059,4,0,4,0.6112203887933796
independent_69,leximin,Full leximin (progressive filling),0.0916262657352657,0.0916262657352657,True,66.91747317816558,0.3467226589542257,3.942060621211837,4,2,2,0.9959726599348989
independent_70,three_stage,Three-stage lexicographic (proposed),0.19716515837104073,0.19716515837104073,True,108.90948509433463,0.3848391699446453,1.8376338604042433,5,0,0,1.0
independent_70,total_delivery_max,Total-delivery maximization,0.19716515837104073,0.0,False,109.30381541107671,0.38623256329002364,1.9910836669192604,5,1,1,1.003620716013858
independent_70,equal_proportional,Equal proportional allocation,0.19716515837104073,0.19716515837104073,True,55.797739819004526,0.1971651583710407,0.0,5,0,5,0.5123313159609004
independent_70,weighted_sum_balanced,"Weighted single objective (35), (a,b,c) = (1,1,1)",0.19716515837104073,0.19716515837104073,True,81.26341615798248,0.2871498804168992,0.08271468144044322,5,0,4,0.7461555445569701
independent_70,weighted_sum_efficiency,"Weighted single objective (35), (a,b,c) = (1,5,1)",0.19716515837104073,0.19716515837104073,True,108.01527120902293,0.381679403565452,1.649937235983831,5,2,1,0.9917893846937468
independent_70,weighted_sum_guarantee,"Weighted single objective (35), (a,b,c) = (5,1,1)",0.19716515837104073,0.19716515837104073,True,81.26341615798248,0.2871498804168992,0.08271468144044322,5,0,4,0.7461555445569701
independent_70,leximin,Full leximin (progressive filling),0.19716515837104073,0.19716515837104073,True,108.37319526998864,0.38294415289748635,2.181358251767567,5,1,3,0.995075820770969
independent_71,three_stage,Three-stage lexicographic (proposed),0.11526295210166178,0.11526295210164123,True,170.09410025298422,0.2608805218604052,2.412021236741141,12,0,0,1.0
independent_71,total_delivery_max,Total-delivery maximization,0.11526295210166178,0.0,False,175.0330739889921,0.26845563495244185,3.417481500092626,12,5,7,1.0290367139639884
independent_71,equal_proportional,Equal proportional allocation,0.11526295210166178,0.11526295210166178,True,75.15144477028348,0.11526295210166175,0.0,12,0,7,0.4418227596284015
independent_71,weighted_sum_balanced,"Weighted single objective (35), (a,b,c) = (1,1,1)",0.11526295210166178,0.11526295210166176,True,161.2782257424959,0.2473592419363434,0.004149946649254249,12,4,4,0.9481706038164974
independent_71,weighted_sum_efficiency,"Weighted single objective (35), (a,b,c) = (1,5,1)",0.11526295210166178,0.11526295210166176,True,167.67019681865003,0.25716287855621167,0.6433470542646682,12,4,4,0.9857496325226502
independent_71,weighted_sum_guarantee,"Weighted single objective (35), (a,b,c) = (5,1,1)",0.11526295210166178,0.11526295210166176,True,161.2782257424959,0.2473592419363434,0.004149946649254249,12,4,4,0.9481706038164974
independent_71,leximin,Full leximin (progressive filling),0.11526295210166178,0.11526295210166178,True,164.3687833383663,0.25209936094841456,1.9286190710693667,12,9,3,0.9663402968938809
independent_72,three_stage,Three-stage lexicographic (proposed),0.18679894634985486,0.18679894634985483,True,45.82141366851762,0.3725318184432327,1.9896947812439107,2,0,0,1.0
independent_72,total_delivery_max,Total-delivery maximization,0.18679894634985486,0.016369033130493565,False,45.85392990196078,0.3727961780647218,2.019618125382337,2,1,1,1.0007096296434324
independent_72,equal_proportional,Equal proportional allocation,0.18679894634985486,0.18679894634985486,True,22.976270401032146,0.18679894634985486,0.0,2,0,2,0.5014308499350901
independent_72,weighted_sum_balanced,"Weighted single objective (35), (a,b,c) = (1,1,1)",0.18679894634985486,0.18679894634985483,True,22.976270401032146,0.18679894634985486,0.0,2,0,2,0.5014308499350901
independent_72,weighted_sum_efficiency,"Weighted single objective (35), (a,b,c) = (1,5,1)",0.18679894634985486,0.18679894634985483,True,45.60457461623003,0.3707688993189434,1.7457508474203751,2,1,1,0.9952677354335627
independent_72,weighted_sum_guarantee,"Weighted single objective (35), (a,b,c) = (5,1,1)",0.18679894634985486,0.18679894634985483,True,22.976270401032146,0.18679894634985486,0.0,2,0,2,0.5014308499350901
independent_72,leximin,Full leximin (progressive filling),0.18679894634985486,0.18679894634985486,True,45.60457461623003,0.3707688993189434,1.7457508474203751,2,1,1,0.9952677354335627
independent_73,three_stage,Three-stage lexicographic (proposed),0.07371089543147208,0.07371089543144439,True,133.1530013038118,0.25362476438821296,3.9633392578081015,8,0,0,1.0
independent_73,total_delivery_max,Total-delivery maximization,0.07371089543147208,0.0,False,135.45856324074074,0.25801631093474425,4.784283036565978,8,3,5,1.0173151330751335
independent_73,equal_proportional,Equal proportional allocation,0.07371089543147208,0.07371089543147208,True,38.69822010152284,0.07371089543147208,0.0,8,0,6,0.29062972462202413
independent_73,weighted_sum_balanced,"Weighted single objective (35), (a,b,c) = (1,1,1)",0.07371089543147208,0.07371089543147206,True,119.50700762372038,0.2276323954737531,0.27778910456852796,8,3,3,0.8975164393857281
independent_73,weighted_sum_efficiency,"Weighted single objective (35), (a,b,c) = (1,5,1)",0.07371089543147208,0.07371089543147206,True,124.07041051722591,0.23632459146138268,0.3839147532547029,8,3,3,0.9317883134615765
independent_73,weighted_sum_guarantee,"Weighted single objective (35), (a,b,c) = (5,1,1)",0.07371089543147208,0.07371089543147206,True,119.50700762372038,0.2276323954737531,0.27778910456852796,8,3,3,0.8975164393857281
independent_73,leximin,Full leximin (progressive filling),0.07371089543147208,0.07371089543147208,True,126.50725379161028,0.24096619769830535,2.470350734844925,8,4,4,0.9500893900465819
independent_74,three_stage,Three-stage lexicographic (proposed),0.1955952861163227,0.19559528611618685,True,67.05811028078016,0.28057786728359896,2.759051367777604,4,0,0,1.0
independent_74,total_delivery_max,Total-delivery maximization,0.1955952861163227,0.0,False,69.58555847944751,0.2911529643491528,4.750250912329017,4,1,3,1.0376904178791295
independent_74,equal_proportional,Equal proportional allocation,0.1955952861163227,0.1955952861163227,True,46.74727338180113,0.19559528611632268,0.0,4,0,3,0.6971158773497318
independent_74,weighted_sum_balanced,"Weighted single objective (35), (a,b,c) = (1,1,1)",0.1955952861163227,0.1955952861163227,True,57.54223620495806,0.24076249458141444,0.10011046724975164,4,1,2,0.8580951053350889
independent_74,weighted_sum_efficiency,"Weighted single objective (35), (a,b,c) = (1,5,1)",0.1955952861163227,0.1955952861163227,True,65.64905722885332,0.2746822478194699,0.7377225862023631,4,1,3,0.9789875818744822
independent_74,weighted_sum_guarantee,"Weighted single objective (35), (a,b,c) = (5,1,1)",0.1955952861163227,0.1955952861163227,True,57.54223620495806,0.24076249458141444,0.10011046724975164,4,1,2,0.8580951053350889
independent_74,leximin,Full leximin (progressive filling),0.1955952861163227,0.1955952861163227,True,65.56945655717914,0.2743491906158123,1.4576042182388846,4,3,1,0.9778005416888748
independent_75,three_stage,Three-stage lexicographic (proposed),0.1356859603960396,0.13568596039603958,True,51.574393883250835,0.3183604560694496,1.605325447408653,2,0,0,1.0
independent_75,total_delivery_max,Total-delivery maximization,0.1356859603960396,0.0,False,52.64951666666666,0.3249970164609054,1.8427046634615385,2,1,1,1.0208460575581284
independent_75,equal_proportional,Equal proportional allocation,0.1356859603960396,0.1356859603960396,True,21.981125584158416,0.13568596039603964,0.0,2,0,2,0.42620230562315825
independent_75,weighted_sum_balanced,"Weighted single objective (35), (a,b,c) = (1,1,1)",0.1356859603960396,0.13568596039603958,True,34.92046783902906,0.21555844345079667,0.21565570424784408,2,1,1,0.6770892532072924
independent_75,weighted_sum_efficiency,"Weighted single objective (35), (a,b,c) = (1,5,1)",0.1356859603960396,0.13568596039603958,True,50.20801154489295,0.3099259971906972,1.2412423791941694,2,1,1,0.9735065749594465
independent_75,weighted_sum_guarantee,"Weighted single objective (35), (a,b,c) = (5,1,1)",0.1356859603960396,0.13568596039603958,True,34.92046783902906,0.21555844345079667,0.21565570424784408,2,1,1,0.6770892532072924
independent_75,leximin,Full leximin (progressive filling),0.1356859603960396,0.1356859603960396,True,49.71078005736278,0.3068566670207579,1.3570619792728138,2,1,1,0.9638655215201031
independent_76,three_stage,Three-stage lexicographic (proposed),0.13262678062678063,0.13262678062678063,True,28.777048159614722,0.30613881020866723,1.1539190848946812,1,0,0,1.0
independent_76,total_delivery_max,Total-delivery maximization,0.13262678062678063,0.13262678062678063,True,28.777048159614722,0.30613881020866723,1.1539190848946812,1,0,0,1.0
independent_76,equal_proportional,Equal proportional allocation,0.13262678062678063,0.13262678062678063,True,12.46691737891738,0.13262678062678063,0.0,1,0,1,0.4332243289780244
independent_76,weighted_sum_balanced,"Weighted single objective (35), (a,b,c) = (1,1,1)",0.13262678062678063,0.13262678062678063,True,21.824584706079516,0.2321764330433991,0.2126742574355031,1,0,1,0.7584024805125014
independent_76,weighted_sum_efficiency,"Weighted single objective (35), (a,b,c) = (1,5,1)",0.13262678062678063,0.13262678062678063,True,25.942690119184928,0.275986065097712,0.5870474768087225,1,0,1,0.9015062967991453
independent_76,weighted_sum_guarantee,"Weighted single objective (35), (a,b,c) = (5,1,1)",0.13262678062678063,0.13262678062678063,True,21.824584706079516,0.2321764330433991,0.2126742574355031,1,0,1,0.7584024805125014
independent_76,leximin,Full leximin (progressive filling),0.13262678062678063,0.13262678062678063,True,28.777048159614722,0.30613881020866723,1.1539190848946812,1,0,0,1.0
independent_77,three_stage,Three-stage lexicographic (proposed),0.07545377873932016,0.07545377873932016,True,277.62682049670417,0.325853075700357,12.6488258760044,12,0,0,1.0
independent_77,total_delivery_max,Total-delivery maximization,0.07545377873932016,0.0,False,280.15186511007914,0.32881674308694736,14.455269926073669,12,5,7,1.009095103307589
independent_77,equal_proportional,Equal proportional allocation,0.07545377873932016,0.07545377873932016,True,64.28661948590077,0.07545377873932019,0.0,12,0,12,0.23155766928744534
independent_77,weighted_sum_balanced,"Weighted single objective (35), (a,b,c) = (1,1,1)",0.07545377873932016,0.07545377873931995,True,228.45414789026788,0.2681386712327088,0.7607693270058447,12,4,7,0.8228821245783778
independent_77,weighted_sum_efficiency,"Weighted single objective (35), (a,b,c) = (1,5,1)",0.07545377873932016,0.07545377873932017,True,266.27257592912355,0.3125264975693938,3.6655441652089498,12,4,5,0.9591024939619787
independent_77,weighted_sum_guarantee,"Weighted single objective (35), (a,b,c) = (5,1,1)",0.07545377873932016,0.07545377873931995,True,228.4541478902679,0.2681386712327088,0.7607693270058447,12,4,7,0.822882124578378
independent_77,leximin,Full leximin (progressive filling),0.07545377873932016,0.07545377873932016,True,270.3380316368851,0.31729815919822196,8.562419418969625,12,6,6,0.9737460925180836
independent_78,three_stage,Three-stage lexicographic (proposed),0.16176223539373413,0.16176223539373402,True,30.966595059085023,0.24576662745305572,1.8341444383962657,2,0,0,1.0
independent_78,total_delivery_max,Total-delivery maximization,0.16176223539373413,0.0,False,31.32236625,0.2485902083333333,1.9590985909090912,2,1,1,1.0114888701917715
independent_78,equal_proportional,Equal proportional allocation,0.16176223539373413,0.16176223539373413,True,20.3820416596105,0.16176223539373413,0.0,2,0,2,0.6581944711945587
independent_78,weighted_sum_balanced,"Weighted single objective (35), (a,b,c) = (1,1,1)",0.16176223539373413,0.16176223539373408,True,20.955763308063954,0.16631558181003137,0.013993210937889161,2,0,2,0.6767215855692188
independent_78,weighted_sum_efficiency,"Weighted single objective (35), (a,b,c) = (1,5,1)",0.16176223539373413,0.16176223539373408,True,21.2146377104149,0.16837014055884839,0.039647430990686044,2,0,2,0.6850813810797362
independent_78,weighted_sum_guarantee,"Weighted single objective (35), (a,b,c) = (5,1,1)",0.16176223539373413,0.1617622353937341,True,20.955763308063954,0.1663155818100314,0.013993210937889133,2,0,2,0.6767215855692188
independent_78,leximin,Full leximin (progressive filling),0.16176223539373413,0.16176223539373413,True,30.96051105432942,0.24571834170102713,1.827452033165101,2,1,1,0.9998035300702581
independent_79,three_stage,Three-stage lexicographic (proposed),0.36722689075630255,0.36722689075630255,True,101.6218294515605,0.5463539217825835,3.3857562199709155,4,0,0,1.0
independent_79,total_delivery_max,Total-delivery maximization,0.36722689075630255,0.0,False,103.24421150097466,0.5550764059192186,3.7584903684195634,4,2,2,1.015964897091205
independent_79,equal_proportional,Equal proportional allocation,0.36722689075630255,0.36722689075630255,True,68.30420168067228,0.3672268907563025,0.0,4,0,4,0.6721410355363702
independent_79,weighted_sum_balanced,"Weighted single objective (35), (a,b,c) = (1,1,1)",0.36722689075630255,0.3672268907563025,True,81.22528019692726,0.43669505482218957,0.20745572172541055,4,0,4,0.7992896864314418
independent_79,weighted_sum_efficiency,"Weighted single objective (35), (a,b,c) = (1,5,1)",0.36722689075630255,0.3672268907563025,True,100.2821074632949,0.5391511153940587,1.9162077420588268,4,2,2,0.986816592502852
independent_79,weighted_sum_guarantee,"Weighted single objective (35), (a,b,c) = (5,1,1)",0.36722689075630255,0.3672268907563025,True,81.22528019692726,0.43669505482218957,0.20745572172541055,4,0,4,0.7992896864314418
independent_79,leximin,Full leximin (progressive filling),0.36722689075630255,0.36722689075630255,True,100.77415800910249,0.5417965484360349,2.9050597391980695,4,1,3,0.9916585693543132
seasonal_supply_0,three_stage,Three-stage lexicographic (proposed),0.4514899573278399,0.45148995732775604,True,203.48330388496262,0.6092314487573733,1.6352017444933276,3,0,0,1.0
seasonal_supply_0,total_delivery_max,Total-delivery maximization,0.4514899573278399,0.0,False,207.57160053319572,0.6214718578838196,3.121065218306217,3,2,1,1.0200915582270296
seasonal_supply_0,equal_proportional,Equal proportional allocation,0.4514899573278399,0.4514899573278399,True,150.79764574749854,0.4514899573278399,0.0,3,0,3,0.7410811740738718
seasonal_supply_0,weighted_sum_balanced,"Weighted single objective (35), (a,b,c) = (1,1,1)",0.4514899573278399,0.45148995732783986,True,169.49739706416258,0.5074772367190497,0.09286544796821877,3,1,2,0.8329793837040622
seasonal_supply_0,weighted_sum_efficiency,"Weighted single objective (35), (a,b,c) = (1,5,1)",0.4514899573278399,0.45148995732783986,True,202.6234297487299,0.6066569752955985,0.9621545182828133,3,1,2,0.9957742275665091
seasonal_supply_0,weighted_sum_guarantee,"Weighted single objective (35), (a,b,c) = (5,1,1)",0.4514899573278399,0.45148995732783986,True,169.49739706416258,0.5074772367190497,0.09286544796821877,3,1,2,0.8329793837040622
seasonal_supply_0,leximin,Full leximin (progressive filling),0.4514899573278399,0.4514899573278399,True,202.76460272568818,0.6070796488793059,1.757152645220306,3,2,1,0.9964680091901753
seasonal_supply_1,three_stage,Three-stage lexicographic (proposed),0.40582767592675006,0.40582767592675006,True,146.32560636422016,0.5829705432837456,2.802452799966978,3,0,0,1.0
seasonal_supply_1,total_delivery_max,Total-delivery maximization,0.40582767592675006,0.0,False,149.66878106725147,0.5962899644113604,5.618200987987538,3,1,2,1.0228475028130741
seasonal_supply_1,equal_proportional,Equal proportional allocation,0.40582767592675006,0.40582767592675006,True,101.86274665761427,0.4058276759267501,0.0,3,0,3,0.6961375331947502
seasonal_supply_1,weighted_sum_balanced,"Weighted single objective (35), (a,b,c) = (1,1,1)",0.40582767592675006,0.40582767592675,True,145.5389867917831,0.5798366007640761,1.2109279505311827,3,1,2,0.9946241837503198
seasonal_supply_1,weighted_sum_efficiency,"Weighted single objective (35), (a,b,c) = (1,5,1)",0.40582767592675006,0.40582767592675,True,145.5389867917831,0.5798366007640761,1.2109279505311827,3,1,2,0.9946241837503198
seasonal_supply_1,weighted_sum_guarantee,"Weighted single objective (35), (a,b,c) = (5,1,1)",0.40582767592675006,0.40582767592675,True,145.5389867917831,0.5798366007640761,1.2109279505311827,3,1,2,0.9946241837503198
seasonal_supply_1,leximin,Full leximin (progressive filling),0.40582767592675006,0.40582767592675006,True,143.82445874985999,0.5730058117524303,2.001523503320777,3,2,1,0.9829069724943797
seasonal_supply_2,three_stage,Three-stage lexicographic (proposed),0.3620604946524064,0.3620604946524064,True,37.98209038440744,0.6782516140072757,0.8408718623437018,1,0,0,1.0
seasonal_supply_2,total_delivery_max,Total-delivery maximization,0.3620604946524064,0.3620604946524064,True,37.982090384407435,0.6782516140072757,0.8408718623437009,1,0,0,0.9999999999999998
seasonal_supply_2,equal_proportional,Equal proportional allocation,0.3620604946524064,0.3620604946524064,True,20.275387700534758,0.36206049465240636,0.0,1,0,1,0.5338144239912158
seasonal_supply_2,weighted_sum_balanced,"Weighted single objective (35), (a,b,c) = (1,1,1)",0.3620604946524064,0.3620604946524064,True,35.06563074448529,0.6261719775800945,0.43500714835148646,1,0,1,0.9232148728412424
seasonal_supply_2,weighted_sum_efficiency,"Weighted single objective (35), (a,b,c) = (1,5,1)",0.3620604946524064,0.3620604946524064,True,37.68384819690744,0.6729258606590615,0.7215749873437011,1,0,1,0.9921478206048807
seasonal_supply_2,weighted_sum_guarantee,"Weighted single objective (35), (a,b,c) = (5,1,1)",0.3620604946524064,0.3620604946524064,True,35.06563074448529,0.6261719775800945,0.43500714835148646,1,0,1,0.9232148728412424
seasonal_supply_2,leximin,Full leximin (progressive filling),0.3620604946524064,0.3620604946524064,True,37.98209038440744,0.6782516140072757,0.8408718623437008,1,0,0,1.0
seasonal_supply_3,three_stage,Three-stage lexicographic (proposed),0.613139725245523,0.613139725244749,True,705.0795146751557,0.7573356763428095,3.7584284527226215,9,0,0,1.0
seasonal_supply_3,total_delivery_max,Total-delivery maximization,0.613139725245523,0.0,False,721.9562003794027,0.7754631583022585,8.470550410346162,9,4,4,1.0239358616340208
seasonal_supply_3,equal_proportional,Equal proportional allocation,0.613139725245523,0.613139725245523,True,570.8330842035818,0.6131397252455228,0.0,9,0,9,0.8096010057341918
seasonal_supply_3,weighted_sum_balanced,"Weighted single objective (35), (a,b,c) = (1,1,1)",0.613139725245523,0.613139725245523,True,694.63987218011,0.746122311686477,0.8887052166293774,9,2,6,0.9851936664195167
seasonal_supply_3,weighted_sum_efficiency,"Weighted single objective (35), (a,b,c) = (1,5,1)",0.613139725245523,0.613139725245523,True,699.6447726178905,0.7514981445949417,1.3294421981709985,9,3,5,0.9922920153767776
seasonal_supply_3,weighted_sum_guarantee,"Weighted single objective (35), (a,b,c) = (5,1,1)",0.613139725245523,0.613139725245523,True,694.63987218011,0.746122311686477,0.8887052166293774,9,2,6,0.9851936664195167
seasonal_supply_3,leximin,Full leximin (progressive filling),0.613139725245523,0.613139725245523,True,696.3057356374811,0.7479116387083575,3.6207667540268726,9,5,4,0.9875563268325604
seasonal_supply_4,three_stage,Three-stage lexicographic (proposed),0.4898689665995168,0.4898689665995168,True,410.03276448374123,0.6386803185105003,4.043527011635495,6,0,0,1.0
seasonal_supply_4,total_delivery_max,Total-delivery maximization,0.4898689665995168,0.0,False,424.2902281344028,0.6608882058168267,11.722262378110434,6,3,3,1.0347715228772332
seasonal_supply_4,equal_proportional,Equal proportional allocation,0.4898689665995168,0.4898689665995168,True,314.49587655688975,0.4898689665995167,0.0,6,0,6,0.7670018198493508
seasonal_supply_4,weighted_sum_balanced,"Weighted single objective (35), (a,b,c) = (1,1,1)",0.4898689665995168,0.48986896659951673,True,403.53633574401135,0.6285612706293012,1.583813180254061,6,3,3,0.98415631797642
seasonal_supply_4,weighted_sum_efficiency,"Weighted single objective (35), (a,b,c) = (1,5,1)",0.4898689665995168,0.48986896659951673,True,408.4893029642375,0.6362761728414916,1.9255022296902515,6,2,4,0.9962357605216083
seasonal_supply_4,weighted_sum_guarantee,"Weighted single objective (35), (a,b,c) = (5,1,1)",0.4898689665995168,0.48986896659951673,True,403.53633574401135,0.6285612706293012,1.583813180254061,6,3,3,0.98415631797642
seasonal_supply_4,leximin,Full leximin (progressive filling),0.4898689665995168,0.4898689665995168,True,404.0749799225819,0.629400280253243,2.5045700587947195,6,3,3,0.9854699792865076
seasonal_supply_5,three_stage,Three-stage lexicographic (proposed),0.5768275943328133,0.5768275943328133,True,414.3873622446732,0.7071456693595107,1.9025399307526256,9,0,0,1.0
seasonal_supply_5,total_delivery_max,Total-delivery maximization,0.5768275943328133,0.0,False,425.466675055375,0.7260523465108788,4.631264473352786,9,6,3,1.026736608835479
seasonal_supply_5,equal_proportional,Equal proportional allocation,0.5768275943328133,0.5768275943328133,True,338.0209702790286,0.5768275943328133,0.0,9,0,9,0.8157125459811816
seasonal_supply_5,weighted_sum_balanced,"Weighted single objective (35), (a,b,c) = (1,1,1)",0.5768275943328133,0.5543097738524473,False,410.57639296282326,0.7006423088102787,0.5287358054160468,9,3,6,0.9908033650900777
seasonal_supply_5,weighted_sum_efficiency,"Weighted single objective (35), (a,b,c) = (1,5,1)",0.5768275943328133,0.5415871448154095,False,414.80577835797084,0.707859690030667,0.586291977229185,9,3,6,1.0010097221860992
seasonal_supply_5,weighted_sum_guarantee,"Weighted single objective (35), (a,b,c) = (5,1,1)",0.5768275943328133,0.5768275943328133,True,406.904060468185,0.6943755298091895,0.9043844944032745,9,2,4,0.9819412886147099
seasonal_supply_5,leximin,Full leximin (progressive filling),0.5768275943328133,0.5768275943328133,True,410.60568852520623,0.7006923012375534,1.4731907290982034,9,3,6,0.9908740611707311
seasonal_supply_6,three_stage,Three-stage lexicographic (proposed),0.6794083570956349,0.6794083570956349,True,492.5477025351991,0.8448502616384206,2.6552743133367187,7,0,0,1.0
seasonal_supply_6,total_delivery_max,Total-delivery maximization,0.6794083570956349,0.0,False,497.9052612632474,0.8540398992508532,6.99433447010537,7,4,2,1.0108772382867128
seasonal_supply_6,equal_proportional,Equal proportional allocation,0.6794083570956349,0.6794083570956349,True,396.09507218675515,0.679408357095635,0.0,7,0,7,0.8041760628422561
seasonal_supply_6,weighted_sum_balanced,"Weighted single objective (35), (a,b,c) = (1,1,1)",0.6794083570956349,0.679408357095635,True,486.18132384288174,0.8339302295761267,1.6029582145218253,7,2,4,0.9870745946848419
seasonal_supply_6,weighted_sum_efficiency,"Weighted single objective (35), (a,b,c) = (1,5,1)",0.6794083570956349,0.679408357095635,True,488.65830994538936,0.8381789192888326,1.7063829065143472,7,2,4,0.992103520999508
seasonal_supply_6,weighted_sum_guarantee,"Weighted single objective (35), (a,b,c) = (5,1,1)",0.6794083570956349,0.679408357095635,True,486.18132384288174,0.8339302295761267,1.6029582145218253,7,2,4,0.9870745946848419
seasonal_supply_6,leximin,Full leximin (progressive filling),0.6794083570956349,0.6794083570956349,True,491.2080751678456,0.8425524445417594,2.9615080719480167,7,3,4,0.9972802078652315
seasonal_supply_7,three_stage,Three-stage lexicographic (proposed),0.6019675344047793,0.6019675344047765,True,601.6569490507716,0.7240155824919031,4.734689739546882,12,0,0,1.0
seasonal_supply_7,total_delivery_max,Total-delivery maximization,0.6019675344047793,0.0,False,627.7316557705735,0.7553930875698839,12.883875823907092,12,7,5,1.043338162653884
seasonal_supply_7,equal_proportional,Equal proportional allocation,0.6019675344047793,0.6019675344047793,True,500.2350210903716,0.6019675344047792,0.0,12,0,11,0.8314289760628338
seasonal_supply_7,weighted_sum_balanced,"Weighted single objective (35), (a,b,c) = (1,1,1)",0.6019675344047793,0.5977256341765694,False,591.6898762672075,0.712021511753559,0.7508133386520751,12,4,8,0.9834339604997682
seasonal_supply_7,weighted_sum_efficiency,"Weighted single objective (35), (a,b,c) = (1,5,1)",0.6019675344047793,0.5991354648520535,False,596.433565828446,0.7177299227779136,1.2231334939507266,12,3,9,0.9913183364198379
seasonal_supply_7,weighted_sum_guarantee,"Weighted single objective (35), (a,b,c) = (5,1,1)",0.6019675344047793,0.5991354648520536,False,592.1203277425468,0.7125395039019818,0.8807231798763546,12,4,8,0.9841494038699784
seasonal_supply_7,leximin,Full leximin (progressive filling),0.6019675344047793,0.6019675344047793,True,591.8876708634406,0.7122595317249583,2.7248827431141573,12,6,6,0.9837627102907331
seasonal_supply_8,three_stage,Three-stage lexicographic (proposed),0.6478579087070961,0.6478579087070961,True,145.5266663232086,0.8040147310674508,1.3585564034800452,3,0,0,1.0
seasonal_supply_8,total_delivery_max,Total-delivery maximization,0.6478579087070961,0.09661131434098993,False,146.29029788043118,0.8082336899471336,2.2089314243024774,3,2,1,1.0052473651497424
seasonal_supply_8,equal_proportional,Equal proportional allocation,0.6478579087070961,0.6478579087070961,True,117.26228147598441,0.6478579087070961,0.0,3,0,3,0.8057786551335535
seasonal_supply_8,weighted_sum_balanced,"Weighted single objective (35), (a,b,c) = (1,1,1)",0.6478579087070961,0.5849295228053196,False,135.34224750858516,0.7477472238043379,0.0,3,1,2,0.9300168204773944
seasonal_supply_8,weighted_sum_efficiency,"Weighted single objective (35), (a,b,c) = (1,5,1)",0.6478579087070961,0.5849295228053196,False,145.16478321261476,0.8020153768652749,0.45692078683336035,3,1,2,0.9975132866041877
seasonal_supply_8,weighted_sum_guarantee,"Weighted single objective (35), (a,b,c) = (5,1,1)",0.6478579087070961,0.6478579087070963,True,117.26228147598442,0.6478579087070961,0.0,3,0,3,0.8057786551335536
seasonal_supply_8,leximin,Full leximin (progressive filling),0.6478579087070961,0.6478579087070961,True,145.13680478532885,0.8018607999189439,1.2813836284221245,3,1,2,0.9973210302432554
seasonal_supply_9,three_stage,Three-stage lexicographic (proposed),0.7173572362278244,0.7173572362278134,True,104.46071757334514,0.8097730044445359,0.5142306247215725,2,0,0,1.0
seasonal_supply_9,total_delivery_max,Total-delivery maximization,0.7173572362278244,0.4278049535603716,False,104.73418361808662,0.8118928962642372,1.0772489521304873,2,1,1,1.0026178840342492
seasonal_supply_9,equal_proportional,Equal proportional allocation,0.7173572362278244,0.7173572362278244,True,92.53908347338935,0.7173572362278244,0.0,2,0,2,0.8858744762921504
seasonal_supply_9,weighted_sum_balanced,"Weighted single objective (35), (a,b,c) = (1,1,1)",0.7173572362278244,0.7173572362278245,True,97.94880458314906,0.7592930587841014,0.013653211423888423,2,0,2,0.9376616096321198
seasonal_supply_9,weighted_sum_efficiency,"Weighted single objective (35), (a,b,c) = (1,5,1)",0.7173572362278244,0.7173572362278245,True,104.00526280625311,0.8062423473352954,0.25825216662577977,2,1,1,0.9956399421938469
seasonal_supply_9,weighted_sum_guarantee,"Weighted single objective (35), (a,b,c) = (5,1,1)",0.7173572362278244,0.7173572362278245,True,97.94880458314906,0.7592930587841014,0.013653211423888423,2,0,2,0.9376616096321198
seasonal_supply_9,leximin,Full leximin (progressive filling),0.7173572362278244,0.7173572362278244,True,104.23362873086856,0.8080126258206867,0.3867808793750698,2,1,1,0.997826083835609
seasonal_supply_10,three_stage,Three-stage lexicographic (proposed),0.42387408243958064,0.42387408243958064,True,171.56173727038455,0.604090624191495,0.9010682195471248,4,0,0,1.0
seasonal_supply_10,total_delivery_max,Total-delivery maximization,0.42387408243958064,0.0,False,175.32635272391505,0.6173463124081516,2.1709657478608246,4,2,2,1.0219432113093923
seasonal_supply_10,equal_proportional,Equal proportional allocation,0.42387408243958064,0.42387408243958064,True,120.3802394128409,0.42387408243958064,0.0,4,0,2,0.7016730031307584
seasonal_supply_10,weighted_sum_balanced,"Weighted single objective (35), (a,b,c) = (1,1,1)",0.42387408243958064,0.4238740824395807,True,171.16389531366193,0.602689772231204,0.8257331579480417,4,1,1,0.9976810566094022
seasonal_supply_10,weighted_sum_efficiency,"Weighted single objective (35), (a,b,c) = (1,5,1)",0.42387408243958064,0.4238740824395807,True,171.1638953136619,0.6026897722312039,0.8257331579480417,4,1,1,0.9976810566094021
seasonal_supply_10,weighted_sum_guarantee,"Weighted single objective (35), (a,b,c) = (5,1,1)",0.42387408243958064,0.4238740824395807,True,171.16389531366193,0.602689772231204,0.8257331579480417,4,1,1,0.9976810566094022
seasonal_supply_10,leximin,Full leximin (progressive filling),0.42387408243958064,0.42387408243958064,True,170.22113735104293,0.599370201940292,1.2616584584661572,4,2,2,0.9921859037995819
seasonal_supply_11,three_stage,Three-stage lexicographic (proposed),0.6649990681241007,0.6649990681241007,True,400.15797085530517,0.7493594959837175,1.9752843482668818,9,0,0,1.0
seasonal_supply_11,total_delivery_max,Total-delivery maximization,0.6649990681241007,0.0,False,409.3544231927236,0.7665813168403064,6.028492150637202,9,5,4,1.022982054606489
seasonal_supply_11,equal_proportional,Equal proportional allocation,0.6649990681241007,0.6649990681241007,True,355.1095023782698,0.6649990681241006,0.0,9,0,5,0.8874232884059564
seasonal_supply_11,weighted_sum_balanced,"Weighted single objective (35), (a,b,c) = (1,1,1)",0.6649990681241007,0.6649990681241007,True,373.99005086072236,0.7003559004882441,0.2291380364512875,9,2,5,0.9346060258686063
seasonal_supply_11,weighted_sum_efficiency,"Weighted single objective (35), (a,b,c) = (1,5,1)",0.6649990681241007,0.6649990681241007,True,397.0667366101823,0.7435706678093302,1.009385449718123,9,3,4,0.9922749652130742
seasonal_supply_11,weighted_sum_guarantee,"Weighted single objective (35), (a,b,c) = (5,1,1)",0.6649990681241007,0.6649990681241007,True,373.99005086072236,0.7003559004882441,0.2291380364512875,9,2,5,0.9346060258686063
seasonal_supply_11,leximin,Full leximin (progressive filling),0.6649990681241007,0.6649990681241007,True,396.9201952736197,0.7432962458307484,1.9671441316827911,9,5,4,0.9919087564974278
seasonal_supply_12,three_stage,Three-stage lexicographic (proposed),0.7864652650702794,0.7864652650702578,True,614.1800038720518,0.9153204230581992,2.5254134979516465,8,0,0,1.0
seasonal_supply_12,total_delivery_max,Total-delivery maximization,0.7864652650702794,0.0,False,616.0266716519393,0.9180725359939482,3.0738021536756337,8,5,3,1.0030067207793243
seasonal_supply_12,equal_proportional,Equal proportional allocation,0.7864652650702794,0.7864652650702794,True,527.7181928621575,0.7864652650702794,0.0,8,0,8,0.859223988953072
seasonal_supply_12,weighted_sum_balanced,"Weighted single objective (35), (a,b,c) = (1,1,1)",0.7864652650702794,0.7791469079583375,False,606.1467895867676,0.9033484196524106,0.7943403666871376,8,3,5,0.9869204235979039
seasonal_supply_12,weighted_sum_efficiency,"Weighted single objective (35), (a,b,c) = (1,5,1)",0.7864652650702794,0.779270307495006,False,612.7501685314568,0.9131895209112622,1.1276521079241513,8,2,6,0.9976719604487598
seasonal_supply_12,weighted_sum_guarantee,"Weighted single objective (35), (a,b,c) = (5,1,1)",0.7864652650702794,0.785576594412817,False,607.882505118749,0.905935179014529,1.0711222727983862,8,2,6,0.9897464933511337
seasonal_supply_12,leximin,Full leximin (progressive filling),0.7864652650702794,0.7864652650702794,True,613.4506640358466,0.9142334784438846,2.801585335089511,8,2,5,0.9988124982389411
seasonal_supply_13,three_stage,Three-stage lexicographic (proposed),0.7148901867669882,0.7148901867669882,True,199.32838948594627,0.7579026216195677,0.5482991163104305,5,0,0,1.0
seasonal_supply_13,total_delivery_max,Total-delivery maximization,0.7148901867669882,0.0,False,202.9706510445973,0.7717515248844004,3.6125812905043775,5,4,1,1.018272668374255
seasonal_supply_13,equal_proportional,Equal proportional allocation,0.7148901867669882,0.7148901867669882,True,188.0161191197179,0.7148901867669882,0.0,5,0,2,0.9432480722118816
seasonal_supply_13,weighted_sum_balanced,"Weighted single objective (35), (a,b,c) = (1,1,1)",0.7148901867669882,0.7148901867669885,True,198.5708086051333,0.755022085951077,0.22252580127363075,5,1,1,0.9961993327555261
seasonal_supply_13,weighted_sum_efficiency,"Weighted single objective (35), (a,b,c) = (1,5,1)",0.7148901867669882,0.7148901867669885,True,198.5708086051333,0.755022085951077,0.22252580127363075,5,1,1,0.9961993327555261
seasonal_supply_13,weighted_sum_guarantee,"Weighted single objective (35), (a,b,c) = (5,1,1)",0.7148901867669882,0.7148901867669885,True,198.5708086051333,0.755022085951077,0.22252580127363075,5,1,1,0.9961993327555261
seasonal_supply_13,leximin,Full leximin (progressive filling),0.7148901867669882,0.7148901867669882,True,198.31147970617437,0.7540360445101688,0.40962077880729086,5,3,2,0.9948983193894535
seasonal_supply_14,three_stage,Three-stage lexicographic (proposed),0.5421251659536996,0.5421251659536996,True,580.7386472237013,0.7503083297463842,3.988133936486145,8,0,0,1.0
seasonal_supply_14,total_delivery_max,Total-delivery maximization,0.5421251659536996,0.0,False,590.4753761782664,0.7628880829176569,7.034410582922982,8,5,3,1.0167661115737912
seasonal_supply_14,equal_proportional,Equal proportional allocation,0.5421251659536996,0.5421251659536996,True,419.6048784481635,0.5421251659536996,0.0,8,0,8,0.7225365152709239
seasonal_supply_14,weighted_sum_balanced,"Weighted single objective (35), (a,b,c) = (1,1,1)",0.5421251659536996,0.5421251659536988,True,573.8160942367582,0.741364462838189,1.865929335851946,8,4,4,0.9880797446148327
seasonal_supply_14,weighted_sum_efficiency,"Weighted single objective (35), (a,b,c) = (1,5,1)",0.5421251659536996,0.5421251659536995,True,580.0330249579832,0.7493966730723299,2.3420483255609343,8,2,3,0.9987849572796793
seasonal_supply_14,weighted_sum_guarantee,"Weighted single objective (35), (a,b,c) = (5,1,1)",0.5421251659536996,0.5421251659536988,True,573.8160942367582,0.741364462838189,1.865929335851946,8,4,4,0.9880797446148327
seasonal_supply_14,leximin,Full leximin (progressive filling),0.5421251659536996,0.5421251659536996,True,575.0667578160702,0.7429803072559047,3.357612878645993,8,4,4,0.9902333184906046
seasonal_supply_15,three_stage,Three-stage lexicographic (proposed),0.6548199826344692,0.654819982634469,True,342.55124928204674,0.8395863952991341,2.920654861688771,5,0,0,1.0
seasonal_supply_15,total_delivery_max,Total-delivery maximization,0.6548199826344692,0.0,False,348.1468137158807,0.8533010140095115,4.196180246098693,5,3,2,1.0163349701557407
seasonal_supply_15,equal_proportional,Equal proportional allocation,0.6548199826344692,0.6548199826344692,True,267.1665529148634,0.6548199826344692,0.0,5,0,5,0.7799316262159833
seasonal_supply_15,weighted_sum_balanced,"Weighted single objective (35), (a,b,c) = (1,1,1)",0.6548199826344692,0.6548199826344693,True,308.0109816869735,0.7549288766837584,0.5752646839838504,5,0,5,0.8991675912218501
seasonal_supply_15,weighted_sum_efficiency,"Weighted single objective (35), (a,b,c) = (1,5,1)",0.6548199826344692,0.6548199826344693,True,340.5965204191506,0.8347953931841926,2.339795954097962,5,2,2,0.9942936163070691
seasonal_supply_15,weighted_sum_guarantee,"Weighted single objective (35), (a,b,c) = (5,1,1)",0.6548199826344692,0.6548199826344693,True,308.0109816869735,0.7549288766837584,0.5752646839838504,5,0,5,0.8991675912218501
seasonal_supply_15,leximin,Full leximin (progressive filling),0.6548199826344692,0.6548199826344692,True,340.31077260768143,0.83409503090118,2.886763623553192,5,2,3,0.9934594409477089
seasonal_supply_16,three_stage,Three-stage lexicographic (proposed),0.5158422826969943,0.5158422826969943,True,263.09100474352846,0.6512153582760606,3.6933517545629346,4,0,0,1.0
seasonal_supply_16,total_delivery_max,Total-delivery maximization,0.5158422826969943,0.0,False,269.6959835768189,0.6675643157842052,6.099752699282328,4,2,2,1.0251053008814544
seasonal_supply_16,equal_proportional,Equal proportional allocation,0.5158422826969943,0.5158422826969943,True,208.4002822095857,0.5158422826969944,0.0,4,0,4,0.7921224156361505
seasonal_supply_16,weighted_sum_balanced,"Weighted single objective (35), (a,b,c) = (1,1,1)",0.5158422826969943,0.5158422826969943,True,251.83229413348138,0.6233472627066371,0.8689642081557799,4,2,2,0.9572060222240494
seasonal_supply_16,weighted_sum_efficiency,"Weighted single objective (35), (a,b,c) = (1,5,1)",0.5158422826969943,0.5158422826969943,True,260.9497066256796,0.6459151154100978,2.127569911389064,4,1,2,0.9918609983646675
seasonal_supply_16,weighted_sum_guarantee,"Weighted single objective (35), (a,b,c) = (5,1,1)",0.5158422826969943,0.5158422826969943,True,251.8322941334816,0.6233472627066378,0.8689642081557843,4,2,2,0.9572060222240503
seasonal_supply_16,leximin,Full leximin (progressive filling),0.5158422826969943,0.5158422826969943,True,260.3360634933067,0.6443961967656107,3.595588329649976,4,2,2,0.9895285615982676
seasonal_supply_17,three_stage,Three-stage lexicographic (proposed),0.6424606612090517,0.6424606612090515,True,787.2482647147236,0.8339494329605125,6.550955631660663,12,0,0,1.0
seasonal_supply_17,total_delivery_max,Total-delivery maximization,0.6424606612090517,0.0,False,799.3077113722271,0.8467242705214271,8.391088228029716,12,8,4,1.0153184798214494
seasonal_supply_17,equal_proportional,Equal proportional allocation,0.6424606612090517,0.6424606612090517,True,606.4828641813448,0.6424606612090517,0.0,12,0,12,0.7703832340629126
seasonal_supply_17,weighted_sum_balanced,"Weighted single objective (35), (a,b,c) = (1,1,1)",0.6424606612090517,0.6424606612090517,True,756.3813642844927,0.8012514452166238,3.3184152960295608,12,2,8,0.9607914023901771
seasonal_supply_17,weighted_sum_efficiency,"Weighted single objective (35), (a,b,c) = (1,5,1)",0.6424606612090517,0.6424606612090517,True,784.9406537323603,0.8315049298012291,5.093878618620508,12,2,5,0.997068763329444
seasonal_supply_17,weighted_sum_guarantee,"Weighted single objective (35), (a,b,c) = (5,1,1)",0.6424606612090517,0.6424606612090517,True,756.3813642844927,0.8012514452166238,3.3184152960295608,12,2,8,0.9607914023901771
seasonal_supply_17,leximin,Full leximin (progressive filling),0.6424606612090517,0.6424606612090517,True,779.7507787740923,0.8260071809047588,6.190786775818967,12,5,7,0.9904763385622092
seasonal_supply_18,three_stage,Three-stage lexicographic (proposed),0.5911246740502614,0.5911246740502614,True,608.2667884450447,0.6773572254399163,3.95613710411579,10,0,0,1.0
seasonal_supply_18,total_delivery_max,Total-delivery maximization,0.5911246740502614,0.0,False,631.743481969543,0.7035005367144131,13.23755089640278,10,5,5,1.0385960469492566
seasonal_supply_18,equal_proportional,Equal proportional allocation,0.5911246740502614,0.5911246740502614,True,530.8299572971347,0.5911246740502614,0.0,10,0,9,0.8726926529297001
seasonal_supply_18,weighted_sum_balanced,"Weighted single objective (35), (a,b,c) = (1,1,1)",0.5911246740502614,0.5906353825493176,False,601.5968421760192,0.6699296683474601,0.31790402394377126,10,4,6,0.9890345052603048
seasonal_supply_18,weighted_sum_efficiency,"Weighted single objective (35), (a,b,c) = (1,5,1)",0.5911246740502614,0.590635382549315,False,603.3997827265846,0.6719373972456398,0.4730370223031761,10,4,6,0.9919985673870146
seasonal_supply_18,weighted_sum_guarantee,"Weighted single objective (35), (a,b,c) = (5,1,1)",0.5911246740502614,0.5906353825493177,False,601.5968421760193,0.6699296683474601,0.31790402394377204,10,4,6,0.989034505260305
seasonal_supply_18,leximin,Full leximin (progressive filling),0.5911246740502614,0.5911246740502614,True,602.7780753353862,0.6712450727565549,2.036703093205695,10,2,8,0.990976470828385
seasonal_supply_19,three_stage,Three-stage lexicographic (proposed),0.4789259494801886,0.4789259494801886,True,407.54685487938445,0.6499949838586672,4.992736302137255,6,0,0,1.0
seasonal_supply_19,total_delivery_max,Total-delivery maximization,0.4789259494801886,0.0,False,419.8236536823323,0.6695752052349796,9.799187570479404,6,3,3,1.0301236499704585
seasonal_supply_19,equal_proportional,Equal proportional allocation,0.4789259494801886,0.4789259494801886,True,300.28657032407824,0.4789259494801885,0.0,6,0,6,0.7368148391500888
seasonal_supply_19,weighted_sum_balanced,"Weighted single objective (35), (a,b,c) = (1,1,1)",0.4789259494801886,0.47892594948018863,True,363.12372739839026,0.5791447007948806,0.9839165936984426,6,2,4,0.8909987233390835
seasonal_supply_19,weighted_sum_efficiency,"Weighted single objective (35), (a,b,c) = (1,5,1)",0.4789259494801886,0.4789259494801885,True,406.0552727537293,0.6476160649979733,3.6302855932423648,6,2,2,0.9963400965857125
seasonal_supply_19,weighted_sum_guarantee,"Weighted single objective (35), (a,b,c) = (5,1,1)",0.4789259494801886,0.47892594948018863,True,363.12372739839026,0.5791447007948806,0.9839165936984426,6,2,4,0.8909987233390835
seasonal_supply_19,leximin,Full leximin (progressive filling),0.4789259494801886,0.4789259494801886,True,400.6866432724493,0.6390536575318171,5.685043565850817,6,3,3,0.9831670603642237
seasonal_supply_20,three_stage,Three-stage lexicographic (proposed),0.6787753583097049,0.6787753583093117,True,746.7587106898212,0.8703481476571342,4.667594230289632,11,0,0,1.0
seasonal_supply_20,total_delivery_max,Total-delivery maximization,0.6787753583097049,0.0,False,754.8220136429632,0.8797459366468102,3.3137743103987143,11,7,4,1.0107977353832183
seasonal_supply_20,equal_proportional,Equal proportional allocation,0.6787753583097049,0.6787753583097049,True,582.3892574297269,0.6787753583097049,0.0,11,0,11,0.7798894731227742
seasonal_supply_20,weighted_sum_balanced,"Weighted single objective (35), (a,b,c) = (1,1,1)",0.6787753583097049,0.6787753583097049,True,740.7858810705201,0.8633868077744988,2.122887130175908,11,5,2,0.9920016605982624
seasonal_supply_20,weighted_sum_efficiency,"Weighted single objective (35), (a,b,c) = (1,5,1)",0.6787753583097049,0.6787753583097049,True,741.9712720238998,0.8647683823122374,2.1795802957911103,11,5,2,0.9935890420863
seasonal_supply_20,weighted_sum_guarantee,"Weighted single objective (35), (a,b,c) = (5,1,1)",0.6787753583097049,0.6787753583097049,True,740.7858810705201,0.8633868077744989,2.1228871301759087,11,5,2,0.9920016605982624
seasonal_supply_20,leximin,Full leximin (progressive filling),0.6787753583097049,0.6787753583097049,True,741.8728774272628,0.8646537032951779,5.1568734946886075,11,4,7,0.9934572798514193
seasonal_supply_21,three_stage,Three-stage lexicographic (proposed),0.5576597238706474,0.5576597238706474,True,199.83668263869356,0.7930027088837046,1.9972518820309304,3,0,0,1.0
seasonal_supply_21,total_delivery_max,Total-delivery maximization,0.5576597238706474,0.0,False,202.4879698714856,0.8035236899662127,3.4494560400602245,3,1,2,1.013267270041635
seasonal_supply_21,equal_proportional,Equal proportional allocation,0.5576597238706474,0.5576597238706474,True,140.53025041540315,0.5576597238706474,0.0,3,0,3,0.7032254967396704
seasonal_supply_21,weighted_sum_balanced,"Weighted single objective (35), (a,b,c) = (1,1,1)",0.5576597238706474,0.5576597238706474,True,193.27562450035714,0.7669667638903062,0.7325746400688056,3,1,1,0.9671678990478496
seasonal_supply_21,weighted_sum_efficiency,"Weighted single objective (35), (a,b,c) = (1,5,1)",0.5576597238706474,0.5576597238706473,True,198.23028900432908,0.7866281309695597,0.9816936845051152,3,1,1,0.991961467668732
seasonal_supply_21,weighted_sum_guarantee,"Weighted single objective (35), (a,b,c) = (5,1,1)",0.5576597238706474,0.5576597238706474,True,193.27562450035714,0.7669667638903062,0.7325746400688056,3,1,1,0.9671678990478496
seasonal_supply_21,leximin,Full leximin (progressive filling),0.5576597238706474,0.5576597238706474,True,197.98765395122786,0.7856652934572534,1.1695584401496428,3,1,2,0.9907473009306866
seasonal_supply_22,three_stage,Three-stage lexicographic (proposed),0.39764176152785446,0.3976417615278544,True,288.68867517143406,0.628951362029268,5.000289019906308,5,0,0,1.0
seasonal_supply_22,total_delivery_max,Total-delivery maximization,0.39764176152785446,0.0,False,293.8802272352654,0.6402619329744346,9.447972971171838,5,4,1,1.017983220369654
seasonal_supply_22,equal_proportional,Equal proportional allocation,0.39764176152785446,0.39764176152785446,True,182.5175685412852,0.3976417615278544,0.0,5,0,5,0.6322297486484341
seasonal_supply_22,weighted_sum_balanced,"Weighted single objective (35), (a,b,c) = (1,1,1)",0.39764176152785446,0.39764176152785446,True,250.58009142956274,0.5459261251188731,0.791433486864013,5,2,3,0.8679941853651134
seasonal_supply_22,weighted_sum_efficiency,"Weighted single objective (35), (a,b,c) = (1,5,1)",0.39764176152785446,0.3976417615278544,True,287.4476469187241,0.6262475967728193,3.2597274919352732,5,2,2,0.9957011536667554
seasonal_supply_22,weighted_sum_guarantee,"Weighted single objective (35), (a,b,c) = (5,1,1)",0.39764176152785446,0.39764176152785446,True,250.58009142956274,0.5459261251188731,0.791433486864013,5,2,3,0.8679941853651134
seasonal_supply_22,leximin,Full leximin (progressive filling),0.39764176152785446,0.39764176152785446,True,286.3318622774482,0.6238166934149197,4.898459188723473,5,1,4,0.9918361435806711
seasonal_supply_23,three_stage,Three-stage lexicographic (proposed),0.8474329903253954,0.8474329903253954,True,289.86116188748707,0.935036006088668,0.9111298816327915,3,0,0,1.0
seasonal_supply_23,total_delivery_max,Total-delivery maximization,0.8474329903253954,0.6062756994876963,False,290.70474071021056,0.9377572280974534,0.950551563292312,3,2,1,1.0029102857976224
seasonal_supply_23,equal_proportional,Equal proportional allocation,0.8474329903253954,0.8474329903253954,True,262.7042270008726,0.8474329903253955,0.0,3,0,3,0.9063105429172476
seasonal_supply_23,weighted_sum_balanced,"Weighted single objective (35), (a,b,c) = (1,1,1)",0.8474329903253954,0.832816449870346,False,282.36861195362616,0.9108664901729874,0.18274934826809563,3,1,2,0.9741512457720388
seasonal_supply_23,weighted_sum_efficiency,"Weighted single objective (35), (a,b,c) = (1,5,1)",0.8474329903253954,0.832816449870346,False,289.7109389279501,0.9345514158966133,0.5874490869620452,3,1,2,0.9994817416774335
seasonal_supply_23,weighted_sum_guarantee,"Weighted single objective (35), (a,b,c) = (5,1,1)",0.8474329903253954,0.8474329903253954,True,282.41188164222564,0.9110060698136311,0.4460133360866083,3,0,3,0.9743005230616133
seasonal_supply_23,leximin,Full leximin (progressive filling),0.8474329903253954,0.8474329903253954,True,289.4315201229054,0.9336500649125983,0.9701164230401319,3,1,2,0.9985177670517017
seasonal_supply_24,three_stage,Three-stage lexicographic (proposed),0.6067911226357734,0.6067911226357734,True,1285.762568180788,0.7671614368620453,11.864836183239028,19,0,0,1.0
seasonal_supply_24,total_delivery_max,Total-delivery maximization,0.6067911226357734,0.0,False,1312.0658599782228,0.7828555250466723,23.807505283726794,19,11,8,1.020457347607071
seasonal_supply_24,equal_proportional,Equal proportional allocation,0.6067911226357734,0.6067911226357734,True,1016.9819215375562,0.6067911226357734,0.0,19,0,19,0.7909562361707833
seasonal_supply_24,weighted_sum_balanced,"Weighted single objective (35), (a,b,c) = (1,1,1)",0.6067911226357734,0.6058642689225986,False,1248.8957461123255,0.745164526320003,3.1203824177038735,19,9,10,0.9713268818203153
seasonal_supply_24,weighted_sum_efficiency,"Weighted single objective (35), (a,b,c) = (1,5,1)",0.6067911226357734,0.6058642689225978,False,1272.7244196212496,0.7593821119458528,4.1519749381863535,19,8,11,0.9898595985898189
seasonal_supply_24,weighted_sum_guarantee,"Weighted single objective (35), (a,b,c) = (5,1,1)",0.6067911226357734,0.6062866406907195,False,1244.5878471174906,0.7425941808576912,3.092622989352819,19,9,10,0.9679764195332307
seasonal_supply_24,leximin,Full leximin (progressive filling),0.6067911226357734,0.6067911226357734,True,1273.7925261384933,0.7600194070038742,9.157941213979358,19,9,10,0.9906903169072412
seasonal_supply_25,three_stage,Three-stage lexicographic (proposed),0.27299077358215484,0.27299077358215473,True,166.3677026087043,0.4321239028797513,3.652084205200696,5,0,0,1.0
seasonal_supply_25,total_delivery_max,Total-delivery maximization,0.27299077358215484,0.0,False,170.00391529180925,0.44156861114755647,5.6625268590474755,5,3,2,1.021856481913784
seasonal_supply_25,equal_proportional,Equal proportional allocation,0.27299077358215484,0.27299077358215484,True,105.10144782912961,0.27299077358215484,0.0,5,0,4,0.631741895699116
seasonal_supply_25,weighted_sum_balanced,"Weighted single objective (35), (a,b,c) = (1,1,1)",0.27299077358215484,0.25209969937553134,False,163.01791600304864,0.42342315844947714,1.0656112203117984,5,2,3,0.9798651628102701
seasonal_supply_25,weighted_sum_efficiency,"Weighted single objective (35), (a,b,c) = (1,5,1)",0.27299077358215484,0.2520996993755313,False,164.4370900695439,0.42710932485595826,1.1747784561960481,5,2,3,0.9883955088103779
seasonal_supply_25,weighted_sum_guarantee,"Weighted single objective (35), (a,b,c) = (5,1,1)",0.27299077358215484,0.27299077358215484,True,159.2274921758389,0.41357790175542564,1.3316397657118446,5,2,2,0.9570817513200918
seasonal_supply_25,leximin,Full leximin (progressive filling),0.27299077358215484,0.27299077358215484,True,164.462963449833,0.4271765284411247,3.4858117357837832,5,2,3,0.9885510280601084
seasonal_supply_26,three_stage,Three-stage lexicographic (proposed),0.6004751430881605,0.6004751430881605,True,303.38414428924887,0.8199571467276996,3.3357375256091486,5,0,0,1.0
seasonal_supply_26,total_delivery_max,Total-delivery maximization,0.6004751430881605,0.0,False,305.6357817991257,0.8260426535111507,4.827126123327297,5,3,2,1.007421737596577
seasonal_supply_26,equal_proportional,Equal proportional allocation,0.6004751430881605,0.6004751430881605,True,222.17580294261938,0.6004751430881605,0.0,5,0,5,0.7323250312343126
seasonal_supply_26,weighted_sum_balanced,"Weighted single objective (35), (a,b,c) = (1,1,1)",0.6004751430881605,0.6004751430881606,True,266.12353720292174,0.7192528032511398,1.1985745707355182,5,1,4,0.8771834066225869
seasonal_supply_26,weighted_sum_efficiency,"Weighted single objective (35), (a,b,c) = (1,5,1)",0.6004751430881605,0.6004751430881606,True,302.79308083385905,0.8183596779293489,2.957555929950593,5,2,2,0.9980517655041778
seasonal_supply_26,weighted_sum_guarantee,"Weighted single objective (35), (a,b,c) = (5,1,1)",0.6004751430881605,0.6004751430881606,True,266.12353720292174,0.7192528032511398,1.1985745707355182,5,1,4,0.8771834066225869
seasonal_supply_26,leximin,Full leximin (progressive filling),0.6004751430881605,0.6004751430881605,True,301.916820299634,0.8159914062152271,3.4588095931269187,5,2,3,0.9951634783253014
seasonal_supply_27,three_stage,Three-stage lexicographic (proposed),0.5499192119448512,0.5499192119448512,True,638.1008009404958,0.6709787601897957,5.498939828146237,17,0,0,1.0
seasonal_supply_27,total_delivery_max,Total-delivery maximization,0.5499192119448512,0.0,False,656.369012285246,0.6901882358414785,12.959007736459494,17,8,9,1.0286290368509563
seasonal_supply_27,equal_proportional,Equal proportional allocation,0.5499192119448512,0.5499192119448512,True,522.9731705595534,0.5499192119448513,0.0,17,0,11,0.8195776745441222
seasonal_supply_27,weighted_sum_balanced,"Weighted single objective (35), (a,b,c) = (1,1,1)",0.5499192119448512,0.5352447588824162,False,615.4701433817796,0.6471820645444579,0.4647552411175837,17,4,13,0.9645343533100713
seasonal_supply_27,weighted_sum_efficiency,"Weighted single objective (35), (a,b,c) = (1,5,1)",0.5499192119448512,0.5313393729639706,False,630.695695250455,0.6631921085704047,0.9444622251519209,17,4,13,0.9883950847904807
seasonal_supply_27,weighted_sum_guarantee,"Weighted single objective (35), (a,b,c) = (5,1,1)",0.5499192119448512,0.5478270721548935,False,590.7738609530192,0.6212133133049624,0.8387726987286346,17,3,14,0.9258315615374224
seasonal_supply_27,leximin,Full leximin (progressive filling),0.5499192119448512,0.5499192119448512,True,627.8337658376789,0.6601827190722176,5.163485932797231,17,7,10,0.9839100106320439
seasonal_supply_28,three_stage,Three-stage lexicographic (proposed),0.46507093653555626,0.4650709365355559,True,388.9477594236278,0.635535554613771,4.336856845552573,12,0,0,1.0
seasonal_supply_28,total_delivery_max,Total-delivery maximization,0.46507093653555626,0.0,False,398.5409023279911,0.6512106247189396,6.6870610221011635,12,6,5,1.0246643480311575
seasonal_supply_28,equal_proportional,Equal proportional allocation,0.46507093653555626,0.46507093653555626,True,284.62341315976045,0.4650709365355562,0.0,12,0,9,0.7317779991367913
seasonal_supply_28,weighted_sum_balanced,"Weighted single objective (35), (a,b,c) = (1,1,1)",0.46507093653555626,0.4398542639260156,False,330.24669475478584,0.5396187822790618,0.0,12,1,10,0.8490772520303764
seasonal_supply_28,weighted_sum_efficiency,"Weighted single objective (35), (a,b,c) = (1,5,1)",0.46507093653555626,0.43985426392601557,False,386.79253529276804,0.6320139465568103,1.8974015301594047,12,2,9,0.9944588339214152
seasonal_supply_28,weighted_sum_guarantee,"Weighted single objective (35), (a,b,c) = (5,1,1)",0.46507093653555626,0.4650709365355563,True,308.6952210156604,0.5044039559079418,0.0,12,0,8,0.7936675646958562
seasonal_supply_28,leximin,Full leximin (progressive filling),0.46507093653555626,0.46507093653555626,True,383.6515808953109,0.626881668129593,4.3580538224690795,12,4,7,0.9863833165251672
seasonal_supply_29,three_stage,Three-stage lexicographic (proposed),0.5273484010326116,0.5273484010326116,True,248.56323424742052,0.6736131009415189,2.0818427272827567,4,0,0,1.0
seasonal_supply_29,total_delivery_max,Total-delivery maximization,0.5273484010326116,0.0,False,258.2608350908907,0.699893862034934,4.428911040002022,4,3,1,1.0390146228698374
seasonal_supply_29,equal_proportional,Equal proportional allocation,0.5273484010326116,0.5273484010326116,True,194.59155998103367,0.5273484010326116,0.0,4,0,4,0.7828654168031008
seasonal_supply_29,weighted_sum_balanced,"Weighted single objective (35), (a,b,c) = (1,1,1)",0.5273484010326116,0.5273484010326116,True,244.66503380476266,0.6630488720996278,0.6377854868822703,4,2,2,0.9843170674276889
seasonal_supply_29,weighted_sum_efficiency,"Weighted single objective (35), (a,b,c) = (1,5,1)",0.5273484010326116,0.5273484010326115,True,246.52600765614858,0.6680921616697794,0.7392931515033208,4,2,2,0.9918039906527605
seasonal_supply_29,weighted_sum_guarantee,"Weighted single objective (35), (a,b,c) = (5,1,1)",0.5273484010326116,0.5273484010326116,True,244.66503380476266,0.6630488720996278,0.6377854868822703,4,2,2,0.9843170674276889
seasonal_supply_29,leximin,Full leximin (progressive filling),0.5273484010326116,0.5273484010326116,True,246.4104176656987,0.6677789096631401,1.3065433400456339,4,2,2,0.9913389581196915
seasonal_supply_30,three_stage,Three-stage lexicographic (proposed),0.6263849611327384,0.6263849611327384,True,1240.3001427271902,0.6964065933336272,9.10071733475091,24,0,0,1.0
seasonal_supply_30,total_delivery_max,Total-delivery maximization,0.6263849611327384,0.0,False,1281.1260312945533,0.7193296076892496,24.388055463771046,24,16,8,1.0329161363132593
seasonal_supply_30,equal_proportional,Equal proportional allocation,0.6263849611327384,0.6263849611327384,True,1115.5916157774072,0.6263849611327382,0.0,24,0,13,0.8994529447722452
seasonal_supply_30,weighted_sum_balanced,"Weighted single objective (35), (a,b,c) = (1,1,1)",0.6263849611327384,0.6255637390381726,False,1203.6092113647217,0.675805284314835,0.6523967754407928,24,6,18,0.9704176996369669
seasonal_supply_30,weighted_sum_efficiency,"Weighted single objective (35), (a,b,c) = (1,5,1)",0.6263849611327384,0.6232710875616996,False,1233.446124855911,0.6925581835238132,2.1497842266981175,24,7,17,0.9944739038276587
seasonal_supply_30,weighted_sum_guarantee,"Weighted single objective (35), (a,b,c) = (5,1,1)",0.6263849611327384,0.6263849611327383,True,1190.9469755127848,0.6686956628370494,0.46629090174893273,24,5,10,0.9602086902079306
seasonal_supply_30,leximin,Full leximin (progressive filling),0.6263849611327384,0.6263849611327384,True,1226.315082258806,0.6885542292300988,6.367023088375371,24,14,10,0.9887244546810793
seasonal_supply_31,three_stage,Three-stage lexicographic (proposed),0.6623174423718299,0.662317442371815,True,298.34198937531374,0.7851104983560887,2.2428558358600466,8,0,0,1.0
seasonal_supply_31,total_delivery_max,Total-delivery maximization,0.6623174423718299,0.0,False,304.4952951015453,0.8013034081619614,4.401089844284643,8,4,4,1.0206250073585543
seasonal_supply_31,equal_proportional,Equal proportional allocation,0.6623174423718299,0.6623174423718299,True,251.68062810129535,0.6623174423718298,0.0,8,0,7,0.8435977403927596
seasonal_supply_31,weighted_sum_balanced,"Weighted single objective (35), (a,b,c) = (1,1,1)",0.6623174423718299,0.6460353660173096,False,297.4223416148091,0.7826903726705506,0.2691770779639425,8,2,6,0.9969174712469061
seasonal_supply_31,weighted_sum_efficiency,"Weighted single objective (35), (a,b,c) = (1,5,1)",0.6623174423718299,0.6460353660173096,False,297.42234161480917,0.7826903726705504,0.2691770779639425,8,2,6,0.9969174712469063
seasonal_supply_31,weighted_sum_guarantee,"Weighted single objective (35), (a,b,c) = (5,1,1)",0.6623174423718299,0.6582161104612275,False,296.8864654351872,0.781280172197861,0.5610399190466208,8,1,7,0.9951212903581751
seasonal_supply_31,leximin,Full leximin (progressive filling),0.6623174423718299,0.6623174423718299,True,296.2528398418103,0.7796127364258166,1.5355215133923727,8,3,5,0.9929974673096542
seasonal_supply_32,three_stage,Three-stage lexicographic (proposed),0.6185806232249084,0.6185806232249084,True,87.65654546887663,0.6795081044098964,0.7628387535501848,2,0,0,1.0
seasonal_supply_32,total_delivery_max,Total-delivery maximization,0.6185806232249084,0.4227717453082838,False,88.83904654254178,0.6886747793995488,1.6884083100933782,2,2,0,1.0134901628548094
seasonal_supply_32,equal_proportional,Equal proportional allocation,0.6185806232249084,0.6185806232249084,True,79.79690039601319,0.6185806232249084,0.0,2,0,2,0.9103359021186377
seasonal_supply_32,weighted_sum_balanced,"Weighted single objective (35), (a,b,c) = (1,1,1)",0.6185806232249084,0.6185806232249084,True,80.85020186768566,0.6267457509122919,0.02340669937049933,2,0,2,0.9223521350883302
seasonal_supply_32,weighted_sum_efficiency,"Weighted single objective (35), (a,b,c) = (1,5,1)",0.6185806232249084,0.6185806232249084,True,87.65654546887662,0.6795081044098964,0.7628387535501833,2,0,0,0.9999999999999999
seasonal_supply_32,weighted_sum_guarantee,"Weighted single objective (35), (a,b,c) = (5,1,1)",0.6185806232249084,0.6185806232249084,True,80.85020186768566,0.6267457509122919,0.02340669937049933,2,0,2,0.9223521350883302
seasonal_supply_32,leximin,Full leximin (progressive filling),0.6185806232249084,0.6185806232249084,True,87.58761178447033,0.6789737347633359,0.7628387535501833,2,1,1,0.9992135934169254
seasonal_supply_33,three_stage,Three-stage lexicographic (proposed),0.6592324822736264,0.6592324822736262,True,234.7644811293152,0.7405819593984705,3.318088493599828,5,0,0,1.0
seasonal_supply_33,total_delivery_max,Total-delivery maximization,0.6592324822736264,0.0,False,246.16470841722668,0.7765448215054469,1.9983512645794246,5,3,2,1.048560272972605
seasonal_supply_33,equal_proportional,Equal proportional allocation,0.6592324822736264,0.6592324822736264,True,208.97669688073958,0.6592324822736263,0.0,5,0,5,0.8901546600042494
seasonal_supply_33,weighted_sum_balanced,"Weighted single objective (35), (a,b,c) = (1,1,1)",0.6592324822736264,0.6592324822736264,True,214.20909009076252,0.6757384545449919,0.09343559303612392,5,0,5,0.9124425000763631
seasonal_supply_33,weighted_sum_efficiency,"Weighted single objective (35), (a,b,c) = (1,5,1)",0.6592324822736264,0.5789733102397454,False,234.0615221552242,0.7383644232026,0.8250611104103248,5,2,3,0.9970056842895932
seasonal_supply_33,weighted_sum_guarantee,"Weighted single objective (35), (a,b,c) = (5,1,1)",0.6592324822736264,0.6592324822736264,True,214.20909009076252,0.6757384545449919,0.09343559303612392,5,0,5,0.9124425000763631
seasonal_supply_33,leximin,Full leximin (progressive filling),0.6592324822736264,0.6592324822736264,True,234.13529276647694,0.738597138064596,3.3138375886318676,5,4,1,0.9973199167105194
seasonal_supply_34,three_stage,Three-stage lexicographic (proposed),0.7617357353993763,0.7617357353993762,True,136.86940972719276,0.8608138976553004,1.2961800207866387,3,0,0,1.0
seasonal_supply_34,total_delivery_max,Total-delivery maximization,0.7617357353993763,0.5156098258709749,False,137.55239441608506,0.8651093988433023,0.852484159091431,3,1,2,1.0049900462802728
seasonal_supply_34,equal_proportional,Equal proportional allocation,0.7617357353993763,0.7617357353993763,True,121.11598192850083,0.7617357353993763,0.0,3,0,3,0.8849017627087633
seasonal_supply_34,weighted_sum_balanced,"Weighted single objective (35), (a,b,c) = (1,1,1)",0.7617357353993763,0.7617357353993763,True,134.34765870173516,0.8449538283127997,0.3260970115243734,3,2,1,0.9815754957189927
seasonal_supply_34,weighted_sum_efficiency,"Weighted single objective (35), (a,b,c) = (1,5,1)",0.7617357353993763,0.7617357353993762,True,134.53416774458557,0.8461268411609155,0.33441039909328807,3,1,2,0.9829381745178724
seasonal_supply_34,weighted_sum_guarantee,"Weighted single objective (35), (a,b,c) = (5,1,1)",0.7617357353993763,0.7617357353993763,True,134.34765870173516,0.8449538283127997,0.3260970115243734,3,2,1,0.9815754957189927
seasonal_supply_34,leximin,Full leximin (progressive filling),0.7617357353993763,0.7617357353993763,True,136.76405103456943,0.8601512643683612,1.2517927938018711,3,2,1,0.9992302246876542
seasonal_supply_35,three_stage,Three-stage lexicographic (proposed),0.49413583680306455,0.4941358368030644,True,180.85578231433476,0.6345816923309991,1.881266497680373,4,0,0,1.0
seasonal_supply_35,total_delivery_max,Total-delivery maximization,0.49413583680306455,0.0,False,187.76846938424492,0.6588367346815612,5.742966237597329,4,3,1,1.038222095978638
seasonal_supply_35,equal_proportional,Equal proportional allocation,0.49413583680306455,0.49413583680306455,True,140.8287134888734,0.49413583680306455,0.0,4,0,3,0.7786796290765386
seasonal_supply_35,weighted_sum_balanced,"Weighted single objective (35), (a,b,c) = (1,1,1)",0.49413583680306455,0.49413583680306455,True,160.16549227681114,0.5619841834274076,0.5058641631969354,4,1,2,0.8855978516541813
seasonal_supply_35,weighted_sum_efficiency,"Weighted single objective (35), (a,b,c) = (1,5,1)",0.49413583680306455,0.49413583680306433,True,179.87499614636025,0.6311403373556499,1.3632688369635177,4,1,2,0.9945769709133775
seasonal_supply_35,weighted_sum_guarantee,"Weighted single objective (35), (a,b,c) = (5,1,1)",0.49413583680306455,0.49413583680306455,True,160.16549227681114,0.5619841834274076,0.5058641631969354,4,1,2,0.8855978516541813
seasonal_supply_35,leximin,Full leximin (progressive filling),0.49413583680306455,0.49413583680306455,True,178.8799569546201,0.627648971770597,1.7850722692053898,4,2,2,0.9890751330456187
seasonal_supply_36,three_stage,Three-stage lexicographic (proposed),0.5819150344527689,0.5819150344527685,True,448.1089792915741,0.7169743668665185,2.5085097932833973,8,0,0,1.0
seasonal_supply_36,total_delivery_max,Total-delivery maximization,0.5819150344527689,0.0,False,463.20933256800015,0.7411349321088003,7.118752511545433,8,5,3,1.0336979484327642
seasonal_supply_36,equal_proportional,Equal proportional allocation,0.5819150344527689,0.5819150344527689,True,363.6968965329806,0.5819150344527692,0.0,8,0,8,0.8116259957744152
seasonal_supply_36,weighted_sum_balanced,"Weighted single objective (35), (a,b,c) = (1,1,1)",0.5819150344527689,0.5819150344527688,True,440.6247376787344,0.704999580285975,1.347987072047209,8,1,3,0.9832981663865078
seasonal_supply_36,weighted_sum_efficiency,"Weighted single objective (35), (a,b,c) = (1,5,1)",0.5819150344527689,0.5819150344527688,True,447.69089432602686,0.716305430921643,2.0904248277361557,8,0,1,0.9990670015891934
seasonal_supply_36,weighted_sum_guarantee,"Weighted single objective (35), (a,b,c) = (5,1,1)",0.5819150344527689,0.5819150344527688,True,440.6247376787344,0.704999580285975,1.347987072047209,8,1,3,0.9832981663865078
seasonal_supply_36,leximin,Full leximin (progressive filling),0.5819150344527689,0.5819150344527689,True,443.31158169438635,0.7092985307110181,2.56983468757784,8,4,4,0.989294127502707
seasonal_supply_37,three_stage,Three-stage lexicographic (proposed),0.5803182008747406,0.5803182008747406,True,285.02896116295915,0.7724362091137105,3.4954247078370337,5,0,0,1.0
seasonal_supply_37,total_delivery_max,Total-delivery maximization,0.5803182008747406,0.0,False,293.16315798385693,0.7944801029372818,5.276407182041791,5,3,2,1.0285381414846726
seasonal_supply_37,equal_proportional,Equal proportional allocation,0.5803182008747406,0.5803182008747406,True,214.13741612277929,0.5803182008747406,0.0,5,0,5,0.7512830108528896
seasonal_supply_37,weighted_sum_balanced,"Weighted single objective (35), (a,b,c) = (1,1,1)",0.5803182008747406,0.5803182008747406,True,263.5521364239495,0.7142334320432235,1.0710465638684186,5,1,4,0.9246503771006949
seasonal_supply_37,weighted_sum_efficiency,"Weighted single objective (35), (a,b,c) = (1,5,1)",0.5803182008747406,0.5803182008747406,True,284.16647594322984,0.7700988507946607,3.060311883269013,5,2,2,0.9969740435631164
seasonal_supply_37,weighted_sum_guarantee,"Weighted single objective (35), (a,b,c) = (5,1,1)",0.5803182008747406,0.5803182008747406,True,263.5521364239495,0.7142334320432235,1.0710465638684186,5,1,4,0.9246503771006949
seasonal_supply_37,leximin,Full leximin (progressive filling),0.5803182008747406,0.5803182008747406,True,283.79703757587356,0.7690976628072455,3.368672436013291,5,3,2,0.9956779003015723
seasonal_supply_38,three_stage,Three-stage lexicographic (proposed),0.7312770786870755,0.7312770786870755,True,167.96830246481275,0.8233740316902587,1.4138262496819605,3,0,0,1.0
seasonal_supply_38,total_delivery_max,Total-delivery maximization,0.7312770786870755,0.0,False,170.23951538432138,0.8345074283545165,3.3135932259843504,3,1,2,1.0135216757339345
seasonal_supply_38,equal_proportional,Equal proportional allocation,0.7312770786870755,0.7312770786870755,True,149.1805240521634,0.7312770786870755,0.0,3,0,3,0.8881468816618829
seasonal_supply_38,weighted_sum_balanced,"Weighted single objective (35), (a,b,c) = (1,1,1)",0.7312770786870755,0.71297236674743,False,158.3909682169705,0.7764263147890711,0.1138656564967242,3,1,2,0.9429812999994532
seasonal_supply_38,weighted_sum_efficiency,"Weighted single objective (35), (a,b,c) = (1,5,1)",0.7312770786870755,0.7129723667474299,False,167.78672839111047,0.8224839627015219,0.91620016462357,3,1,2,0.998918997983323
seasonal_supply_38,weighted_sum_guarantee,"Weighted single objective (35), (a,b,c) = (5,1,1)",0.7312770786870755,0.7312770786870755,True,159.09595044993557,0.7798821100487038,0.3387204876898511,3,0,3,0.9471784147087167
seasonal_supply_38,leximin,Full leximin (progressive filling),0.7312770786870755,0.7312770786870755,True,167.76465121532866,0.8223757412516111,1.3543375278775471,3,2,1,0.9987875614238183
seasonal_supply_39,three_stage,Three-stage lexicographic (proposed),0.5134765399379074,0.5134765399379074,True,540.4013073512012,0.6418067783268424,7.010085127360808,11,0,0,1.0
seasonal_supply_39,total_delivery_max,Total-delivery maximization,0.5134765399379074,0.0,False,557.2074689288658,0.6617665901768002,11.35870030055414,11,5,5,1.0310994095481385
seasonal_supply_39,equal_proportional,Equal proportional allocation,0.5134765399379074,0.5134765399379074,True,432.34724662771805,0.5134765399379073,0.0,11,0,9,0.8000484838700437
seasonal_supply_39,weighted_sum_balanced,"Weighted single objective (35), (a,b,c) = (1,1,1)",0.5134765399379074,0.5134765399379064,True,505.9037110844188,0.60083576138292,0.6649127336873921,11,2,8,0.9361630036835518
seasonal_supply_39,weighted_sum_efficiency,"Weighted single objective (35), (a,b,c) = (1,5,1)",0.5134765399379074,0.4960222607338134,False,534.4387147336396,0.6347253144104985,1.4786609850877825,11,5,6,0.9889663615974811
seasonal_supply_39,weighted_sum_guarantee,"Weighted single objective (35), (a,b,c) = (5,1,1)",0.5134765399379074,0.5134765399379064,True,505.90371108441883,0.60083576138292,0.6649127336873936,11,2,8,0.9361630036835519
seasonal_supply_39,leximin,Full leximin (progressive filling),0.5134765399379074,0.5134765399379074,True,532.3719957755646,0.6322707788308368,3.2139982502974784,11,5,6,0.9851419464268275
seasonal_supply_40,three_stage,Three-stage lexicographic (proposed),0.6053868927952468,0.6053868927952379,True,384.01055871939576,0.7245482239988599,4.907456508823044,9,0,0,1.0
seasonal_supply_40,total_delivery_max,Total-delivery maximization,0.6053868927952468,0.0,False,394.7495439788116,0.7448104603373804,3.5308801522853805,9,5,4,1.0279653384928487
seasonal_supply_40,equal_proportional,Equal proportional allocation,0.6053868927952468,0.6053868927952468,True,320.8550531814808,0.605386892795247,0.0,9,0,8,0.8355370598440655
seasonal_supply_40,weighted_sum_balanced,"Weighted single objective (35), (a,b,c) = (1,1,1)",0.6053868927952468,0.597020983667534,False,347.29854756150684,0.6552802784179376,0.0,9,2,7,0.9043984330006011
seasonal_supply_40,weighted_sum_efficiency,"Weighted single objective (35), (a,b,c) = (1,5,1)",0.6053868927952468,0.5721259919810495,False,375.9852965444915,0.7094062198952669,1.4969359208377733,9,2,7,0.979101454393163
seasonal_supply_40,weighted_sum_guarantee,"Weighted single objective (35), (a,b,c) = (5,1,1)",0.6053868927952468,0.6053868927952468,True,347.89912000471963,0.6564134339711692,0.3946131072047532,9,2,7,0.9059623807347873
seasonal_supply_40,leximin,Full leximin (progressive filling),0.6053868927952468,0.6053868927952468,True,382.7581819509781,0.7221852489641096,5.431904857638025,9,5,3,0.9967386918406772
seasonal_supply_41,three_stage,Three-stage lexicographic (proposed),0.735591056020249,0.735591056020249,True,202.64200795181864,0.8041349521897565,0.727964904846393,5,0,0,1.0
seasonal_supply_41,total_delivery_max,Total-delivery maximization,0.735591056020249,0.0,False,204.05902237106287,0.8097580252819954,2.051348733365272,5,3,2,1.0069926982739983
seasonal_supply_41,equal_proportional,Equal proportional allocation,0.735591056020249,0.735591056020249,True,185.36894611710275,0.7355910560202489,0.0,5,0,4,0.9147607052984649
seasonal_supply_41,weighted_sum_balanced,"Weighted single objective (35), (a,b,c) = (1,1,1)",0.735591056020249,0.7355910560202491,True,199.5877602118499,0.7920149214755947,0.06445587821273169,5,1,3,0.9849278648053323
seasonal_supply_41,weighted_sum_efficiency,"Weighted single objective (35), (a,b,c) = (1,5,1)",0.735591056020249,0.7355910560202491,True,201.87074826501802,0.8010743978770555,0.16371622835047628,5,1,3,0.9961939792514097
seasonal_supply_41,weighted_sum_guarantee,"Weighted single objective (35), (a,b,c) = (5,1,1)",0.735591056020249,0.7355910560202491,True,199.5877602118499,0.7920149214755947,0.06445587821273169,5,1,3,0.9849278648053323
seasonal_supply_41,leximin,Full leximin (progressive filling),0.735591056020249,0.735591056020249,True,202.1474688351009,0.8021724953773846,0.6357124025147405,5,2,3,0.9975595429510582
seasonal_supply_42,three_stage,Three-stage lexicographic (proposed),0.47799006770380925,0.47799006770380886,True,355.46242428973443,0.5904691433384291,4.146245217169183,9,0,0,1.0
seasonal_supply_42,total_delivery_max,Total-delivery maximization,0.47799006770380925,0.0,False,371.72932374795124,0.6174905710098859,6.905788943396521,9,4,5,1.0457626414120154
seasonal_supply_42,equal_proportional,Equal proportional allocation,0.47799006770380925,0.47799006770380925,True,287.75002075769316,0.47799006770380914,0.0,9,0,8,0.809508969429496
seasonal_supply_42,weighted_sum_balanced,"Weighted single objective (35), (a,b,c) = (1,1,1)",0.47799006770380925,0.4779900677038093,True,330.46067239738954,0.5489379940155971,1.135299524014998,9,2,6,0.9296641496149641
seasonal_supply_42,weighted_sum_efficiency,"Weighted single objective (35), (a,b,c) = (1,5,1)",0.47799006770380925,0.46880817509659406,False,351.15788085781224,0.5833187389664656,1.8740535637891282,9,4,5,0.9878902996835086
seasonal_supply_42,weighted_sum_guarantee,"Weighted single objective (35), (a,b,c) = (5,1,1)",0.47799006770380925,0.4779900677038093,True,330.46067239738954,0.5489379940155971,1.135299524014998,9,2,6,0.9296641496149641
seasonal_supply_42,leximin,Full leximin (progressive filling),0.47799006770380925,0.47799006770380925,True,350.0908600805284,0.5815462792035356,2.997908863876163,9,4,5,0.9848885174855283
seasonal_supply_43,three_stage,Three-stage lexicographic (proposed),0.6925913476501712,0.6925913476501712,True,268.39509828492805,0.8413639444668591,1.6064332715330307,3,0,0,1.0
seasonal_supply_43,total_delivery_max,Total-delivery maximization,0.6925913476501712,0.0,False,268.92532000796626,0.8430260815296748,2.3615668742512126,3,2,1,1.0019755268498807
seasonal_supply_43,equal_proportional,Equal proportional allocation,0.6925913476501712,0.6925913476501712,True,220.9366399004046,0.6925913476501712,0.0,3,0,3,0.8231768810690365
seasonal_supply_43,weighted_sum_balanced,"Weighted single objective (35), (a,b,c) = (1,1,1)",0.6925913476501712,0.6925913476501713,True,243.67140629806462,0.7638602078309237,0.3829701437583022,3,1,2,0.9078832208753054
seasonal_supply_43,weighted_sum_efficiency,"Weighted single objective (35), (a,b,c) = (1,5,1)",0.6925913476501712,0.6925913476501713,True,268.20853878978494,0.8407791184632757,1.4154970140404775,3,1,1,0.9993049072194863
seasonal_supply_43,weighted_sum_guarantee,"Weighted single objective (35), (a,b,c) = (5,1,1)",0.6925913476501712,0.6925913476501713,True,243.67140629806462,0.7638602078309237,0.3829701437583022,3,1,2,0.9078832208753054
seasonal_supply_43,leximin,Full leximin (progressive filling),0.6925913476501712,0.6925913476501712,True,266.90788132062306,0.8367018223217024,1.8170134316748554,3,1,2,0.9944588519916777
seasonal_supply_44,three_stage,Three-stage lexicographic (proposed),0.40166473240632916,0.401664732406329,True,159.58748601904236,0.5977059401462259,2.1762251389798464,4,0,0,1.0
seasonal_supply_44,total_delivery_max,Total-delivery maximization,0.40166473240632916,0.0,False,161.6892163135636,0.6055775891893768,5.596800060996105,4,1,3,1.0131697688017371
seasonal_supply_44,equal_proportional,Equal proportional allocation,0.40166473240632916,0.40166473240632916,True,107.24448355248988,0.40166473240632916,0.0,4,0,4,0.6720106082734658
seasonal_supply_44,weighted_sum_balanced,"Weighted single objective (35), (a,b,c) = (1,1,1)",0.40166473240632916,0.4016647324063292,True,137.25146356562698,0.5140504253394269,0.5983352675936708,4,0,3,0.8600390105101963
seasonal_supply_44,weighted_sum_efficiency,"Weighted single objective (35), (a,b,c) = (1,5,1)",0.40166473240632916,0.4016647324063292,True,158.03654093392657,0.5918971570559047,1.8074689648963704,4,1,1,0.9902815369562828
seasonal_supply_44,weighted_sum_guarantee,"Weighted single objective (35), (a,b,c) = (5,1,1)",0.40166473240632916,0.4016647324063292,True,137.25146356562698,0.5140504253394269,0.5983352675936708,4,0,3,0.8600390105101963
seasonal_supply_44,leximin,Full leximin (progressive filling),0.40166473240632916,0.40166473240632916,True,157.3092336338907,0.5891731596774933,3.071080094689198,4,1,3,0.9857241163327818
seasonal_supply_45,three_stage,Three-stage lexicographic (proposed),0.5830924571901621,0.5830924571901621,True,365.44946468672555,0.6960942184509057,5.661251616031183,6,0,0,1.0
seasonal_supply_45,total_delivery_max,Total-delivery maximization,0.5830924571901621,0.0,False,375.7292837840879,0.7156748262554056,8.420655993305026,6,3,3,1.0281292492962728
seasonal_supply_45,equal_proportional,Equal proportional allocation,0.5830924571901621,0.5830924571901621,True,306.1235400248351,0.583092457190162,0.0,6,0,6,0.8376631233739897
seasonal_supply_45,weighted_sum_balanced,"Weighted single objective (35), (a,b,c) = (1,1,1)",0.5830924571901621,0.5687785920759033,False,353.40195153998286,0.6731465743618721,0.33102720938995456,6,2,4,0.9670337096893269
seasonal_supply_45,weighted_sum_efficiency,"Weighted single objective (35), (a,b,c) = (1,5,1)",0.5830924571901621,0.5687785920759033,False,360.1735423945136,0.6860448426562165,0.787260554276469,6,2,4,0.9855631960037632
seasonal_supply_45,weighted_sum_guarantee,"Weighted single objective (35), (a,b,c) = (5,1,1)",0.5830924571901621,0.583092457190162,True,353.2816485783431,0.6729174258635107,1.1848984981395614,6,3,3,0.9667045179042386
seasonal_supply_45,leximin,Full leximin (progressive filling),0.5830924571901621,0.5830924571901621,True,363.0381693736352,0.6915012749974002,4.76092388733704,6,4,2,0.9934018365161449
seasonal_supply_46,three_stage,Three-stage lexicographic (proposed),0.8761968145067247,0.8761968145067247,True,552.7865931418047,0.9243922962237536,0.8339247544738058,11,0,0,1.0
seasonal_supply_46,total_delivery_max,Total-delivery maximization,0.8761968145067247,0.0,False,554.8418724094197,0.9278292180759526,3.0472218450693824,11,7,3,1.0037180338545
seasonal_supply_46,equal_proportional,Equal proportional allocation,0.8761968145067247,0.8761968145067247,True,523.9656950750214,0.8761968145067248,0.0,11,0,8,0.9478625233962756
seasonal_supply_46,weighted_sum_balanced,"Weighted single objective (35), (a,b,c) = (1,1,1)",0.8761968145067247,0.8720417551175529,False,550.0103066958612,0.919749676748932,0.2436395444595023,11,5,5,0.9949776523519425
seasonal_supply_46,weighted_sum_efficiency,"Weighted single objective (35), (a,b,c) = (1,5,1)",0.8761968145067247,0.871035620016045,False,552.3082617594055,0.9235924109689054,0.34821211502432914,11,4,6,0.999134690695589
seasonal_supply_46,weighted_sum_guarantee,"Weighted single objective (35), (a,b,c) = (5,1,1)",0.8761968145067247,0.8761968145067249,True,550.2682298109289,0.9201809863059014,0.3313138990515073,11,4,4,0.9954442394911163
seasonal_supply_46,leximin,Full leximin (progressive filling),0.8761968145067247,0.8761968145067247,True,550.9876704845655,0.9213840643554606,0.6164806252744666,11,6,5,0.9967457194520314
seasonal_supply_47,three_stage,Three-stage lexicographic (proposed),0.5209728395061728,0.5209728395061728,True,147.3405726695366,0.65194943659087,1.2942696379470995,4,0,0,1.0
seasonal_supply_47,total_delivery_max,Total-delivery maximization,0.5209728395061728,0.0,False,149.36499584487535,0.6609070612605104,2.240578970452447,4,3,1,1.013739753678569
seasonal_supply_47,equal_proportional,Equal proportional allocation,0.5209728395061728,0.5209728395061728,True,117.73986172839506,0.5209728395061728,0.0,4,0,3,0.7991000686041065
seasonal_supply_47,weighted_sum_balanced,"Weighted single objective (35), (a,b,c) = (1,1,1)",0.5209728395061728,0.5209728395061728,True,117.73986172839506,0.5209728395061728,0.0,4,0,3,0.7991000686041065
seasonal_supply_47,weighted_sum_efficiency,"Weighted single objective (35), (a,b,c) = (1,5,1)",0.5209728395061728,0.5034199110871616,False,147.56465294582253,0.6529409422381528,0.8870867464076391,4,1,3,1.0015208321253677
seasonal_supply_47,weighted_sum_guarantee,"Weighted single objective (35), (a,b,c) = (5,1,1)",0.5209728395061728,0.5209728395061728,True,117.73986172839506,0.5209728395061728,0.0,4,0,3,0.7991000686041065
seasonal_supply_47,leximin,Full leximin (progressive filling),0.5209728395061728,0.5209728395061728,True,146.64046562703055,0.6488516178187191,1.2561379852644798,4,2,2,0.9952483757201331
seasonal_supply_48,three_stage,Three-stage lexicographic (proposed),0.6293836905573265,0.6293836905573265,True,318.7392482755426,0.7717657343233475,2.6365950704089474,7,0,0,1.0
seasonal_supply_48,total_delivery_max,Total-delivery maximization,0.6293836905573265,0.0,False,326.23594496044035,0.7899175422770953,2.109862708156462,7,4,3,1.0235198417686455
seasonal_supply_48,equal_proportional,Equal proportional allocation,0.6293836905573265,0.6293836905573265,True,259.93546420017583,0.6293836905573265,0.0,7,0,6,0.8155113171863533
seasonal_supply_48,weighted_sum_balanced,"Weighted single objective (35), (a,b,c) = (1,1,1)",0.6293836905573265,0.6293836905573265,True,295.4586573060804,0.715396264663633,0.39769006143590313,7,2,5,0.9269603881686491
seasonal_supply_48,weighted_sum_efficiency,"Weighted single objective (35), (a,b,c) = (1,5,1)",0.6293836905573265,0.6293836905573265,True,315.4860606704347,0.7638887667565004,1.4824652377706942,7,3,2,0.98979357696704
seasonal_supply_48,weighted_sum_guarantee,"Weighted single objective (35), (a,b,c) = (5,1,1)",0.6293836905573265,0.6293836905573265,True,295.4586573060804,0.715396264663633,0.39769006143590313,7,2,5,0.9269603881686491
seasonal_supply_48,leximin,Full leximin (progressive filling),0.6293836905573265,0.6293836905573265,True,318.3633664436627,0.7708556088224277,3.1286978566560415,7,2,4,0.9988207231023054
seasonal_supply_49,three_stage,Three-stage lexicographic (proposed),0.6626879743223414,0.6626879743223275,True,803.1729138374905,0.764198776248802,4.560302655511666,12,0,0,1.0
seasonal_supply_49,total_delivery_max,Total-delivery maximization,0.6626879743223414,0.0,False,825.25775008009,0.7852119410847669,12.352582363640565,12,8,4,1.0274969883347784
seasonal_supply_49,equal_proportional,Equal proportional allocation,0.6626879743223414,0.6626879743223414,True,696.4850610127808,0.6626879743223414,0.0,12,0,9,0.8671670184755554
seasonal_supply_49,weighted_sum_balanced,"Weighted single objective (35), (a,b,c) = (1,1,1)",0.6626879743223414,0.6599996809393687,False,778.728524597783,0.7409405562300503,1.8056501440892005,12,4,8,0.9695652221102499
seasonal_supply_49,weighted_sum_efficiency,"Weighted single objective (35), (a,b,c) = (1,5,1)",0.6626879743223414,0.6573788902995624,False,799.7900680638771,0.7609800837905585,2.876568021391781,12,6,6,0.9957881475889788
seasonal_supply_49,weighted_sum_guarantee,"Weighted single objective (35), (a,b,c) = (5,1,1)",0.6626879743223414,0.6626879743223414,True,769.9797119037229,0.7326162815449315,1.8085261298905637,12,4,6,0.9586724086907098
seasonal_supply_49,leximin,Full leximin (progressive filling),0.6626879743223414,0.6626879743223414,True,796.8343303953186,0.7581677739251369,5.620792239724191,12,7,5,0.9921080712098636
seasonal_supply_50,three_stage,Three-stage lexicographic (proposed),0.7455879806480348,0.7455879806480337,True,656.6858249750652,0.8779222259024937,2.9267778587028106,9,0,0,1.0
seasonal_supply_50,total_delivery_max,Total-delivery maximization,0.7455879806480348,0.0,False,663.625500562146,0.8871998670616926,2.9999872839244803,9,7,2,1.0105677255746222
seasonal_supply_50,equal_proportional,Equal proportional allocation,0.7455879806480348,0.7455879806480348,True,557.69980952473,0.745587980648035,0.0,9,0,9,0.8492642726769779
seasonal_supply_50,weighted_sum_balanced,"Weighted single objective (35), (a,b,c) = (1,1,1)",0.7455879806480348,0.7455879806480347,True,647.7135767507413,0.865927241645376,1.3438809239047915,9,2,4,0.9863370764479884
seasonal_supply_50,weighted_sum_efficiency,"Weighted single objective (35), (a,b,c) = (1,5,1)",0.7455879806480348,0.7455879806480347,True,654.0764455344535,0.87443375071451,1.7808841354637575,9,2,4,0.9960264416538749
seasonal_supply_50,weighted_sum_guarantee,"Weighted single objective (35), (a,b,c) = (5,1,1)",0.7455879806480348,0.7455879806480347,True,647.7135767507413,0.865927241645376,1.3438809239047915,9,2,4,0.9863370764479884
seasonal_supply_50,leximin,Full leximin (progressive filling),0.7455879806480348,0.7455879806480348,True,653.8507942653874,0.874132077894903,3.203643491629184,9,4,5,0.995682820304846
seasonal_supply_51,three_stage,Three-stage lexicographic (proposed),0.5832632982026834,0.5832632982009177,True,582.8250398440683,0.779177860754102,6.290564182140585,8,0,0,1.0
seasonal_supply_51,total_delivery_max,Total-delivery maximization,0.5832632982026834,0.0,False,590.0906207876704,0.7888912042615915,8.437696686541221,8,4,4,1.0124661441202767
seasonal_supply_51,equal_proportional,Equal proportional allocation,0.5832632982026834,0.5832632982026834,True,436.2809470556072,0.5832632982026834,0.0,8,0,8,0.7485624625399276
seasonal_supply_51,weighted_sum_balanced,"Weighted single objective (35), (a,b,c) = (1,1,1)",0.5832632982026834,0.5832632982026835,True,560.521382320749,0.7493601367924452,1.5836155627790514,8,2,4,0.9617318131539329
seasonal_supply_51,weighted_sum_efficiency,"Weighted single objective (35), (a,b,c) = (1,5,1)",0.5832632982026834,0.5832632982026835,True,580.7473521420507,0.7764002033984635,2.8988720751803863,8,3,2,0.996435143379266
seasonal_supply_51,weighted_sum_guarantee,"Weighted single objective (35), (a,b,c) = (5,1,1)",0.5832632982026834,0.5832632982026835,True,560.521382320749,0.7493601367924452,1.5836155627790514,8,2,4,0.9617318131539329
seasonal_supply_51,leximin,Full leximin (progressive filling),0.5832632982026834,0.5832632982026834,True,578.2557175562065,0.7730691411179231,4.887195067876579,8,4,4,0.9921600446523637
seasonal_supply_52,three_stage,Three-stage lexicographic (proposed),0.8200749019199178,0.8200749019199169,True,515.7465466511638,0.9292730570291239,2.807176144061981,10,0,0,1.0
seasonal_supply_52,total_delivery_max,Total-delivery maximization,0.8200749019199178,0.0,False,519.2782225459844,0.9356364370197916,3.382055128080358,10,8,2,1.0068476966404376
seasonal_supply_52,equal_proportional,Equal proportional allocation,0.8200749019199178,0.8200749019199178,True,455.1415705655544,0.8200749019199177,0.0,10,0,10,0.8824907767601575
seasonal_supply_52,weighted_sum_balanced,"Weighted single objective (35), (a,b,c) = (1,1,1)",0.8200749019199178,0.8006448888430752,False,488.4153928735871,0.8800277349073642,0.39871022231384967,10,3,7,0.9470066179695378
seasonal_supply_52,weighted_sum_efficiency,"Weighted single objective (35), (a,b,c) = (1,5,1)",0.8200749019199178,0.785689749779074,False,515.648397424683,0.9290962115760054,1.2491923240747678,10,4,6,0.9998096948450395
seasonal_supply_52,weighted_sum_guarantee,"Weighted single objective (35), (a,b,c) = (5,1,1)",0.8200749019199178,0.8200749019199177,True,475.83295684476377,0.8573566789995742,0.5397752942402468,10,0,9,0.9226100687138552
seasonal_supply_52,leximin,Full leximin (progressive filling),0.8200749019199178,0.8200749019199178,True,515.5558043051027,0.9289293771263112,2.8068015692813146,10,1,8,0.9996301626306571
seasonal_supply_53,three_stage,Three-stage lexicographic (proposed),0.6536653904405332,0.6536653904405331,True,204.91654909437256,0.8099468343651088,1.216812647020551,4,0,0,1.0
seasonal_supply_53,total_delivery_max,Total-delivery maximization,0.6536653904405332,0.0,False,207.7330870652788,0.8210793955149359,3.1680562160666734,4,3,1,1.0137448048161748
seasonal_supply_53,equal_proportional,Equal proportional allocation,0.6536653904405332,0.6536653904405332,True,165.3773437814549,0.6536653904405332,0.0,4,0,4,0.8070472810143401
seasonal_supply_53,weighted_sum_balanced,"Weighted single objective (35), (a,b,c) = (1,1,1)",0.6536653904405332,0.6536653904405331,True,198.43399821397318,0.7843241036125423,0.411458120037424,4,2,2,0.9683649226524214
seasonal_supply_53,weighted_sum_efficiency,"Weighted single objective (35), (a,b,c) = (1,5,1)",0.6536653904405332,0.6536653904405331,True,204.49319229832776,0.8082734873451691,1.0390038286784007,4,1,1,0.9979340038766228
seasonal_supply_53,weighted_sum_guarantee,"Weighted single objective (35), (a,b,c) = (5,1,1)",0.6536653904405332,0.6536653904405331,True,198.43399821397318,0.7843241036125423,0.411458120037424,4,2,2,0.9683649226524214
seasonal_supply_53,leximin,Full leximin (progressive filling),0.6536653904405332,0.6536653904405332,True,204.38443115949815,0.8078436014209412,1.2470038286784004,4,3,1,0.9974032456762224
seasonal_supply_54,three_stage,Three-stage lexicographic (proposed),0.3945727761231861,0.39457277612231767,True,491.00161332214867,0.5342781428967887,6.172871301996135,12,0,0,1.0
seasonal_supply_54,total_delivery_max,Total-delivery maximization,0.3945727761231861,0.0,False,509.9763133569756,0.5549252593655882,17.045806988435004,12,7,5,1.0386448832753172
seasonal_supply_54,equal_proportional,Equal proportional allocation,0.3945727761231861,0.3945727761231861,True,362.612381257208,0.3945727761231861,0.0,12,0,8,0.7385156614939596
seasonal_supply_54,weighted_sum_balanced,"Weighted single objective (35), (a,b,c) = (1,1,1)",0.3945727761231861,0.38562482860473113,False,455.3991740579911,0.4955377302045605,0.0,12,4,8,0.9274901786508009
seasonal_supply_54,weighted_sum_efficiency,"Weighted single objective (35), (a,b,c) = (1,5,1)",0.3945727761231861,0.38943525316768746,False,482.4932619444034,0.5250198715390678,1.6654410795311858,12,5,7,0.9826714390607044
seasonal_supply_54,weighted_sum_guarantee,"Weighted single objective (35), (a,b,c) = (5,1,1)",0.3945727761231861,0.39457277612318586,True,454.39129780732185,0.49444102046498584,0.25431814128788127,12,4,5,0.9254374842739944
seasonal_supply_54,leximin,Full leximin (progressive filling),0.3945727761231861,0.3945727761231861,True,478.9291140330167,0.5211415821904425,3.14024833972086,12,5,7,0.9754125058623562
seasonal_supply_55,three_stage,Three-stage lexicographic (proposed),0.74363833565486,0.7436383356548598,True,764.547258321514,0.9123475636294919,2.369998349811717,9,0,0,1.0
seasonal_supply_55,total_delivery_max,Total-delivery maximization,0.74363833565486,0.0,False,770.9240228617596,0.9199570678541283,1.4017192497210202,9,6,2,1.0083405760348223
seasonal_supply_55,equal_proportional,Equal proportional allocation,0.74363833565486,0.74363833565486,True,623.1689252787727,0.7436383356548601,0.0,9,0,9,0.815082283660106
seasonal_supply_55,weighted_sum_balanced,"Weighted single objective (35), (a,b,c) = (1,1,1)",0.74363833565486,0.7361464841916572,False,749.9665626362222,0.8949481654370192,0.6946162713120756,9,3,5,0.9809289804827732
seasonal_supply_55,weighted_sum_efficiency,"Weighted single objective (35), (a,b,c) = (1,5,1)",0.74363833565486,0.7361464841916575,False,763.5132055421064,0.911113610432108,1.583121094850055,9,2,6,0.9986474965829087
seasonal_supply_55,weighted_sum_guarantee,"Weighted single objective (35), (a,b,c) = (5,1,1)",0.74363833565486,0.74363833565486,True,749.9465433529745,0.8949242760775351,0.919177831743622,9,3,4,0.9809027959885777
seasonal_supply_55,leximin,Full leximin (progressive filling),0.74363833565486,0.74363833565486,True,762.116458159538,0.9094468474457494,2.000012935085271,9,2,6,0.9968206018195491
seasonal_supply_56,three_stage,Three-stage lexicographic (proposed),0.4136069042501791,0.4136069042501791,True,45.60566926575699,0.6334120731355137,0.7273930957498217,1,0,0,1.0
seasonal_supply_56,total_delivery_max,Total-delivery maximization,0.4136069042501791,0.4136069042501791,True,45.60566926575699,0.6334120731355137,0.7273930957498208,1,0,0,1.0
seasonal_supply_56,equal_proportional,Equal proportional allocation,0.4136069042501791,0.4136069042501791,True,29.779697106012897,0.4136069042501791,0.0,1,0,1,0.6529823503406621
seasonal_supply_56,weighted_sum_balanced,"Weighted single objective (35), (a,b,c) = (1,1,1)",0.4136069042501791,0.4136069042501791,True,29.779697106012897,0.4136069042501791,0.0,1,0,1,0.6529823503406621
seasonal_supply_56,weighted_sum_efficiency,"Weighted single objective (35), (a,b,c) = (1,5,1)",0.4136069042501791,0.4136069042501791,True,44.47766926575699,0.617745406468847,0.445393095749821,1,0,1,0.9752662329451448
seasonal_supply_56,weighted_sum_guarantee,"Weighted single objective (35), (a,b,c) = (5,1,1)",0.4136069042501791,0.4136069042501791,True,29.779697106012897,0.4136069042501791,0.0,1,0,1,0.6529823503406621
seasonal_supply_56,leximin,Full leximin (progressive filling),0.4136069042501791,0.4136069042501791,True,45.60566926575699,0.6334120731355137,0.7273930957498209,1,0,0,1.0
seasonal_supply_57,three_stage,Three-stage lexicographic (proposed),0.629458746808508,0.6294587468085074,True,413.6162841860095,0.7520296076109264,3.1967250871887374,8,0,0,1.0
seasonal_supply_57,total_delivery_max,Total-delivery maximization,0.629458746808508,0.0,False,421.5795325004032,0.7665082409098241,8.910566291594883,8,3,5,1.019252743711639
seasonal_supply_57,equal_proportional,Equal proportional allocation,0.629458746808508,0.629458746808508,True,346.2023107446794,0.6294587468085081,0.0,8,0,7,0.8370132511247719
seasonal_supply_57,weighted_sum_balanced,"Weighted single objective (35), (a,b,c) = (1,1,1)",0.629458746808508,0.629458746808508,True,361.0239608723391,0.6564072015860711,0.370541253191492,8,1,6,0.872847551403419
seasonal_supply_57,weighted_sum_efficiency,"Weighted single objective (35), (a,b,c) = (1,5,1)",0.629458746808508,0.6076756577718719,False,413.96413860126097,0.7526620701841109,2.7462703955968966,8,1,7,1.00084100754383
seasonal_supply_57,weighted_sum_guarantee,"Weighted single objective (35), (a,b,c) = (5,1,1)",0.629458746808508,0.629458746808508,True,361.0239608723391,0.6564072015860711,0.370541253191492,8,1,6,0.872847551403419
seasonal_supply_57,leximin,Full leximin (progressive filling),0.629458746808508,0.629458746808508,True,411.7853368297867,0.748700612417794,3.24611879787238,8,6,2,0.9955733189764854
seasonal_supply_58,three_stage,Three-stage lexicographic (proposed),0.5644842721295411,0.5644842721295411,True,219.27368827603286,0.7333568169766984,1.9200817940688717,4,0,0,1.0
seasonal_supply_58,total_delivery_max,Total-delivery maximization,0.5644842721295411,0.0,False,226.05674951267056,0.7560426405106039,2.1902554686646987,4,2,2,1.0309342232985967
seasonal_supply_58,equal_proportional,Equal proportional allocation,0.5644842721295411,0.5644842721295411,True,168.7807973667328,0.5644842721295412,0.0,4,0,4,0.7697266311052466
seasonal_supply_58,weighted_sum_balanced,"Weighted single objective (35), (a,b,c) = (1,1,1)",0.5644842721295411,0.5644842721295411,True,197.27980788934522,0.6597986885931278,0.2804729647805926,4,1,3,0.8996966733236109
seasonal_supply_58,weighted_sum_efficiency,"Weighted single objective (35), (a,b,c) = (1,5,1)",0.5644842721295411,0.5644842721295411,True,218.54424795625263,0.730917217244992,1.406443412541643,4,2,1,0.9966733796219911
seasonal_supply_58,weighted_sum_guarantee,"Weighted single objective (35), (a,b,c) = (5,1,1)",0.5644842721295411,0.5644842721295411,True,197.27980788934522,0.6597986885931278,0.2804729647805926,4,1,3,0.8996966733236109
seasonal_supply_58,leximin,Full leximin (progressive filling),0.5644842721295411,0.5644842721295411,True,217.3833123922209,0.7270344896060899,1.4688262869939104,4,3,1,0.9913789205687448
seasonal_supply_59,three_stage,Three-stage lexicographic (proposed),0.5859865482479679,0.5859865482479646,True,369.54296194717074,0.6682512874270718,0.7189573236271953,10,0,0,1.0
seasonal_supply_59,total_delivery_max,Total-delivery maximization,0.5859865482479679,0.0,False,378.06302225981665,0.6836582681009342,3.7303799756844964,10,6,4,1.023055669272532
seasonal_supply_59,equal_proportional,Equal proportional allocation,0.5859865482479679,0.5859865482479679,True,324.0505611811263,0.5859865482479679,0.0,10,0,5,0.8768955021458426
seasonal_supply_59,weighted_sum_balanced,"Weighted single objective (35), (a,b,c) = (1,1,1)",0.5859865482479679,0.5825568540305565,False,367.9846371123966,0.6654333401670824,0.0,10,3,7,0.9957831023852731
seasonal_supply_59,weighted_sum_efficiency,"Weighted single objective (35), (a,b,c) = (1,5,1)",0.5859865482479679,0.5825568540305586,False,367.9846371123969,0.6654333401670829,0.0,10,3,7,0.9957831023852739
seasonal_supply_59,weighted_sum_guarantee,"Weighted single objective (35), (a,b,c) = (5,1,1)",0.5859865482479679,0.5859865482479679,True,359.53746283859846,0.6501581606484601,0.0,10,2,2,0.9729246660365226
seasonal_supply_59,leximin,Full leximin (progressive filling),0.5859865482479679,0.5859865482479679,True,363.84611863565624,0.6579495816196315,0.7114191098089568,10,6,4,0.9845840838599738
independent_generic_0,three_stage,Three-stage lexicographic (proposed),0.23772864301809285,0.23772864301809285,True,104.64348461706163,0.40953766095976635,1.3578641591293845,4,0,0,1.0
independent_generic_0,total_delivery_max,Total-delivery maximization,0.23772864301809285,0.0,False,110.13891829466947,0.3936462838334624,2.6204607024283724,4,2,2,1.052515774849415
independent_generic_0,equal_proportional,Equal proportional allocation,0.23772864301809285,0.23772864301809285,True,73.45815069259069,0.23772864301809288,0.0,4,0,3,0.7019849440355285
independent_generic_0,weighted_sum_balanced,"Weighted single objective (35), (a,b,c) = (1,1,1)",0.23772864301809285,0.1003633242151216,False,75.04010595574454,0.487433459352561,0.47544710207369745,4,1,3,0.7171025146032799
independent_generic_0,weighted_sum_efficiency,"Weighted single objective (35), (a,b,c) = (1,5,1)",0.23772864301809285,0.0,False,94.43986173291589,0.5828563809915828,1.2751465478103328,4,2,2,0.9024915605449736
independent_generic_0,weighted_sum_guarantee,"Weighted single objective (35), (a,b,c) = (5,1,1)",0.23772864301809285,0.23772864301809288,True,91.01846948501877,0.37253201353801657,0.7395745366069559,4,0,2,0.8697958579848232
independent_generic_0,leximin,Full leximin (progressive filling),0.23772864301809285,0.23772864301809285,True,104.76571986330254,0.3171789379425765,1.476974229957414,4,2,2,1.0011681113897173
independent_generic_1,three_stage,Three-stage lexicographic (proposed),0.061747999114174223,0.06174799911417421,True,146.94127241477753,0.27804702038180806,2.713242388528471,9,0,0,1.0
independent_generic_1,total_delivery_max,Total-delivery maximization,0.061747999114174223,0.0,False,158.05157725947674,0.1436300860935683,7.777062277769888,9,4,5,1.0756105120237265
independent_generic_1,equal_proportional,Equal proportional allocation,0.061747999114174223,0.061747999114174223,True,45.26128335068971,0.06174799911417423,0.0,9,0,6,0.30802294417955434
independent_generic_1,weighted_sum_balanced,"Weighted single objective (35), (a,b,c) = (1,1,1)",0.061747999114174223,0.06174799911417422,True,139.58234388303404,0.2619848054901135,0.5926084034512158,9,1,3,0.9499192540610978
independent_generic_1,weighted_sum_efficiency,"Weighted single objective (35), (a,b,c) = (1,5,1)",0.061747999114174223,0.0,False,142.38645762568612,0.31879066789395377,1.2580068180282016,9,3,6,0.9690024816429088
independent_generic_1,weighted_sum_guarantee,"Weighted single objective (35), (a,b,c) = (5,1,1)",0.061747999114174223,0.06174799911417422,True,139.58234388303404,0.2619848054901135,0.5926084034512158,9,1,3,0.9499192540610978
independent_generic_1,leximin,Full leximin (progressive filling),0.061747999114174223,0.061747999114174223,True,145.5791752373472,0.18109623187749493,2.226288975261856,9,6,3,0.9907303295048004
independent_generic_2,three_stage,Three-stage lexicographic (proposed),0.07214739930619594,0.07214739930619593,True,147.65063254877728,0.5138028761929362,5.885199643378573,10,0,0,1.0
independent_generic_2,total_delivery_max,Total-delivery maximization,0.07214739930619594,0.0,False,148.6287090825178,0.5121319836763444,6.947707461013171,10,6,4,1.0066242624014319
independent_generic_2,equal_proportional,Equal proportional allocation,0.07214739930619594,0.07214739930619594,True,33.18780368085014,0.07214739930619596,0.0,10,0,7,0.22477251270756557
independent_generic_2,weighted_sum_balanced,"Weighted single objective (35), (a,b,c) = (1,1,1)",0.07214739930619594,0.07214739930619594,True,89.37029669181462,0.386309098182277,0.8533944688433115,10,1,5,0.6052821796228377
independent_generic_2,weighted_sum_efficiency,"Weighted single objective (35), (a,b,c) = (1,5,1)",0.07214739930619594,0.0,False,132.16255256227865,0.5394190186441131,2.5504046074324984,10,4,6,0.8951031924541057
independent_generic_2,weighted_sum_guarantee,"Weighted single objective (35), (a,b,c) = (5,1,1)",0.07214739930619594,0.07214739930619594,True,89.37029669181462,0.386309098182277,0.8533944688433115,10,1,5,0.6052821796228377
independent_generic_2,leximin,Full leximin (progressive filling),0.07214739930619594,0.07214739930619594,True,143.88109314176003,0.3370191145892081,3.567014993804471,10,5,4,0.9744698729565417
independent_generic_3,three_stage,Three-stage lexicographic (proposed),0.17224590474017815,0.17224590474017815,True,28.70056554734791,0.4100080792478273,1.477797113183087,1,0,0,1.0
independent_generic_3,total_delivery_max,Total-delivery maximization,0.17224590474017815,0.17224590474017815,True,28.700565547347914,0.4100080792478273,1.4777971131830874,1,0,0,1.0000000000000002
independent_generic_3,equal_proportional,Equal proportional allocation,0.17224590474017815,0.17224590474017815,True,12.05721333181247,0.17224590474017815,0.0,1,0,1,0.42010368443511814
independent_generic_3,weighted_sum_balanced,"Weighted single objective (35), (a,b,c) = (1,1,1)",0.17224590474017815,0.17224590474017815,True,17.718819808567837,0.25312599726525487,0.21775409525982192,1,0,1,0.6173683155942253
independent_generic_3,weighted_sum_efficiency,"Weighted single objective (35), (a,b,c) = (1,5,1)",0.17224590474017815,0.17224590474017815,True,28.700565547347914,0.4100080792478273,1.4777971131830874,1,0,0,1.0000000000000002
independent_generic_3,weighted_sum_guarantee,"Weighted single objective (35), (a,b,c) = (5,1,1)",0.17224590474017815,0.17224590474017815,True,17.718819808567837,0.25312599726525487,0.21775409525982192,1,0,1,0.6173683155942253
independent_generic_3,leximin,Full leximin (progressive filling),0.17224590474017815,0.17224590474017815,True,28.700565547347914,0.4100080792478273,1.4777971131830874,1,0,0,1.0000000000000002
independent_generic_4,three_stage,Three-stage lexicographic (proposed),0.0893956561999901,0.08939565619999008,True,105.78226817695597,0.31290469981474955,3.5291058944563702,10,0,0,1.0
independent_generic_4,total_delivery_max,Total-delivery maximization,0.0893956561999901,0.0,False,111.19782410193903,0.2077868358485185,8.107596381027262,10,5,4,1.0511953091790749
independent_generic_4,equal_proportional,Equal proportional allocation,0.0893956561999901,0.0893956561999901,True,41.21139750819543,0.0893956561999901,0.0,10,0,7,0.3895870094149965
independent_generic_4,weighted_sum_balanced,"Weighted single objective (35), (a,b,c) = (1,1,1)",0.0893956561999901,0.08939565619999008,True,93.80068731216905,0.2779541927792719,0.5193967174395963,10,0,4,0.8867335606309391
independent_generic_4,weighted_sum_efficiency,"Weighted single objective (35), (a,b,c) = (1,5,1)",0.0893956561999901,0.0,False,99.39338145296557,0.335876254539657,1.472874366578825,10,3,6,0.9396034247128936
independent_generic_4,weighted_sum_guarantee,"Weighted single objective (35), (a,b,c) = (5,1,1)",0.0893956561999901,0.08939565619999008,True,93.80068731216905,0.2779541927792719,0.5193967174395963,10,0,4,0.8867335606309391
independent_generic_4,leximin,Full leximin (progressive filling),0.0893956561999901,0.0893956561999901,True,105.91028859640564,0.2319105914358514,4.270484952056796,10,7,2,1.0012102256990323
independent_generic_5,three_stage,Three-stage lexicographic (proposed),0.16409329544418674,0.16409329544418674,True,101.86986075166452,0.5340737794292995,2.5359797754598654,4,0,0,1.0
independent_generic_5,total_delivery_max,Total-delivery maximization,0.16409329544418674,0.0,False,105.36646540690911,0.5403180118554961,5.9836040206415735,4,2,1,1.034324231224469
independent_generic_5,equal_proportional,Equal proportional allocation,0.16409329544418674,0.16409329544418674,True,47.58705567881415,0.16409329544418677,0.0,4,0,2,0.46713576839788307
independent_generic_5,weighted_sum_balanced,"Weighted single objective (35), (a,b,c) = (1,1,1)",0.16409329544418674,0.16409329544418674,True,80.1933152429687,0.4734160703273493,0.6888288541629466,4,0,2,0.7872133588015959
independent_generic_5,weighted_sum_efficiency,"Weighted single objective (35), (a,b,c) = (1,5,1)",0.16409329544418674,0.06760409097296981,False,96.11906591259344,0.5446056630142458,1.6183150835429092,4,1,2,0.943547632276732
independent_generic_5,weighted_sum_guarantee,"Weighted single objective (35), (a,b,c) = (5,1,1)",0.16409329544418674,0.16409329544418674,True,80.1933152429687,0.4734160703273493,0.6888288541629466,4,0,2,0.7872133588015959
independent_generic_5,leximin,Full leximin (progressive filling),0.16409329544418674,0.16409329544418674,True,101.91968223246288,0.48040149592645853,2.5385791621592597,4,2,2,1.000489069882208
independent_generic_6,three_stage,Three-stage lexicographic (proposed),0.09541945314223609,0.09541945314223609,True,301.56768036007134,0.3989273707103133,8.818762908320508,11,0,0,1.0
independent_generic_6,total_delivery_max,Total-delivery maximization,0.09541945314223609,0.0,False,307.23366807844224,0.33294517222794,11.108066178951304,11,6,4,1.0187884448081628
independent_generic_6,equal_proportional,Equal proportional allocation,0.09541945314223609,0.09541945314223609,True,77.67143485778017,0.09541945314223609,0.0,11,0,10,0.2575588828519044
independent_generic_6,weighted_sum_balanced,"Weighted single objective (35), (a,b,c) = (1,1,1)",0.09541945314223609,0.07475229269969566,False,253.56399419635153,0.3427253008343859,1.377605836567711,11,2,8,0.8408195264611795
independent_generic_6,weighted_sum_efficiency,"Weighted single objective (35), (a,b,c) = (1,5,1)",0.09541945314223609,0.0,False,282.79301275195854,0.4494733896177251,4.449867952607853,11,3,6,0.9377431043482648
independent_generic_6,weighted_sum_guarantee,"Weighted single objective (35), (a,b,c) = (5,1,1)",0.09541945314223609,0.0954194531422361,True,254.11821096734067,0.34834148291112604,2.181023007528845,11,2,7,0.8426573121626426
independent_generic_6,leximin,Full leximin (progressive filling),0.09541945314223609,0.09541945314223609,True,300.25398885527727,0.3189585917595479,7.772242614917555,11,6,5,0.9956437921224665
independent_generic_7,three_stage,Three-stage lexicographic (proposed),0.059307658185078174,0.059307658185078174,True,131.2712894498832,0.277406207318844,3.132829102630752,15,0,0,1.0
independent_generic_7,total_delivery_max,Total-delivery maximization,0.059307658185078174,0.0,False,144.899302778074,0.12329495340641132,7.889214073576836,15,9,6,1.1038156430496078
independent_generic_7,equal_proportional,Equal proportional allocation,0.059307658185078174,0.059307658185078174,True,52.96173875927481,0.059307658185078174,0.0,15,0,5,0.40345256743664853
independent_generic_7,weighted_sum_balanced,"Weighted single objective (35), (a,b,c) = (1,1,1)",0.059307658185078174,0.02035821489540189,False,127.98310222133867,0.294684776376712,1.0343484803752605,15,3,12,0.974951207973013
independent_generic_7,weighted_sum_efficiency,"Weighted single objective (35), (a,b,c) = (1,5,1)",0.059307658185078174,0.0,False,129.522594893872,0.33609177348962366,2.2685089151946487,15,5,10,0.986678773680525
independent_generic_7,weighted_sum_guarantee,"Weighted single objective (35), (a,b,c) = (5,1,1)",0.059307658185078174,0.05930765818507817,True,129.8607607642628,0.257077779977923,1.764090106826222,15,3,3,0.9892548576956052
independent_generic_7,leximin,Full leximin (progressive filling),0.059307658185078174,0.059307658185078174,True,133.9085699969031,0.17513732828528542,3.2492948154620946,15,10,5,1.0200903073175553
independent_generic_8,three_stage,Three-stage lexicographic (proposed),0.12089642039946809,0.12089642039946809,True,98.76551473002263,0.4141145907056238,1.8202431421899627,6,0,0,1.0
independent_generic_8,total_delivery_max,Total-delivery maximization,0.12089642039946809,0.0,False,102.26108466176477,0.3476946533892237,2.1588169094855942,6,3,3,1.0353926159479585
independent_generic_8,equal_proportional,Equal proportional allocation,0.12089642039946809,0.12089642039946809,True,35.906236858642025,0.12089642039946809,0.0,6,0,4,0.36355034403245295
independent_generic_8,weighted_sum_balanced,"Weighted single objective (35), (a,b,c) = (1,1,1)",0.12089642039946809,0.12089642039946807,True,71.1978224991692,0.2718604802283738,1.3877787807814457e-17,6,1,2,0.7208773496881961
independent_generic_8,weighted_sum_efficiency,"Weighted single objective (35), (a,b,c) = (1,5,1)",0.12089642039946809,0.0,False,97.31820613549783,0.4556336367664429,1.6254818890941294,6,2,4,0.98534601274057
independent_generic_8,weighted_sum_guarantee,"Weighted single objective (35), (a,b,c) = (5,1,1)",0.12089642039946809,0.12089642039946807,True,71.1978224991692,0.2718604802283738,1.3877787807814457e-17,6,1,2,0.7208773496881961
independent_generic_8,leximin,Full leximin (progressive filling),0.12089642039946809,0.12089642039946809,True,99.55112138937372,0.34913800283533547,2.5571994386927765,6,3,3,1.0079542607710652
independent_generic_9,three_stage,Three-stage lexicographic (proposed),0.08185112367960821,0.08185112367960821,True,15.069424334871767,0.20092565779829025,1.2537328920884308,1,0,0,1.0
independent_generic_9,total_delivery_max,Total-delivery maximization,0.08185112367960821,0.08185112367960821,True,15.06942433487177,0.20092565779829025,1.253732892088431,1,0,0,1.0000000000000002
independent_generic_9,equal_proportional,Equal proportional allocation,0.08185112367960821,0.08185112367960821,True,6.138834275970616,0.08185112367960821,0.0,1,0,1,0.40737019142562053
independent_generic_9,weighted_sum_balanced,"Weighted single objective (35), (a,b,c) = (1,1,1)",0.08185112367960821,0.08185112367960821,True,10.641415345712272,0.1418855379428303,0.0918894095865644,1,0,1,0.7061593800293516
independent_generic_9,weighted_sum_efficiency,"Weighted single objective (35), (a,b,c) = (1,5,1)",0.08185112367960821,0.08185112367960821,True,11.424788413252028,0.15233051217669372,0.21240834305421913,1,0,1,0.7581436529605327
independent_generic_9,weighted_sum_guarantee,"Weighted single objective (35), (a,b,c) = (5,1,1)",0.08185112367960821,0.08185112367960821,True,10.641415345712272,0.1418855379428303,0.0918894095865644,1,0,1,0.7061593800293516
independent_generic_9,leximin,Full leximin (progressive filling),0.08185112367960821,0.08185112367960821,True,15.06942433487177,0.20092565779829025,1.253732892088431,1,0,0,1.0000000000000002
independent_generic_10,three_stage,Three-stage lexicographic (proposed),0.30781816218397673,0.3078181621839767,True,249.76788837848545,0.4236857391418128,3.2135607110344693,8,0,0,1.0
independent_generic_10,total_delivery_max,Total-delivery maximization,0.30781816218397673,0.0,False,270.0364600087528,0.2415749858837009,8.54827553918251,8,3,5,1.0811496296095253
independent_generic_10,equal_proportional,Equal proportional allocation,0.30781816218397673,0.30781816218397673,True,209.62416844728816,0.3078181621839768,0.0,8,0,5,0.8392758965461342
independent_generic_10,weighted_sum_balanced,"Weighted single objective (35), (a,b,c) = (1,1,1)",0.30781816218397673,0.1506923976547176,False,222.67552376292966,0.6503669659250358,0.7119634407513885,8,2,6,0.8915298327921906
independent_generic_10,weighted_sum_efficiency,"Weighted single objective (35), (a,b,c) = (1,5,1)",0.30781816218397673,0.0029138036672499796,False,223.560033901381,0.7233063420915435,2.574273214269815,8,3,5,0.8950711612799864
independent_generic_10,weighted_sum_guarantee,"Weighted single objective (35), (a,b,c) = (5,1,1)",0.30781816218397673,0.3078181621839768,True,244.3627109701675,0.37691102684194144,0.5536511628618087,8,2,3,0.9783591980401932
independent_generic_10,leximin,Full leximin (progressive filling),0.30781816218397673,0.30781816218397673,True,249.97521843171214,0.3764966483603429,1.8927864295961316,8,5,3,1.0008300909078933
independent_generic_11,three_stage,Three-stage lexicographic (proposed),0.13009134596762964,0.13009134596762964,True,158.87333241510876,0.5660144275945397,3.2203575549810806,10,0,0,1.0
independent_generic_11,total_delivery_max,Total-delivery maximization,0.13009134596762964,0.0,False,170.13558145879202,0.4531171058354637,5.679431508139414,10,4,5,1.0708882282034402
independent_generic_11,equal_proportional,Equal proportional allocation,0.13009134596762964,0.13009134596762964,True,68.0377739410703,0.1300913459676296,0.0,10,0,7,0.42825169527695983
independent_generic_11,weighted_sum_balanced,"Weighted single objective (35), (a,b,c) = (1,1,1)",0.13009134596762964,0.10932050994794941,False,139.79472793209672,0.5344998480671574,0.6590136469580572,10,2,7,0.879913109437631
independent_generic_11,weighted_sum_efficiency,"Weighted single objective (35), (a,b,c) = (1,5,1)",0.13009134596762964,0.016351889741189823,False,154.85360686705442,0.6382413238350861,2.060176473458351,10,4,5,0.9746985508080646
independent_generic_11,weighted_sum_guarantee,"Weighted single objective (35), (a,b,c) = (5,1,1)",0.13009134596762964,0.13009134596762964,True,145.69891997548683,0.5378440345363907,1.4042729877308866,10,1,3,0.9170759985999447
independent_generic_11,leximin,Full leximin (progressive filling),0.13009134596762964,0.13009134596762964,True,158.82208523850446,0.34634455419516946,3.921287385509176,10,6,4,0.9996774337402932
independent_generic_12,three_stage,Three-stage lexicographic (proposed),0.06147774569881932,0.06147774569881918,True,61.50181356726292,0.30482642998312665,2.868568350034613,4,0,0,1.0
independent_generic_12,total_delivery_max,Total-delivery maximization,0.06147774569881932,0.0,False,65.2477223014999,0.19926602311725852,1.2581675376033261,4,2,2,1.0609072890206754
independent_generic_12,equal_proportional,Equal proportional allocation,0.06147774569881932,0.06147774569881932,True,16.35308035588594,0.06147774569881933,0.0,4,0,3,0.2658959046467956
independent_generic_12,weighted_sum_balanced,"Weighted single objective (35), (a,b,c) = (1,1,1)",0.06147774569881932,0.054510918707154694,False,58.93273749946774,0.2659230050867108,0.17921902518171534,4,1,3,0.9582276372226739
independent_generic_12,weighted_sum_efficiency,"Weighted single objective (35), (a,b,c) = (1,5,1)",0.06147774569881932,0.0,False,56.393139396954204,0.3548046028110843,1.1330501035753713,4,2,2,0.9169345768198934
independent_generic_12,weighted_sum_guarantee,"Weighted single objective (35), (a,b,c) = (5,1,1)",0.06147774569881932,0.061477745698819315,True,34.13145439504442,0.21763913928602224,0.01469813776000739,4,0,2,0.554966632938649
independent_generic_12,leximin,Full leximin (progressive filling),0.06147774569881932,0.06147774569881932,True,61.52209255970722,0.2165919924299205,3.508693529564362,4,2,2,1.000329729991167
independent_generic_13,three_stage,Three-stage lexicographic (proposed),0.045247538575197935,0.045247538575197935,True,76.99818006111754,0.22574432999741445,5.094776023258215,6,0,0,1.0
independent_generic_13,total_delivery_max,Total-delivery maximization,0.045247538575197935,0.0,False,79.73638485982751,0.16687023982731541,4.232840238597353,6,3,3,1.0355619418087092
independent_generic_13,equal_proportional,Equal proportional allocation,0.045247538575197935,0.045247538575197935,True,17.78228266005279,0.04524753857519793,0.0,6,0,4,0.2309441943424903
independent_generic_13,weighted_sum_balanced,"Weighted single objective (35), (a,b,c) = (1,1,1)",0.045247538575197935,0.045247538575197935,True,47.58677809238051,0.17438904081235385,0.5579053648144832,6,1,3,0.6180247124621434
independent_generic_13,weighted_sum_efficiency,"Weighted single objective (35), (a,b,c) = (1,5,1)",0.045247538575197935,0.0,False,47.685814014230125,0.21722388162664483,0.8959297967237979,6,1,5,0.6193109236657199
independent_generic_13,weighted_sum_guarantee,"Weighted single objective (35), (a,b,c) = (5,1,1)",0.045247538575197935,0.045247538575197935,True,47.58677809238051,0.17438904081235385,0.5579053648144832,6,1,3,0.6180247124621434
independent_generic_13,leximin,Full leximin (progressive filling),0.045247538575197935,0.045247538575197935,True,74.72109505272054,0.17342460522971057,4.159164424916621,6,4,2,0.970426768443234
independent_generic_14,three_stage,Three-stage lexicographic (proposed),0.07380383254357728,0.07380383254357728,True,168.3297691280091,0.49070064588661777,3.399510700255156,9,0,0,1.0
independent_generic_14,total_delivery_max,Total-delivery maximization,0.07380383254357728,0.0,False,176.05350639872267,0.3352799861548212,6.247521150278957,9,5,3,1.0458845592833905
independent_generic_14,equal_proportional,Equal proportional allocation,0.07380383254357728,0.07380383254357728,True,36.90191627178864,0.07380383254357728,0.0,9,0,6,0.21922394632244746
independent_generic_14,weighted_sum_balanced,"Weighted single objective (35), (a,b,c) = (1,1,1)",0.07380383254357728,0.07380383254357728,True,143.82691403904633,0.4366573188283629,0.4343278632427217,9,3,3,0.8544354025084584
independent_generic_14,weighted_sum_efficiency,"Weighted single objective (35), (a,b,c) = (1,5,1)",0.07380383254357728,0.0,False,150.01117726414776,0.5270876795903898,2.066313323776586,9,6,3,0.8911743777778803
independent_generic_14,weighted_sum_guarantee,"Weighted single objective (35), (a,b,c) = (5,1,1)",0.07380383254357728,0.07380383254357728,True,143.82691403904633,0.4366573188283629,0.43432786324272143,9,3,3,0.8544354025084584
independent_generic_14,leximin,Full leximin (progressive filling),0.07380383254357728,0.07380383254357728,True,167.37798793815838,0.34461550994497797,2.5198638399908475,9,5,4,0.994345734597147
independent_generic_15,three_stage,Three-stage lexicographic (proposed),0.056028171348965476,0.056028171348965476,True,174.69468754565352,0.35149835472307267,5.3524670704530966,11,0,0,1.0
independent_generic_15,total_delivery_max,Total-delivery maximization,0.056028171348965476,0.0,False,183.8729125904817,0.24858893477831057,7.811365000087508,11,4,7,1.052538661442865
independent_generic_15,equal_proportional,Equal proportional allocation,0.056028171348965476,0.056028171348965476,True,44.37431170838066,0.05602817134896548,0.0,11,0,7,0.25401065328208206
independent_generic_15,weighted_sum_balanced,"Weighted single objective (35), (a,b,c) = (1,1,1)",0.056028171348965476,0.03593513596823052,False,161.93540052810874,0.31344941890411104,1.2282152950360703,11,3,8,0.9269623639001022
independent_generic_15,weighted_sum_efficiency,"Weighted single objective (35), (a,b,c) = (1,5,1)",0.056028171348965476,0.0,False,175.77773851859584,0.3805464066714279,3.1486918550977907,11,4,7,1.0061996789264658
independent_generic_15,weighted_sum_guarantee,"Weighted single objective (35), (a,b,c) = (5,1,1)",0.056028171348965476,0.056028171348965476,True,161.4123951636085,0.2994187018903699,1.3808715228569144,11,4,5,0.9239685386622079
independent_generic_15,leximin,Full leximin (progressive filling),0.056028171348965476,0.056028171348965476,True,172.0916794867873,0.21975465525533253,3.668496383177687,11,6,5,0.9850996724889762
independent_generic_16,three_stage,Three-stage lexicographic (proposed),0.132705167994051,0.132705167994051,True,193.38575135670976,0.529010133966404,4.870814360917298,9,0,0,1.0
independent_generic_16,total_delivery_max,Total-delivery maximization,0.132705167994051,0.0,False,199.60942601103937,0.49556011282669843,7.970451513064006,9,5,3,1.032182695005537
independent_generic_16,equal_proportional,Equal proportional allocation,0.132705167994051,0.132705167994051,True,69.53750802888273,0.13270516799405097,0.0,9,0,6,0.35957927376261184
independent_generic_16,weighted_sum_balanced,"Weighted single objective (35), (a,b,c) = (1,1,1)",0.132705167994051,0.1270505163772885,False,151.40929890817213,0.4806175275405607,2.203547643460789,9,1,8,0.7829392695477861
independent_generic_16,weighted_sum_efficiency,"Weighted single objective (35), (a,b,c) = (1,5,1)",0.132705167994051,0.0,False,171.70864526010803,0.5936108941602732,3.352246309513662,9,3,5,0.887907428833176
independent_generic_16,weighted_sum_guarantee,"Weighted single objective (35), (a,b,c) = (5,1,1)",0.132705167994051,0.132705167994051,True,152.04079135051316,0.47717027640040033,2.2399588008869555,9,0,5,0.7862047244115016
independent_generic_16,leximin,Full leximin (progressive filling),0.132705167994051,0.132705167994051,True,193.97812329966789,0.40502658863074864,4.971007946595814,9,5,3,1.003063162300233
independent_generic_17,three_stage,Three-stage lexicographic (proposed),0.1981523927462833,0.1981523927462833,True,67.40711467117187,0.4225234606659621,2.893499126645752,2,0,0,1.0
independent_generic_17,total_delivery_max,Total-delivery maximization,0.1981523927462833,0.0,False,68.0319698718939,0.306727472165332,2.5722190113066272,2,1,1,1.0092698701579237
independent_generic_17,equal_proportional,Equal proportional allocation,0.1981523927462833,0.1981523927462833,True,31.10992566116648,0.1981523927462833,0.0,2,0,2,0.4615228794902168
independent_generic_17,weighted_sum_balanced,"Weighted single objective (35), (a,b,c) = (1,1,1)",0.1981523927462833,0.1981523927462833,True,44.60725166303679,0.3866935119178489,0.0,2,0,2,0.6617588051445563
independent_generic_17,weighted_sum_efficiency,"Weighted single objective (35), (a,b,c) = (1,5,1)",0.1981523927462833,0.0,False,40.72032645126818,0.5688131057284791,0.3192478345828672,2,1,1,0.6040953785058407
independent_generic_17,weighted_sum_guarantee,"Weighted single objective (35), (a,b,c) = (5,1,1)",0.1981523927462833,0.1981523927462833,True,44.60725166303679,0.3866935119178489,0.0,2,0,2,0.6617588051445563
independent_generic_17,leximin,Full leximin (progressive filling),0.1981523927462833,0.1981523927462833,True,67.48871545562773,0.3763542176706915,2.7756196051519684,2,1,1,1.0012105663453172
independent_generic_18,three_stage,Three-stage lexicographic (proposed),0.03245010617960918,0.03245010617960918,True,82.39577117232358,0.1878674479326543,1.7784682202679865,7,0,0,1.0
independent_generic_18,total_delivery_max,Total-delivery maximization,0.03245010617960918,0.0,False,83.21506960653893,0.18122036775554481,2.2380042329440526,7,1,4,1.0099434524679898
independent_generic_18,equal_proportional,Equal proportional allocation,0.03245010617960918,0.03245010617960918,True,13.304543533639764,0.03245010617960918,0.0,7,0,6,0.16147119378025446
independent_generic_18,weighted_sum_balanced,"Weighted single objective (35), (a,b,c) = (1,1,1)",0.03245010617960918,0.03245010617960918,True,65.06881272976977,0.15189643870985015,0.0,7,1,2,0.7897105859193189
independent_generic_18,weighted_sum_efficiency,"Weighted single objective (35), (a,b,c) = (1,5,1)",0.03245010617960918,0.0,False,81.17493283638272,0.20665919182548245,0.9467469816502233,7,2,5,0.9851832403705819
independent_generic_18,weighted_sum_guarantee,"Weighted single objective (35), (a,b,c) = (5,1,1)",0.03245010617960918,0.03245010617960918,True,65.06881272976977,0.15189643870985015,0.0,7,1,2,0.7897105859193189
independent_generic_18,leximin,Full leximin (progressive filling),0.03245010617960918,0.03245010617960918,True,81.20492791360459,0.16823774159802202,1.471598895029421,7,2,4,0.9855472769806543
independent_generic_19,three_stage,Three-stage lexicographic (proposed),0.06391368009920002,0.06391368009918096,True,108.13228646996954,0.19278277930721102,1.825452713633112,12,0,0,1.0
independent_generic_19,total_delivery_max,Total-delivery maximization,0.06391368009920002,0.0,False,115.1415635407282,0.1724804420864508,4.082303335500523,12,4,8,1.064821315627181
independent_generic_19,equal_proportional,Equal proportional allocation,0.06391368009920002,0.06391368009920002,True,43.71695718785281,0.06391368009920002,0.0,12,0,6,0.40429143427013237
independent_generic_19,weighted_sum_balanced,"Weighted single objective (35), (a,b,c) = (1,1,1)",0.06391368009920002,0.052456346732212396,False,98.57633501886012,0.1925414765030667,0.4469390764877855,12,2,10,0.9116272136374061
independent_generic_19,weighted_sum_efficiency,"Weighted single objective (35), (a,b,c) = (1,5,1)",0.06391368009920002,0.0,False,107.21766478347396,0.2384284026959914,1.1183488297043533,12,3,9,0.9915416411105892
independent_generic_19,weighted_sum_guarantee,"Weighted single objective (35), (a,b,c) = (5,1,1)",0.06391368009920002,0.06391368009920002,True,99.33280340999761,0.18482444346409033,0.6633023327130485,12,2,4,0.91862298165298
independent_generic_19,leximin,Full leximin (progressive filling),0.06391368009920002,0.06391368009920002,True,107.87489951766536,0.1774138991408838,1.653525497732954,12,8,4,0.9976197030442367
independent_generic_20,three_stage,Three-stage lexicographic (proposed),0.11579787341898871,0.11579787341898871,True,277.2702088240057,0.6144468465183927,6.533257260287516,8,0,0,1.0
independent_generic_20,total_delivery_max,Total-delivery maximization,0.11579787341898871,0.0,False,284.5364568990299,0.6184320290253273,8.572782630985191,8,4,4,1.0262063786291458
independent_generic_20,equal_proportional,Equal proportional allocation,0.11579787341898871,0.11579787341898871,True,76.19500070969457,0.11579787341898871,0.0,8,0,7,0.27480413793051434
independent_generic_20,weighted_sum_balanced,"Weighted single objective (35), (a,b,c) = (1,1,1)",0.11579787341898871,0.11579787341898873,True,246.25417020649598,0.5901296017689878,2.8668495474100775,8,2,5,0.8881378610812213
independent_generic_20,weighted_sum_efficiency,"Weighted single objective (35), (a,b,c) = (1,5,1)",0.11579787341898871,0.0,False,272.6013016728117,0.6548470058894347,3.6927871540709503,8,5,3,0.983161165525152
independent_generic_20,weighted_sum_guarantee,"Weighted single objective (35), (a,b,c) = (5,1,1)",0.11579787341898871,0.11579787341898873,True,246.25417020649598,0.5901296017689878,2.8668495474100775,8,2,5,0.8881378610812213
independent_generic_20,leximin,Full leximin (progressive filling),0.11579787341898871,0.11579787341898871,True,271.8852460901163,0.4521883941678118,5.553940202277923,8,3,5,0.9805786465241658
independent_generic_21,three_stage,Three-stage lexicographic (proposed),0.05284989203863505,0.05284989203863503,True,151.76853828545848,0.28780728516961307,7.960268954413132,15,0,0,1.0
independent_generic_21,total_delivery_max,Total-delivery maximization,0.05284989203863505,0.0,False,160.63346883586814,0.19403319594325102,10.012330090520065,15,8,7,1.0584108580774219
independent_generic_21,equal_proportional,Equal proportional allocation,0.05284989203863505,0.05284989203863505,True,39.79596870509219,0.05284989203863505,0.0,15,0,10,0.26221487769909685
independent_generic_21,weighted_sum_balanced,"Weighted single objective (35), (a,b,c) = (1,1,1)",0.05284989203863505,0.05284989203863505,True,98.85652546150051,0.20446154984225956,1.1928000723090468,15,1,8,0.6513637581167396
independent_generic_21,weighted_sum_efficiency,"Weighted single objective (35), (a,b,c) = (1,5,1)",0.05284989203863505,0.0,False,136.60094731508389,0.3077520531875783,4.7226937684942545,15,6,9,0.9000610327955708
independent_generic_21,weighted_sum_guarantee,"Weighted single objective (35), (a,b,c) = (5,1,1)",0.05284989203863505,0.05284989203863505,True,98.85652546150051,0.20446154984225956,1.1928000723090468,15,1,8,0.6513637581167396
independent_generic_21,leximin,Full leximin (progressive filling),0.05284989203863505,0.05284989203863505,True,152.06735941571552,0.2020961964017806,6.779988823046927,15,9,6,1.001968926719812
independent_generic_22,three_stage,Three-stage lexicographic (proposed),0.17309747655272992,0.17309747655272992,True,37.889012902221495,0.2717192237377898,0.2955153019824962,2,0,0,1.0
independent_generic_22,total_delivery_max,Total-delivery maximization,0.17309747655272992,0.0,False,37.916039274025266,0.2793270089290866,0.6417102550879563,2,1,1,1.0007133036659868
independent_generic_22,equal_proportional,Equal proportional allocation,0.17309747655272992,0.17309747655272992,True,22.84886690496035,0.17309747655272992,0.0,2,0,2,0.6030472993298984
independent_generic_22,weighted_sum_balanced,"Weighted single objective (35), (a,b,c) = (1,1,1)",0.17309747655272992,0.17309747655272992,True,32.02671988892094,0.24410570589463626,0.0,2,0,2,0.8452772304090075
independent_generic_22,weighted_sum_efficiency,"Weighted single objective (35), (a,b,c) = (1,5,1)",0.17309747655272992,0.17309747655272992,True,37.87863295655044,0.2687973222137481,0.1625531407674862,2,1,1,0.9997260433863019
independent_generic_22,weighted_sum_guarantee,"Weighted single objective (35), (a,b,c) = (5,1,1)",0.17309747655272992,0.17309747655272992,True,32.02671988892094,0.24410570589463626,0.0,2,0,2,0.8452772304090075
independent_generic_22,leximin,Full leximin (progressive filling),0.17309747655272992,0.17309747655272992,True,37.86680746246713,0.26546850621802454,0.16255314076748617,2,1,1,0.9994139345933432
independent_generic_23,three_stage,Three-stage lexicographic (proposed),0.052171459684003635,0.052171459684003635,True,299.48410210048996,0.4650152682966413,10.024791584140308,13,0,0,1.0
independent_generic_23,total_delivery_max,Total-delivery maximization,0.052171459684003635,0.0,False,307.9541836370942,0.35216898096950044,15.662014109110492,13,9,4,1.0282822409510144
independent_generic_23,equal_proportional,Equal proportional allocation,0.052171459684003635,0.052171459684003635,True,46.536942038131244,0.05217145968400364,0.0,13,0,9,0.15539035865922549
independent_generic_23,weighted_sum_balanced,"Weighted single objective (35), (a,b,c) = (1,1,1)",0.052171459684003635,0.014585726006905936,False,233.5801602581039,0.4064243784993478,2.3267869128597916,13,3,10,0.7799417685942059
independent_generic_23,weighted_sum_efficiency,"Weighted single objective (35), (a,b,c) = (1,5,1)",0.052171459684003635,0.0,False,232.34600543853196,0.5035017157022739,6.1853033213028406,13,5,8,0.7758208325882011
independent_generic_23,weighted_sum_guarantee,"Weighted single objective (35), (a,b,c) = (5,1,1)",0.052171459684003635,0.052171459684003635,True,231.45815649522615,0.37584446630083546,2.553440230395087,13,2,6,0.7728562380168075
independent_generic_23,leximin,Full leximin (progressive filling),0.052171459684003635,0.052171459684003635,True,292.7290593959707,0.30855788093043524,8.384624338063642,13,8,5,0.9774444030346137
independent_generic_24,three_stage,Three-stage lexicographic (proposed),0.05095274239863392,0.05095274239863392,True,82.2917363241324,0.14706679337227682,3.7763098526865613,9,0,0,1.0
independent_generic_24,total_delivery_max,Total-delivery maximization,0.05095274239863392,0.0,False,86.70581959696892,0.08709522692433318,4.497692051466526,9,3,6,1.0536394475315265
independent_generic_24,equal_proportional,Equal proportional allocation,0.05095274239863392,0.05095274239863392,True,32.45689690792981,0.05095274239863393,0.0,9,0,6,0.3944125905921818
independent_generic_24,weighted_sum_balanced,"Weighted single objective (35), (a,b,c) = (1,1,1)",0.05095274239863392,0.05095274239863393,True,48.94766278450847,0.10894103499879329,0.0,9,0,5,0.5948065379458322
independent_generic_24,weighted_sum_efficiency,"Weighted single objective (35), (a,b,c) = (1,5,1)",0.05095274239863392,0.0,False,58.50944930722872,0.17032716428642933,1.2428704769580803,9,3,6,0.7110003011331598
independent_generic_24,weighted_sum_guarantee,"Weighted single objective (35), (a,b,c) = (5,1,1)",0.05095274239863392,0.05095274239863393,True,48.94766278450847,0.10894103499879329,0.0,9,0,5,0.5948065379458322
independent_generic_24,leximin,Full leximin (progressive filling),0.05095274239863392,0.05095274239863392,True,81.9649421632371,0.11277634836246558,1.73555422696542,9,5,3,0.9960288338113548
independent_generic_25,three_stage,Three-stage lexicographic (proposed),0.10448293048829334,0.10448293048829334,True,101.83818193700614,0.3488460001496376,3.3036242465124293,6,0,0,1.0
independent_generic_25,total_delivery_max,Total-delivery maximization,0.10448293048829334,0.0,False,105.29005880434255,0.1851708227214341,3.5235930568629126,6,2,4,1.0338957039656465
independent_generic_25,equal_proportional,Equal proportional allocation,0.10448293048829334,0.10448293048829334,True,46.80835285875541,0.10448293048829334,0.0,6,0,4,0.45963460824260954
independent_generic_25,weighted_sum_balanced,"Weighted single objective (35), (a,b,c) = (1,1,1)",0.10448293048829334,0.08993508697436498,False,63.00210830163334,0.3060300726439155,0.7852457958397077,6,1,5,0.6186491854362094
independent_generic_25,weighted_sum_efficiency,"Weighted single objective (35), (a,b,c) = (1,5,1)",0.10448293048829334,0.0,False,97.56287055641994,0.4572670009688272,2.5472172278119993,6,2,4,0.9580185810541004
independent_generic_25,weighted_sum_guarantee,"Weighted single objective (35), (a,b,c) = (5,1,1)",0.10448293048829334,0.10448293048829334,True,64.48220108888675,0.281377496229967,0.7905168579044966,6,0,3,0.6331829561605233
independent_generic_25,leximin,Full leximin (progressive filling),0.10448293048829334,0.10448293048829334,True,100.4395050175646,0.20169989529310622,2.8784920491680164,6,3,3,0.9862656923676552
independent_generic_26,three_stage,Three-stage lexicographic (proposed),0.08662916180619527,0.08662916180619527,True,64.09629988239048,0.33535586877411233,2.2105517901694043,5,0,0,1.0
independent_generic_26,total_delivery_max,Total-delivery maximization,0.08662916180619527,0.0,False,67.6743602026124,0.25627527441036424,3.8932609545023986,5,3,2,1.0558231961406082
independent_generic_26,equal_proportional,Equal proportional allocation,0.08662916180619527,0.08662916180619527,True,25.902119380052387,0.08662916180619527,0.0,5,0,2,0.4041125529489201
independent_generic_26,weighted_sum_balanced,"Weighted single objective (35), (a,b,c) = (1,1,1)",0.08662916180619527,0.043758161202710734,False,50.80246136163363,0.28938892533004,0.6040785248325277,5,1,4,0.7925958511622425
independent_generic_26,weighted_sum_efficiency,"Weighted single objective (35), (a,b,c) = (1,5,1)",0.08662916180619527,0.0,False,63.69774116889852,0.4148100363421853,1.6153854590527188,5,1,4,0.9937818764230809
independent_generic_26,weighted_sum_guarantee,"Weighted single objective (35), (a,b,c) = (5,1,1)",0.08662916180619527,0.08662916180619529,True,50.70000604205996,0.24811702744654335,0.7978640318901313,5,1,1,0.7909973919725286
independent_generic_26,leximin,Full leximin (progressive filling),0.08662916180619527,0.08662916180619527,True,63.0808806717918,0.2192553426355909,2.646597412707323,5,3,2,0.9841579121967748
independent_generic_27,three_stage,Three-stage lexicographic (proposed),0.04384155268467159,0.04384155268467156,True,79.56977465723453,0.40437236578166974,2.17376246158764,6,0,0,1.0
independent_generic_27,total_delivery_max,Total-delivery maximization,0.04384155268467159,0.0,False,82.6766894156884,0.28655862472831184,4.280571954900682,6,3,3,1.0390464189679767
independent_generic_27,equal_proportional,Equal proportional allocation,0.04384155268467159,0.04384155268467159,True,16.177532940643815,0.04384155268467159,0.0,6,0,4,0.20331253934464855
independent_generic_27,weighted_sum_balanced,"Weighted single objective (35), (a,b,c) = (1,1,1)",0.04384155268467159,0.04384155268467158,True,60.63493345869347,0.35664487634918807,1.0129482373508476,6,0,4,0.7620347515107673
independent_generic_27,weighted_sum_efficiency,"Weighted single objective (35), (a,b,c) = (1,5,1)",0.04384155268467159,0.0,False,79.36929597185058,0.4276106787531756,2.2706118480724107,6,2,4,0.9974804668450103
independent_generic_27,weighted_sum_guarantee,"Weighted single objective (35), (a,b,c) = (5,1,1)",0.04384155268467159,0.04384155268467158,True,60.63493345869347,0.35664487634918807,1.0129482373508476,6,0,4,0.7620347515107673
independent_generic_27,leximin,Full leximin (progressive filling),0.04384155268467159,0.04384155268467159,True,79.54775087314442,0.28706943898548654,2.2333864609426572,6,4,2,0.9997232141955286
independent_generic_28,three_stage,Three-stage lexicographic (proposed),0.14418597614259646,0.14418597614259646,True,35.752642107979085,0.4200141658262431,1.7116280477148071,2,0,0,1.0
independent_generic_28,total_delivery_max,Total-delivery maximization,0.14418597614259646,0.0,False,36.62321240126716,0.6047406804978874,1.6144414525648862,2,1,1,1.0243498170193632
independent_generic_28,equal_proportional,Equal proportional allocation,0.14418597614259646,0.14418597614259646,True,17.59068908939677,0.14418597614259643,0.0,2,0,2,0.4920108851331849
independent_generic_28,weighted_sum_balanced,"Weighted single objective (35), (a,b,c) = (1,1,1)",0.14418597614259646,0.0,False,32.19601240126716,0.5904338843813827,0.4720414525648863,2,1,1,0.9005212063497211
independent_generic_28,weighted_sum_efficiency,"Weighted single objective (35), (a,b,c) = (1,5,1)",0.14418597614259646,0.0,False,32.62321240126716,0.5982681885885023,0.6144414525648864,2,1,1,0.9124699736243125
independent_generic_28,weighted_sum_guarantee,"Weighted single objective (35), (a,b,c) = (5,1,1)",0.14418597614259646,0.14418597614259646,True,31.166319500775014,0.39314575714953304,0.46812518659924984,2,0,2,0.8717207362367069
independent_generic_28,leximin,Full leximin (progressive filling),0.14418597614259646,0.14418597614259646,True,34.84607114142377,0.2903774165682339,1.7116280477148071,2,1,1,0.9746432455588229
independent_generic_29,three_stage,Three-stage lexicographic (proposed),0.15027499646969666,0.15027499646969666,True,136.4053368841784,0.5373013530609393,4.933456623080204,5,0,0,1.0
independent_generic_29,total_delivery_max,Total-delivery maximization,0.15027499646969666,0.0,False,138.49586569559358,0.50236974536318,4.853220418790618,5,2,2,1.015325857911192
independent_generic_29,equal_proportional,Equal proportional allocation,0.15027499646969666,0.15027499646969666,True,46.13442391619687,0.1502749964696967,0.0,5,0,5,0.33821568107243155
independent_generic_29,weighted_sum_balanced,"Weighted single objective (35), (a,b,c) = (1,1,1)",0.15027499646969666,0.15027499646969664,True,99.41364272098562,0.47963375261698304,0.5294693884431032,5,0,5,0.7288105069187844
independent_generic_29,weighted_sum_efficiency,"Weighted single objective (35), (a,b,c) = (1,5,1)",0.15027499646969666,0.15027499646969664,True,123.70029840937897,0.5268043937570814,1.8450882572529212,5,1,3,0.9068582009691654
independent_generic_29,weighted_sum_guarantee,"Weighted single objective (35), (a,b,c) = (5,1,1)",0.15027499646969666,0.15027499646969664,True,99.41364272098562,0.47963375261698304,0.5294693884431032,5,0,5,0.7288105069187844
independent_generic_29,leximin,Full leximin (progressive filling),0.15027499646969666,0.15027499646969666,True,135.0117703508554,0.4492013116814877,4.520667032837577,5,2,3,0.9897836362919854
independent_generic_30,three_stage,Three-stage lexicographic (proposed),0.09245112824534485,0.09245112824534485,True,121.18594823829186,0.34791871248560724,4.475669776250401,5,0,0,1.0
independent_generic_30,total_delivery_max,Total-delivery maximization,0.09245112824534485,0.0,False,126.46116899783699,0.17706084726635524,5.082645961026482,5,3,2,1.0435299705636853
independent_generic_30,equal_proportional,Equal proportional allocation,0.09245112824534485,0.09245112824534485,True,35.593684374457766,0.09245112824534485,0.0,5,0,4,0.2937113163026851
independent_generic_30,weighted_sum_balanced,"Weighted single objective (35), (a,b,c) = (1,1,1)",0.09245112824534485,0.09245112824534484,True,56.14002405417803,0.24219937028403485,0.24498228703501054,5,0,3,0.46325522777432976
independent_generic_30,weighted_sum_efficiency,"Weighted single objective (35), (a,b,c) = (1,5,1)",0.09245112824534485,0.0,False,102.68434590621324,0.3558661429806778,2.629808601271367,5,2,3,0.8473288149241667
independent_generic_30,weighted_sum_guarantee,"Weighted single objective (35), (a,b,c) = (5,1,1)",0.09245112824534485,0.09245112824534484,True,56.14002405417803,0.24219937028403485,0.24498228703501054,5,0,3,0.46325522777432976
independent_generic_30,leximin,Full leximin (progressive filling),0.09245112824534485,0.09245112824534485,True,121.35146431901644,0.2822263060899104,4.35760199510141,5,3,2,1.001365802579678
independent_generic_31,three_stage,Three-stage lexicographic (proposed),0.11898120337892064,0.11898120337892064,True,151.19607280094237,0.35010939928764234,5.131829559097953,9,0,0,1.0
independent_generic_31,total_delivery_max,Total-delivery maximization,0.11898120337892064,0.0,False,159.28278343166585,0.3143252776442635,9.430381159686284,9,5,4,1.0534849251102576
independent_generic_31,equal_proportional,Equal proportional allocation,0.11898120337892064,0.11898120337892064,True,64.72577463813283,0.11898120337892064,0.0,9,0,7,0.4280916391482452
independent_generic_31,weighted_sum_balanced,"Weighted single objective (35), (a,b,c) = (1,1,1)",0.11898120337892064,0.1189812033789206,True,128.7056703869391,0.2995263716521735,0.07437396389204506,9,2,5,0.8512500887267549
independent_generic_31,weighted_sum_efficiency,"Weighted single objective (35), (a,b,c) = (1,5,1)",0.11898120337892064,0.0,False,141.28650250484256,0.41494162112008076,1.176902092267365,9,3,6,0.9344588115780872
independent_generic_31,weighted_sum_guarantee,"Weighted single objective (35), (a,b,c) = (5,1,1)",0.11898120337892064,0.1189812033789206,True,128.7056703869391,0.2995263716521735,0.07437396389204506,9,2,5,0.8512500887267549
independent_generic_31,leximin,Full leximin (progressive filling),0.11898120337892064,0.11898120337892064,True,147.9525409046891,0.2610171768975746,4.11197728494866,9,6,3,0.9785475122722033
independent_generic_32,three_stage,Three-stage lexicographic (proposed),0.07752855409054225,0.07752855409054225,True,201.15263626163537,0.3057366425109427,6.743120111440418,12,0,0,1.0
independent_generic_32,total_delivery_max,Total-delivery maximization,0.07752855409054225,0.0,False,218.64801179445095,0.21649624551052016,13.073485449712466,12,7,5,1.086975621388624
independent_generic_32,equal_proportional,Equal proportional allocation,0.07752855409054225,0.07752855409054225,True,62.100371826524345,0.07752855409054225,0.0,12,0,7,0.3087226346153952
independent_generic_32,weighted_sum_balanced,"Weighted single objective (35), (a,b,c) = (1,1,1)",0.07752855409054225,0.07235830268229279,False,172.80329377838135,0.2719671149924396,1.6159063523696164,12,2,10,0.8590655185528835
independent_generic_32,weighted_sum_efficiency,"Weighted single objective (35), (a,b,c) = (1,5,1)",0.07752855409054225,0.0,False,171.24341696954042,0.3565531315390261,3.8005299080176607,12,5,7,0.8513108262066593
independent_generic_32,weighted_sum_guarantee,"Weighted single objective (35), (a,b,c) = (5,1,1)",0.07752855409054225,0.07235830268229286,False,172.80329377838137,0.27196711499243964,1.6159063523696162,12,2,10,0.8590655185528837
independent_generic_32,leximin,Full leximin (progressive filling),0.07752855409054225,0.07752855409054225,True,205.4700091856533,0.22393463606161138,5.195401741939786,12,7,5,1.0214631684886417
independent_generic_33,three_stage,Three-stage lexicographic (proposed),0.09142159460161992,0.09142159460161992,True,255.32719655878606,0.2758430366536917,6.3411096939831895,11,0,0,1.0
independent_generic_33,total_delivery_max,Total-delivery maximization,0.09142159460161992,0.0,False,268.5740151243309,0.23927408230043462,11.951271068999235,11,5,5,1.0518817374101976
independent_generic_33,equal_proportional,Equal proportional allocation,0.09142159460161992,0.09142159460161992,True,82.46227833066116,0.09142159460161992,0.0,11,0,7,0.32296707691957605
independent_generic_33,weighted_sum_balanced,"Weighted single objective (35), (a,b,c) = (1,1,1)",0.09142159460161992,0.0914215946016199,True,194.27832584682014,0.21951912975569338,0.7426915580416094,11,4,4,0.7608994594592271
independent_generic_33,weighted_sum_efficiency,"Weighted single objective (35), (a,b,c) = (1,5,1)",0.09142159460161992,0.0,False,210.66859152508422,0.3015419950801577,2.3323414171032053,11,6,5,0.8250926433392312
independent_generic_33,weighted_sum_guarantee,"Weighted single objective (35), (a,b,c) = (5,1,1)",0.09142159460161992,0.0914215946016199,True,194.27832584682014,0.21951912975569338,0.7426915580416094,11,4,4,0.7608994594592271
independent_generic_33,leximin,Full leximin (progressive filling),0.09142159460161992,0.09142159460161992,True,255.04477151559004,0.2231297039353253,6.322987571625367,11,6,4,0.9988938701125362
independent_generic_34,three_stage,Three-stage lexicographic (proposed),0.12408443278012672,0.12408443278012672,True,59.58295098298866,0.25963452721079294,3.5547713503740637,4,0,0,1.0
independent_generic_34,total_delivery_max,Total-delivery maximization,0.12408443278012672,0.0,False,61.36513603151473,0.20854836030890825,3.577924521842329,4,3,1,1.0299109899580987
independent_generic_34,equal_proportional,Equal proportional allocation,0.12408443278012672,0.12408443278012672,True,32.26195252283295,0.1240844327801267,0.0,4,0,4,0.5414628176446641
independent_generic_34,weighted_sum_balanced,"Weighted single objective (35), (a,b,c) = (1,1,1)",0.12408443278012672,0.12408443278012674,True,41.171048350469654,0.19925157314990205,0.35636383310546815,4,0,4,0.690987063769706
independent_generic_34,weighted_sum_efficiency,"Weighted single objective (35), (a,b,c) = (1,5,1)",0.12408443278012672,0.0,False,53.22277602263326,0.30766023770312495,1.6035943677740234,4,2,2,0.8932551198719366
independent_generic_34,weighted_sum_guarantee,"Weighted single objective (35), (a,b,c) = (5,1,1)",0.12408443278012672,0.12408443278012674,True,41.171048350469654,0.19925157314990205,0.35636383310546815,4,0,4,0.690987063769706
independent_generic_34,leximin,Full leximin (progressive filling),0.12408443278012672,0.12408443278012672,True,59.893631865718774,0.2044270638166918,3.347659688266191,4,3,1,1.005214258065513
independent_generic_35,three_stage,Three-stage lexicographic (proposed),0.058007728233016975,0.058007728233016975,True,106.39927880262348,0.29553002124215605,9.082375678786132,5,0,0,1.0
independent_generic_35,total_delivery_max,Total-delivery maximization,0.058007728233016975,0.0,False,108.23837214766273,0.2399912795048227,9.093273522447351,5,2,3,1.0172848290489906
independent_generic_35,equal_proportional,Equal proportional allocation,0.058007728233016975,0.058007728233016975,True,18.620480762798447,0.05800772823301698,0.0,5,0,5,0.1750057046659166
independent_generic_35,weighted_sum_balanced,"Weighted single objective (35), (a,b,c) = (1,1,1)",0.058007728233016975,0.05800772823301697,True,36.37484036495494,0.14588954764536957,0.46021074551512664,5,0,5,0.341871117683347
independent_generic_35,weighted_sum_efficiency,"Weighted single objective (35), (a,b,c) = (1,5,1)",0.058007728233016975,0.0,False,84.33474455474484,0.27975543692965893,4.490086623967378,5,3,2,0.7926251521985448
independent_generic_35,weighted_sum_guarantee,"Weighted single objective (35), (a,b,c) = (5,1,1)",0.058007728233016975,0.05800772823301697,True,36.37484036495494,0.14588954764536957,0.46021074551512664,5,0,5,0.341871117683347
independent_generic_35,leximin,Full leximin (progressive filling),0.058007728233016975,0.058007728233016975,True,105.98798672314119,0.2667783251799966,8.108506950451389,5,2,3,0.9961344467358161
independent_generic_36,three_stage,Three-stage lexicographic (proposed),0.2512513042045034,0.2512513042045034,True,16.869015814671716,0.40164323368266,0.5052191731083553,1,0,0,1.0
independent_generic_36,total_delivery_max,Total-delivery maximization,0.2512513042045034,0.2512513042045034,True,16.86901581467172,0.40164323368266,0.5052191731083555,1,0,0,1.0000000000000002
independent_generic_36,equal_proportional,Equal proportional allocation,0.2512513042045034,0.2512513042045034,True,10.552554776589144,0.2512513042045034,0.0,1,0,1,0.6255584138708986
independent_generic_36,weighted_sum_balanced,"Weighted single objective (35), (a,b,c) = (1,1,1)",0.2512513042045034,0.2512513042045034,True,14.975880124959657,0.3565685744038014,0.23280659728265862,1,0,1,0.8877743840831831
independent_generic_36,weighted_sum_efficiency,"Weighted single objective (35), (a,b,c) = (1,5,1)",0.2512513042045034,0.2512513042045034,True,16.86901581467172,0.40164323368266,0.5052191731083555,1,0,0,1.0000000000000002
independent_generic_36,weighted_sum_guarantee,"Weighted single objective (35), (a,b,c) = (5,1,1)",0.2512513042045034,0.2512513042045034,True,14.975880124959657,0.3565685744038014,0.23280659728265862,1,0,1,0.8877743840831831
independent_generic_36,leximin,Full leximin (progressive filling),0.2512513042045034,0.2512513042045034,True,16.86901581467172,0.40164323368266,0.5052191731083555,1,0,0,1.0000000000000002
independent_generic_37,three_stage,Three-stage lexicographic (proposed),0.1095873669197124,0.10958736691971128,True,106.07483181643609,0.4159887698284128,2.1331423891532273,5,0,0,1.0
independent_generic_37,total_delivery_max,Total-delivery maximization,0.1095873669197124,0.0,False,111.89137944250906,0.2802904878064025,4.462143744412312,5,2,3,1.0548343799039774
independent_generic_37,equal_proportional,Equal proportional allocation,0.1095873669197124,0.1095873669197124,True,34.30084584586998,0.1095873669197124,0.0,5,0,4,0.3233646026913156
independent_generic_37,weighted_sum_balanced,"Weighted single objective (35), (a,b,c) = (1,1,1)",0.1095873669197124,0.1095873669197124,True,86.58660111695163,0.36872378267421546,0.3509652452104332,5,0,4,0.8162784671371518
independent_generic_37,weighted_sum_efficiency,"Weighted single objective (35), (a,b,c) = (1,5,1)",0.1095873669197124,0.0,False,98.30991808893218,0.4263936912745672,1.1332100158933158,5,2,3,0.9267977747922221
independent_generic_37,weighted_sum_guarantee,"Weighted single objective (35), (a,b,c) = (5,1,1)",0.1095873669197124,0.1095873669197124,True,86.58660111695163,0.36872378267421546,0.3509652452104332,5,0,4,0.8162784671371518
independent_generic_37,leximin,Full leximin (progressive filling),0.1095873669197124,0.1095873669197124,True,106.85948534974956,0.33214717004675803,1.9252062977327156,5,3,2,1.0073971697138424
independent_generic_38,three_stage,Three-stage lexicographic (proposed),0.2215822240071323,0.2215822240071323,True,106.06017479149324,0.511562739425747,2.9630995884442686,5,0,0,1.0
independent_generic_38,total_delivery_max,Total-delivery maximization,0.2215822240071323,0.0,False,113.66627269834943,0.43673485614764496,3.4652027632108457,5,2,3,1.0717149290184487
independent_generic_38,equal_proportional,Equal proportional allocation,0.2215822240071323,0.2215822240071323,True,65.80992053011829,0.2215822240071323,0.0,5,0,3,0.6204960595199462
independent_generic_38,weighted_sum_balanced,"Weighted single objective (35), (a,b,c) = (1,1,1)",0.2215822240071323,0.17265584531388004,False,96.64759973502244,0.5243277680218352,0.43098415503757703,5,2,3,0.91125250288362
independent_generic_38,weighted_sum_efficiency,"Weighted single objective (35), (a,b,c) = (1,5,1)",0.2215822240071323,0.024347333244219983,False,97.72380518419938,0.6093214361443137,0.6600533656142733,5,2,3,0.9213996240937509
independent_generic_38,weighted_sum_guarantee,"Weighted single objective (35), (a,b,c) = (5,1,1)",0.2215822240071323,0.2215822240071323,True,92.5630140719069,0.45350734414125626,0.9681445047030774,5,0,3,0.8727405386034788
independent_generic_38,leximin,Full leximin (progressive filling),0.2215822240071323,0.2215822240071323,True,107.18039914973312,0.4316122658798527,3.1608319875384456,5,3,2,1.0105621583260838
independent_generic_39,three_stage,Three-stage lexicographic (proposed),0.0267216585734191,0.0267216585734191,True,193.18367674273193,0.23206758695283913,8.263362657365859,15,0,0,1.0
independent_generic_39,total_delivery_max,Total-delivery maximization,0.0267216585734191,0.0,False,205.1337396269166,0.15480673876150017,7.714106634885015,15,7,8,1.0618585539196403
independent_generic_39,equal_proportional,Equal proportional allocation,0.0267216585734191,0.0267216585734191,True,30.382525797977515,0.026721658573419096,0.0,15,0,10,0.15727273810218845
independent_generic_39,weighted_sum_balanced,"Weighted single objective (35), (a,b,c) = (1,1,1)",0.0267216585734191,0.025069903368026863,False,179.83600570427552,0.1919178548328867,1.2050515122515548,15,3,12,0.9309068381785078
independent_generic_39,weighted_sum_efficiency,"Weighted single objective (35), (a,b,c) = (1,5,1)",0.0267216585734191,0.0,False,189.912483035295,0.2547165839369498,4.793280115387255,15,5,10,0.9830669248945226
independent_generic_39,weighted_sum_guarantee,"Weighted single objective (35), (a,b,c) = (5,1,1)",0.0267216585734191,0.026721658573419096,True,176.76951104486,0.19240275874060864,1.3415039384820728,15,2,8,0.9150333714802874
independent_generic_39,leximin,Full leximin (progressive filling),0.0267216585734191,0.0267216585734191,True,194.49372254388047,0.16311364469772857,5.140669558029262,15,8,7,1.0067813483169863
independent_generic_40,three_stage,Three-stage lexicographic (proposed),0.24443538697358683,0.24443538697358683,True,103.97147757126315,0.8122847524264768,1.7819716743295968,2,0,0,1.0
independent_generic_40,total_delivery_max,Total-delivery maximization,0.24443538697358683,0.24443538697358683,True,103.97147757126304,0.8122847524264767,1.7819716743295893,2,0,0,0.9999999999999989
independent_generic_40,equal_proportional,Equal proportional allocation,0.24443538697358683,0.24443538697358683,True,36.17643727209085,0.24443538697358685,0.0,2,0,2,0.3479457839511335
independent_generic_40,weighted_sum_balanced,"Weighted single objective (35), (a,b,c) = (1,1,1)",0.24443538697358683,0.24443538697358683,True,78.49647945024701,0.6660297350481974,0.5026467307246636,2,0,2,0.7549808974912826
independent_generic_40,weighted_sum_efficiency,"Weighted single objective (35), (a,b,c) = (1,5,1)",0.24443538697358683,0.24443538697358683,True,92.63800837586685,0.8069083438897613,1.0264070613031762,2,0,1,0.8909944394352939
independent_generic_40,weighted_sum_guarantee,"Weighted single objective (35), (a,b,c) = (5,1,1)",0.24443538697358683,0.24443538697358683,True,78.49647945024701,0.6660297350481974,0.5026467307246636,2,0,2,0.7549808974912826
independent_generic_40,leximin,Full leximin (progressive filling),0.24443538697358683,0.24443538697358683,True,103.97147757126304,0.8122847524264767,1.781971674329589,2,0,0,0.9999999999999989
independent_generic_41,three_stage,Three-stage lexicographic (proposed),0.10342469691955658,0.10342469691955658,True,143.66086391902357,0.29391656275304995,6.832868384306373,8,0,0,1.0
independent_generic_41,total_delivery_max,Total-delivery maximization,0.10342469691955658,0.0,False,155.7520947187264,0.2193624191787733,6.844580645510341,8,4,4,1.0841650987600786
independent_generic_41,equal_proportional,Equal proportional allocation,0.10342469691955658,0.10342469691955658,True,62.468516939412176,0.10342469691955661,0.0,8,0,6,0.43483322621965725
independent_generic_41,weighted_sum_balanced,"Weighted single objective (35), (a,b,c) = (1,1,1)",0.10342469691955658,0.0899105017725669,False,117.47179094524317,0.2634314010649925,1.0195223046155497,8,2,6,0.8177021057833661
independent_generic_41,weighted_sum_efficiency,"Weighted single objective (35), (a,b,c) = (1,5,1)",0.10342469691955658,0.0,False,122.2502403204789,0.3557363650050165,2.458972147831471,8,2,6,0.8509641177529528
independent_generic_41,weighted_sum_guarantee,"Weighted single objective (35), (a,b,c) = (5,1,1)",0.10342469691955658,0.10342469691955658,True,117.91272381839558,0.2584419358339423,1.2744889911378035,8,1,6,0.8207713680801663
independent_generic_41,leximin,Full leximin (progressive filling),0.10342469691955658,0.10342469691955658,True,146.34935210380382,0.2562508569068884,6.018967909944469,8,5,3,1.018714130706437
independent_generic_42,three_stage,Three-stage lexicographic (proposed),0.15663905485411447,0.15663905485411445,True,182.7251859863716,0.39582015114357383,8.663905548748907,7,0,0,1.0
independent_generic_42,total_delivery_max,Total-delivery maximization,0.15663905485411447,0.0,False,186.1883321324,0.4256903426737043,10.456416460675905,7,3,4,1.0189527575376867
independent_generic_42,equal_proportional,Equal proportional allocation,0.15663905485411447,0.15663905485411447,True,82.2355037984101,0.15663905485411447,0.0,7,0,7,0.4500501852248412
independent_generic_42,weighted_sum_balanced,"Weighted single objective (35), (a,b,c) = (1,1,1)",0.15663905485411447,0.15663905485411447,True,131.5233614469596,0.3662293247454175,0.6902984521123051,7,1,6,0.7197878099670899
independent_generic_42,weighted_sum_efficiency,"Weighted single objective (35), (a,b,c) = (1,5,1)",0.15663905485411447,0.0,False,126.81786398394566,0.43393166403260963,0.8748919483325889,7,3,4,0.6940360372291768
independent_generic_42,weighted_sum_guarantee,"Weighted single objective (35), (a,b,c) = (5,1,1)",0.15663905485411447,0.15663905485411447,True,131.5233614469596,0.3662293247454175,0.6902984521123051,7,1,6,0.7197878099670899
independent_generic_42,leximin,Full leximin (progressive filling),0.15663905485411447,0.15663905485411447,True,180.9543660214219,0.33124763924147416,6.746499419782194,7,3,3,0.9903088347925841
independent_generic_43,three_stage,Three-stage lexicographic (proposed),0.10465104331131472,0.10465104331131465,True,43.874095878539514,0.1758541516505976,0.4775968882513113,4,0,0,1.0
independent_generic_43,total_delivery_max,Total-delivery maximization,0.10465104331131472,0.0,False,45.30211396462486,0.1883152349274757,2.9742384626854683,4,2,2,1.0325480914760876
independent_generic_43,equal_proportional,Equal proportional allocation,0.10465104331131472,0.10465104331131472,True,28.77903691061155,0.10465104331131472,0.0,4,0,1,0.655945982118539
independent_generic_43,weighted_sum_balanced,"Weighted single objective (35), (a,b,c) = (1,1,1)",0.10465104331131472,0.10465104331131472,True,43.874095878539514,0.1758541516505976,0.47759688825131125,4,0,0,1.0
independent_generic_43,weighted_sum_efficiency,"Weighted single objective (35), (a,b,c) = (1,5,1)",0.10465104331131472,0.0,False,44.35631029181503,0.20922787873497656,0.34663868546431376,4,2,2,1.0109908683841706
independent_generic_43,weighted_sum_guarantee,"Weighted single objective (35), (a,b,c) = (5,1,1)",0.10465104331131472,0.10465104331131472,True,43.874095878539514,0.1758541516505976,0.47759688825131125,4,0,0,1.0
independent_generic_43,leximin,Full leximin (progressive filling),0.10465104331131472,0.10465104331131472,True,43.66232416916538,0.17055772179458212,0.957925838685991,4,3,1,0.9951731949084398
independent_generic_44,three_stage,Three-stage lexicographic (proposed),0.14719847537908656,0.14719847537908626,True,112.48908320308585,0.335845311990594,3.109044939280963,5,0,0,1.0
independent_generic_44,total_delivery_max,Total-delivery maximization,0.14719847537908656,0.0,False,114.23066148420617,0.3489373678545468,2.7974054113052587,5,2,3,1.015482198196745
independent_generic_44,equal_proportional,Equal proportional allocation,0.14719847537908656,0.14719847537908656,True,54.463435890262026,0.14719847537908656,0.0,5,0,4,0.4841664127703368
independent_generic_44,weighted_sum_balanced,"Weighted single objective (35), (a,b,c) = (1,1,1)",0.14719847537908656,0.14553238238244026,False,103.9051477833494,0.3253438108141177,0.7964807728406279,5,1,4,0.9236909469318089
independent_generic_44,weighted_sum_efficiency,"Weighted single objective (35), (a,b,c) = (1,5,1)",0.14719847537908656,0.0,False,98.7998561383394,0.3896982534244015,0.9854164707334685,5,2,3,0.8783061726973793
independent_generic_44,weighted_sum_guarantee,"Weighted single objective (35), (a,b,c) = (5,1,1)",0.14719847537908656,0.14719847537908654,True,103.95346785680844,0.32380839613031587,0.8392885704521875,5,1,3,0.9241205003789803
independent_generic_44,leximin,Full leximin (progressive filling),0.14719847537908656,0.14719847537908656,True,111.44790092445974,0.25751813546159763,2.170579835622556,5,2,3,0.9907441482410664
independent_generic_45,three_stage,Three-stage lexicographic (proposed),0.06974650101048838,0.06974650101048835,True,155.48877872120863,0.43925979404128795,4.401946931709903,7,0,0,1.0
independent_generic_45,total_delivery_max,Total-delivery maximization,0.06974650101048838,0.0,False,163.05320263394495,0.36346418056108193,9.611217009261786,7,4,3,1.0486493236035979
independent_generic_45,equal_proportional,Equal proportional allocation,0.06974650101048838,0.06974650101048838,True,43.242830626502794,0.06974650101048836,0.0,7,0,5,0.2781090119952462
independent_generic_45,weighted_sum_balanced,"Weighted single objective (35), (a,b,c) = (1,1,1)",0.06974650101048838,0.06974650101048836,True,112.83524188771466,0.38792222844175406,1.1678522505120281,7,0,4,0.7256809321914364
independent_generic_45,weighted_sum_efficiency,"Weighted single objective (35), (a,b,c) = (1,5,1)",0.06974650101048838,0.0,False,135.57854072328493,0.45874163922948913,2.554609225609367,7,3,4,0.8719506438877962
independent_generic_45,weighted_sum_guarantee,"Weighted single objective (35), (a,b,c) = (5,1,1)",0.06974650101048838,0.06974650101048836,True,112.83524188771464,0.38792222844175406,1.167852250512028,7,0,4,0.7256809321914363
independent_generic_45,leximin,Full leximin (progressive filling),0.06974650101048838,0.06974650101048838,True,152.42398842241803,0.32390107233939824,5.318876054310541,7,5,2,0.9802893152547956
independent_generic_46,three_stage,Three-stage lexicographic (proposed),0.05604847669197819,0.05604847669197819,True,91.22172211080924,0.4981506708603432,3.9040470019307683,5,0,0,1.0
independent_generic_46,total_delivery_max,Total-delivery maximization,0.05604847669197819,0.0,False,91.73012598738799,0.4973757338587323,4.239541929341682,5,2,2,1.0055732764610734
independent_generic_46,equal_proportional,Equal proportional allocation,0.05604847669197819,0.05604847669197819,True,16.1980097639817,0.05604847669197819,0.0,5,0,5,0.1775674629810823
independent_generic_46,weighted_sum_balanced,"Weighted single objective (35), (a,b,c) = (1,1,1)",0.05604847669197819,0.05604847669197819,True,72.959196008794,0.46731510449948427,1.8578670521787533,5,0,3,0.7998006869478816
independent_generic_46,weighted_sum_efficiency,"Weighted single objective (35), (a,b,c) = (1,5,1)",0.05604847669197819,0.05604847669197819,True,81.0989291942523,0.4788936723308617,2.2370430843659492,5,0,2,0.8890308943711835
independent_generic_46,weighted_sum_guarantee,"Weighted single objective (35), (a,b,c) = (5,1,1)",0.05604847669197819,0.05604847669197819,True,72.959196008794,0.46731510449948427,1.8578670521787533,5,0,3,0.7998006869478816
independent_generic_46,leximin,Full leximin (progressive filling),0.05604847669197819,0.05604847669197819,True,91.02931450894467,0.4885459247891463,4.566069621174616,5,2,2,0.9978907699020322
independent_generic_47,three_stage,Three-stage lexicographic (proposed),0.13866220781250982,0.13866220781250982,True,147.86657449022175,0.5056128247172897,3.8750584324553956,9,0,0,1.0
independent_generic_47,total_delivery_max,Total-delivery maximization,0.13866220781250982,0.0,False,149.2844868565475,0.5055148250034216,4.59432222248401,9,3,2,1.0095891337931786
independent_generic_47,equal_proportional,Equal proportional allocation,0.13866220781250982,0.13866220781250982,True,49.225083773440986,0.1386622078125098,0.0,9,0,8,0.33290203646866917
independent_generic_47,weighted_sum_balanced,"Weighted single objective (35), (a,b,c) = (1,1,1)",0.13866220781250982,0.13866220781250982,True,97.81014207547048,0.43304621784150277,0.4849569050023861,9,0,6,0.6614756743549135
independent_generic_47,weighted_sum_efficiency,"Weighted single objective (35), (a,b,c) = (1,5,1)",0.13866220781250982,0.13866220781250982,True,138.02563382873154,0.49164959762852195,1.9798658485689358,9,1,3,0.9334471587279451
independent_generic_47,weighted_sum_guarantee,"Weighted single objective (35), (a,b,c) = (5,1,1)",0.13866220781250982,0.13866220781250982,True,97.81014207547048,0.43304621784150277,0.4849569050023861,9,0,6,0.6614756743549135
independent_generic_47,leximin,Full leximin (progressive filling),0.13866220781250982,0.13866220781250982,True,147.17011904778468,0.4760428055391763,3.6410619324080895,9,3,5,0.9952899737832019
independent_generic_48,three_stage,Three-stage lexicographic (proposed),0.13895793861954403,0.138957938619544,True,156.16174568539265,0.3051413923730434,5.372860527610632,7,0,0,1.0
independent_generic_48,total_delivery_max,Total-delivery maximization,0.13895793861954403,0.0,False,172.02667092303415,0.18004610574345825,7.11181208560764,7,4,3,1.1015929039984182
independent_generic_48,equal_proportional,Equal proportional allocation,0.13895793861954403,0.13895793861954403,True,75.59311860903196,0.13895793861954403,0.0,7,0,5,0.48406937484756185
independent_generic_48,weighted_sum_balanced,"Weighted single objective (35), (a,b,c) = (1,1,1)",0.13895793861954403,0.13895793861954403,True,114.06035855848516,0.22830052924564612,0.4746383224044698,7,1,4,0.7303988442103742
independent_generic_48,weighted_sum_efficiency,"Weighted single objective (35), (a,b,c) = (1,5,1)",0.13895793861954403,0.0,False,123.99475350547465,0.37194764739397146,2.3005859302599516,7,2,5,0.794014903978325
independent_generic_48,weighted_sum_guarantee,"Weighted single objective (35), (a,b,c) = (5,1,1)",0.13895793861954403,0.138957938619544,True,114.06035855848516,0.22830052924564606,0.4746383224044698,7,1,4,0.7303988442103742
independent_generic_48,leximin,Full leximin (progressive filling),0.13895793861954403,0.13895793861954403,True,157.96195892615077,0.23105800876696111,4.506679265647189,7,5,2,1.0115278760035438
independent_generic_49,three_stage,Three-stage lexicographic (proposed),0.12937743010262256,0.1293774301026156,True,112.50411224616981,0.4132698304234035,2.6131058561180636,4,0,0,1.0
independent_generic_49,total_delivery_max,Total-delivery maximization,0.12937743010262256,0.0,False,116.19946793444389,0.35582746650060604,4.537546580319882,4,3,1,1.032846405473502
independent_generic_49,equal_proportional,Equal proportional allocation,0.12937743010262256,0.12937743010262256,True,48.38715885838084,0.12937743010262256,0.0,4,0,3,0.43009235744650015
independent_generic_49,weighted_sum_balanced,"Weighted single objective (35), (a,b,c) = (1,1,1)",0.12937743010262256,0.11773812709694392,False,82.37091793704819,0.3870520538809039,0.7724038730015392,4,0,4,0.732159174384779
independent_generic_49,weighted_sum_efficiency,"Weighted single objective (35), (a,b,c) = (1,5,1)",0.12937743010262256,0.0,False,79.81530863922463,0.48227425152004566,0.9929703294836295,4,1,3,0.709443477626676
independent_generic_49,weighted_sum_guarantee,"Weighted single objective (35), (a,b,c) = (5,1,1)",0.12937743010262256,0.12937743010262256,True,82.59554243499598,0.37743546018166874,0.8020381601310889,4,0,3,0.7341557636068359
independent_generic_49,leximin,Full leximin (progressive filling),0.12937743010262256,0.12937743010262256,True,112.69568340782222,0.3070333864118695,2.1963622502352136,4,3,1,1.0017027925275588
independent_generic_50,three_stage,Three-stage lexicographic (proposed),0.10642035662346794,0.10642035662346792,True,363.1078248796709,0.4231962422147206,7.684616275811954,12,0,0,1.0
independent_generic_50,total_delivery_max,Total-delivery maximization,0.10642035662346794,0.0,False,377.05527905956853,0.3144694678692703,14.894316198869587,12,5,7,1.0384113291541421
independent_generic_50,equal_proportional,Equal proportional allocation,0.10642035662346794,0.10642035662346794,True,115.89176836295658,0.10642035662346794,0.0,12,0,8,0.31916626528597003
independent_generic_50,weighted_sum_balanced,"Weighted single objective (35), (a,b,c) = (1,1,1)",0.10642035662346794,0.10642035662346792,True,335.9172295389642,0.3888761915937572,2.067043424495123,12,3,5,0.9251170217834956
independent_generic_50,weighted_sum_efficiency,"Weighted single objective (35), (a,b,c) = (1,5,1)",0.10642035662346794,0.0,False,359.6693774954694,0.49193706106493196,3.729700875890246,12,6,6,0.9905305059582757
independent_generic_50,weighted_sum_guarantee,"Weighted single objective (35), (a,b,c) = (5,1,1)",0.10642035662346794,0.10642035662346792,True,335.9172295389642,0.3888761915937572,2.067043424495123,12,3,5,0.9251170217834956
independent_generic_50,leximin,Full leximin (progressive filling),0.10642035662346794,0.10642035662346794,True,361.7209769871476,0.29979404036393953,5.555757147978231,12,7,5,0.9961806168925639
independent_generic_51,three_stage,Three-stage lexicographic (proposed),0.07499130449456154,0.07499130449456154,True,171.59461540698805,0.3060103354059359,10.030522369902007,11,0,0,1.0
independent_generic_51,total_delivery_max,Total-delivery maximization,0.07499130449456154,0.0,False,180.08029288356025,0.18386841168824467,13.426356762288714,11,7,4,1.049451886683308
independent_generic_51,equal_proportional,Equal proportional allocation,0.07499130449456154,0.07499130449456154,True,56.5434435888994,0.07499130449456154,0.0,11,0,9,0.3295175868706001
independent_generic_51,weighted_sum_balanced,"Weighted single objective (35), (a,b,c) = (1,1,1)",0.07499130449456154,0.054625766039376106,False,113.61185841955921,0.2572945628487496,0.8226032320315697,11,3,8,0.6620945427109973
independent_generic_51,weighted_sum_efficiency,"Weighted single objective (35), (a,b,c) = (1,5,1)",0.07499130449456154,0.0,False,151.38018899214018,0.34025431366719067,4.134925469351079,11,3,8,0.8821966157451776
independent_generic_51,weighted_sum_guarantee,"Weighted single objective (35), (a,b,c) = (5,1,1)",0.07499130449456154,0.07499130449456155,True,116.12833845158586,0.24248648389579489,0.9917529217164136,11,2,7,0.6767598049399901
independent_generic_51,leximin,Full leximin (progressive filling),0.07499130449456154,0.07499130449456154,True,169.21872967368824,0.2121087093683616,7.153044206821507,11,7,4,0.9861540775760085
independent_generic_52,three_stage,Three-stage lexicographic (proposed),0.07865643983723526,0.07865643983709433,True,243.55990779846366,0.45996060727528526,8.690212089107982,15,0,0,1.0
independent_generic_52,total_delivery_max,Total-delivery maximization,0.07865643983723526,0.0,False,249.23913581774775,0.34063208510031023,10.651314238027663,15,5,8,1.0233175815782598
independent_generic_52,equal_proportional,Equal proportional allocation,0.07865643983723526,0.07865643983723526,True,53.722348408831685,0.07865643983723528,0.0,15,0,13,0.2205713940953075
independent_generic_52,weighted_sum_balanced,"Weighted single objective (35), (a,b,c) = (1,1,1)",0.07865643983723526,0.07865643983723526,True,190.0325952863635,0.395009968250959,0.821984786819287,15,3,10,0.7802293776675596
independent_generic_52,weighted_sum_efficiency,"Weighted single objective (35), (a,b,c) = (1,5,1)",0.07865643983723526,0.0,False,232.87050125830174,0.4706968935358721,4.182639578074532,15,6,8,0.9561117975582132
independent_generic_52,weighted_sum_guarantee,"Weighted single objective (35), (a,b,c) = (5,1,1)",0.07865643983723526,0.07865643983723526,True,190.0325952863635,0.395009968250959,0.821984786819287,15,3,10,0.7802293776675596
independent_generic_52,leximin,Full leximin (progressive filling),0.07865643983723526,0.07865643983723526,True,241.66201869243204,0.3488323275296405,6.052408875339748,15,8,7,0.9922077113463106
independent_generic_53,three_stage,Three-stage lexicographic (proposed),0.1237086311715903,0.12370863117159021,True,128.08414849324168,0.495663916793166,5.1853670543511265,5,0,0,1.0
independent_generic_53,total_delivery_max,Total-delivery maximization,0.1237086311715903,0.0,False,132.8175504353998,0.36457485116060073,5.940207034167908,5,3,2,1.0369554078146357
independent_generic_53,equal_proportional,Equal proportional allocation,0.1237086311715903,0.1237086311715903,True,40.08159649959526,0.12370863117159028,0.0,5,0,5,0.31293174816015695
independent_generic_53,weighted_sum_balanced,"Weighted single objective (35), (a,b,c) = (1,1,1)",0.1237086311715903,0.12370863117159028,True,82.77398532565584,0.29162363147074705,1.5265566588595902e-16,5,1,4,0.6462469111080001
independent_generic_53,weighted_sum_efficiency,"Weighted single objective (35), (a,b,c) = (1,5,1)",0.1237086311715903,0.0,False,119.66220880432485,0.5581404994016022,3.0164307309653067,5,3,2,0.934246822983242
independent_generic_53,weighted_sum_guarantee,"Weighted single objective (35), (a,b,c) = (5,1,1)",0.1237086311715903,0.12370863117159028,True,82.77398532565584,0.29162363147074705,1.5265566588595902e-16,5,1,4,0.6462469111080001
independent_generic_53,leximin,Full leximin (progressive filling),0.1237086311715903,0.1237086311715903,True,128.2030069271922,0.35111078776723587,3.9187165505191253,5,2,3,1.0009279714574266
independent_generic_54,three_stage,Three-stage lexicographic (proposed),0.15401962806609804,0.15401962806609804,True,233.93896628319047,0.55954065547541,6.398305746984959,8,0,0,1.0
independent_generic_54,total_delivery_max,Total-delivery maximization,0.15401962806609804,0.0,False,246.47251041691166,0.421696139643874,12.027871584212235,8,3,5,1.053576128564016
independent_generic_54,equal_proportional,Equal proportional allocation,0.15401962806609804,0.15401962806609804,True,109.970014439194,0.15401962806609804,0.0,8,0,4,0.4700799366022326
independent_generic_54,weighted_sum_balanced,"Weighted single objective (35), (a,b,c) = (1,1,1)",0.15401962806609804,0.1537999504649196,False,190.4489773866451,0.4958969197860115,1.110891779260088,8,1,7,0.8140968578791643
independent_generic_54,weighted_sum_efficiency,"Weighted single objective (35), (a,b,c) = (1,5,1)",0.15401962806609804,0.0,False,198.0620550988745,0.6466540582192568,2.8281664468214465,8,3,5,0.8466398661397613
independent_generic_54,weighted_sum_guarantee,"Weighted single objective (35), (a,b,c) = (5,1,1)",0.15401962806609804,0.15401962806609804,True,190.4508174101486,0.49578071373317345,1.1167349808915512,8,1,4,0.8141047232789851
independent_generic_54,leximin,Full leximin (progressive filling),0.15401962806609804,0.15401962806609804,True,230.002755146421,0.4089218130482283,3.479087552734115,8,5,3,0.9831741962473898
independent_generic_55,three_stage,Three-stage lexicographic (proposed),0.17038593427727858,0.17038593427727858,True,86.04659999938161,0.44081276691183874,2.2168492085494336,3,0,0,1.0
independent_generic_55,total_delivery_max,Total-delivery maximization,0.17038593427727858,0.0,False,87.36340146515718,0.39217880155726575,3.1390840398667303,3,2,1,1.0153033526691937
independent_generic_55,equal_proportional,Equal proportional allocation,0.17038593427727858,0.17038593427727858,True,37.31451960672401,0.17038593427727858,0.0,3,0,3,0.4336547824898622
independent_generic_55,weighted_sum_balanced,"Weighted single objective (35), (a,b,c) = (1,1,1)",0.17038593427727858,0.17038593427727855,True,76.65981191690881,0.3893050234354522,0.5336478363298254,3,1,2,0.8909104127003244
independent_generic_55,weighted_sum_efficiency,"Weighted single objective (35), (a,b,c) = (1,5,1)",0.17038593427727858,0.0,False,80.1858992635434,0.4700861286130934,1.3647057101739017,3,1,2,0.9318892235616477
independent_generic_55,weighted_sum_guarantee,"Weighted single objective (35), (a,b,c) = (5,1,1)",0.17038593427727858,0.17038593427727855,True,76.65981191690881,0.3893050234354522,0.5336478363298254,3,1,2,0.8909104127003244
independent_generic_55,leximin,Full leximin (progressive filling),0.17038593427727858,0.17038593427727858,True,86.37505195909208,0.4074564053800406,2.125687686745289,3,2,1,1.003817140476356
independent_generic_56,three_stage,Three-stage lexicographic (proposed),0.06485499345274688,0.06485499345274688,True,77.03216216140001,0.22494259246245785,4.481081825756722,5,0,0,1.0
independent_generic_56,total_delivery_max,Total-delivery maximization,0.06485499345274688,0.0,False,79.02156314515098,0.1020254863478858,4.834082790345374,5,2,3,1.0258255893114192
independent_generic_56,equal_proportional,Equal proportional allocation,0.06485499345274688,0.06485499345274688,True,26.525692322173477,0.0648549934527469,0.0,5,0,4,0.34434568078974703
independent_generic_56,weighted_sum_balanced,"Weighted single objective (35), (a,b,c) = (1,1,1)",0.06485499345274688,0.06485499345274687,True,49.53443453546473,0.17510698341691436,0.7779385567096742,5,0,4,0.6430357547497986
independent_generic_56,weighted_sum_efficiency,"Weighted single objective (35), (a,b,c) = (1,5,1)",0.06485499345274688,0.0,False,75.792732895522,0.25454602551349326,2.180476481963917,5,2,3,0.9839102365674077
independent_generic_56,weighted_sum_guarantee,"Weighted single objective (35), (a,b,c) = (5,1,1)",0.06485499345274688,0.06485499345274688,True,49.53443453546473,0.17510698341691436,0.7779385567096738,5,0,4,0.6430357547497986
independent_generic_56,leximin,Full leximin (progressive filling),0.06485499345274688,0.06485499345274688,True,76.99219134317025,0.17034530935988348,4.120354628412626,5,4,1,0.9994811151977532
independent_generic_57,three_stage,Three-stage lexicographic (proposed),0.17484150738550627,0.17484150738550627,True,28.15016363917125,0.2680967965635357,0.32554937929945993,1,0,0,1.0
independent_generic_57,total_delivery_max,Total-delivery maximization,0.17484150738550627,0.17484150738550627,True,28.15016363917125,0.2680967965635357,0.3255493792994598,1,0,0,1.0
independent_generic_57,equal_proportional,Equal proportional allocation,0.17484150738550627,0.17484150738550627,True,18.35835827547816,0.17484150738550625,0.0,1,0,1,0.6521581370110514
independent_generic_57,weighted_sum_balanced,"Weighted single objective (35), (a,b,c) = (1,1,1)",0.17484150738550627,0.17484150738550627,True,21.044951539736623,0.20042810990225354,0.06888700677585807,1,0,1,0.7475960640758887
independent_generic_57,weighted_sum_efficiency,"Weighted single objective (35), (a,b,c) = (1,5,1)",0.17484150738550627,0.17484150738550627,True,28.15016363917125,0.2680967965635357,0.3255493792994598,1,0,0,1.0
independent_generic_57,weighted_sum_guarantee,"Weighted single objective (35), (a,b,c) = (5,1,1)",0.17484150738550627,0.17484150738550627,True,21.044951539736623,0.20042810990225354,0.06888700677585807,1,0,1,0.7475960640758887
independent_generic_57,leximin,Full leximin (progressive filling),0.17484150738550627,0.17484150738550627,True,28.15016363917125,0.2680967965635357,0.3255493792994596,1,0,0,1.0
independent_generic_58,three_stage,Three-stage lexicographic (proposed),0.06246381949892857,0.062463819498927875,True,275.9140529510071,0.35379087842900314,9.429571021508709,15,0,0,1.0
independent_generic_58,total_delivery_max,Total-delivery maximization,0.06246381949892857,0.0,False,286.359877129193,0.2970102061764447,12.581183406371405,15,8,7,1.0378589784263028
independent_generic_58,equal_proportional,Equal proportional allocation,0.06246381949892857,0.06246381949892857,True,72.02078388226464,0.06246381949892858,0.0,15,0,9,0.2610261532965596
independent_generic_58,weighted_sum_balanced,"Weighted single objective (35), (a,b,c) = (1,1,1)",0.06246381949892857,0.06246381949892852,True,248.06898204675593,0.3083868780073985,2.3463072175345805,15,1,7,0.8990806354136827
independent_generic_58,weighted_sum_efficiency,"Weighted single objective (35), (a,b,c) = (1,5,1)",0.06246381949892857,0.0,False,265.57120385663353,0.3815240697494808,6.312716040928041,15,5,10,0.9625142359232783
independent_generic_58,weighted_sum_guarantee,"Weighted single objective (35), (a,b,c) = (5,1,1)",0.06246381949892857,0.06246381949892857,True,248.06898204675593,0.30838687800739845,2.3463072175345805,15,1,7,0.8990806354136827
independent_generic_58,leximin,Full leximin (progressive filling),0.06246381949892857,0.06246381949892857,True,270.6477095790792,0.24947835768277293,4.293679261811308,15,9,6,0.9809131020489812
independent_generic_59,three_stage,Three-stage lexicographic (proposed),0.05574007294553213,0.055740072923261275,True,350.2508498943032,0.41952532182505003,10.654543919763462,13,0,0,1.0
independent_generic_59,total_delivery_max,Total-delivery maximization,0.05574007294553213,0.0,False,361.46593195923936,0.2996389930015684,13.790313401005513,13,5,6,1.0320201423303343
independent_generic_59,equal_proportional,Equal proportional allocation,0.05574007294553213,0.05574007294553213,True,57.46801520684363,0.05574007294553212,0.0,13,0,12,0.164076733073413
independent_generic_59,weighted_sum_balanced,"Weighted single objective (35), (a,b,c) = (1,1,1)",0.05574007294553213,0.05574007294553207,True,263.1369329666228,0.3214854505167706,0.9664319933303878,13,3,9,0.7512813546234958
independent_generic_59,weighted_sum_efficiency,"Weighted single objective (35), (a,b,c) = (1,5,1)",0.05574007294553213,0.0,False,342.92657254322006,0.4345716156287236,6.943636445823296,13,4,7,0.9790884808608076
independent_generic_59,weighted_sum_guarantee,"Weighted single objective (35), (a,b,c) = (5,1,1)",0.05574007294553213,0.05574007294553213,True,263.1369329666228,0.3214854505167706,0.9664319933303878,13,3,9,0.7512813546234958
independent_generic_59,leximin,Full leximin (progressive filling),0.05574007294553213,0.05574007294553213,True,347.04239069501426,0.309398762809361,7.92334918077502,13,6,6,0.9908395391467082
