family,family_label,capacity_rule,instance,G1_closed_vs_lp,G3_operator_balance,G4_node_residual,G5_physical_abs,G5_physical_rel,G6_floor,G7_satisfaction,G8_variation_excess,lambda_star,bottleneck_class,bottleneck_count,bottleneck_slack_lp,bottleneck_slack_stage3,bottleneck_tight,lp_relax_others,lp_relax_named,bottleneck_sufficient,bottleneck_necessary,bottleneck_identified,omega_stage2,omega_stage3,stage2_face_width,stage2_optimum_unique,stage3_active,stage3_outcome,stage3_relative_reduction,ratios_moved_by_stage3,users,edges,periods,active_records,gate_violations
random_caps,"Random efficiencies, fixed capacity ratios (7/10, 13/10)",prescribed,random_caps_0,1.1102230246251565e-16,0.0,0.0,0.0,0.0,0.0,0.0,0.0,0.7,source,3,1.8015914610037605e-16,1.277743987373827e-16,True,0.7000000000000001,0.7007,True,True,True,1.7763568394002505e-15,0.0,1.0880185641326534e-14,True,False,redundant: Stage-2 optimum unique,1.0,0,11,20,3,33,0
random_caps,"Random efficiencies, fixed capacity ratios (7/10, 13/10)",prescribed,random_caps_1,1.1102230246251565e-16,0.0,0.0,0.0,0.0,0.0,0.0,0.0,0.7,source,3,2.144942906062782e-16,2.1001332909172217e-16,True,0.7000000000000001,0.7007,True,True,True,1.1102230246251565e-15,0.0,1.5543122344752192e-15,True,False,redundant: Stage-2 optimum unique,1.0,0,2,5,3,6,0
random_caps,"Random efficiencies, fixed capacity ratios (7/10, 13/10)",prescribed,random_caps_2,1.1102230246251565e-16,0.0,0.0,0.0,0.0,0.0,1.1102230246251565e-16,0.0,0.7,source,3,1.5465536910886498e-16,1.7242442893473435e-16,True,0.7000000000000001,0.7007000000000001,True,True,True,1.8540724511240114e-14,0.0,0.0,True,False,redundant: Stage-2 optimum unique,1.0,0,11,20,3,33,0
random_caps,"Random efficiencies, fixed capacity ratios (7/10, 13/10)",prescribed,random_caps_3,0.0,0.0,0.0,0.0,0.0,0.0,0.0,0.0,0.7,source,3,1.5365617844843538e-16,1.5365617844843538e-16,True,0.7,0.7007,True,True,True,4.6629367034256575e-15,0.0,3.3306690738754696e-15,True,False,redundant: Stage-2 optimum unique,1.0,0,9,16,3,27,0
random_caps,"Random efficiencies, fixed capacity ratios (7/10, 13/10)",prescribed,random_caps_4,0.0,0.0,0.0,0.0,0.0,0.0,0.0,0.0,0.7,source,3,1.7677704112728704e-16,1.7677704112728704e-16,True,0.7,0.7007,True,True,True,2.220446049250313e-15,0.0,3.9968028886505635e-15,True,False,redundant: Stage-2 optimum unique,1.0,0,5,8,3,15,0
random_caps,"Random efficiencies, fixed capacity ratios (7/10, 13/10)",prescribed,random_caps_5,1.1102230246251565e-16,0.0,0.0,0.0,0.0,0.0,1.1102230246251565e-16,0.0,0.7,source,3,1.1363363765099059e-16,1.7016750818639238e-16,True,0.7000000000000001,0.7007,True,True,True,5.551115123125783e-16,0.0,4.440892098500626e-16,True,False,redundant: Stage-2 optimum unique,1.0,0,2,4,3,6,0
random_caps,"Random efficiencies, fixed capacity ratios (7/10, 13/10)",prescribed,random_caps_6,1.1102230246251565e-16,0.0,0.0,0.0,0.0,0.0,1.1102230246251565e-16,0.0,0.7,source,3,1.5962712486811108e-16,1.489312261292179e-16,True,0.7000000000000001,0.7007000000000001,True,True,True,8.881784197001252e-16,0.0,1.2101430968414206e-14,True,False,redundant: Stage-2 optimum unique,1.0,0,8,14,3,24,0
random_caps,"Random efficiencies, fixed capacity ratios (7/10, 13/10)",prescribed,random_caps_7,0.0,0.0,0.0,0.0,0.0,0.0,1.1102230246251565e-16,0.0,0.7,source,3,1.9864704716298242e-16,1.9864704716298242e-16,True,0.7,0.7007,True,True,True,3.963496197911809e-14,0.0,1.887379141862766e-14,True,False,redundant: Stage-2 optimum unique,1.0,0,11,20,3,33,0
random_caps,"Random efficiencies, fixed capacity ratios (7/10, 13/10)",prescribed,random_caps_8,1.1102230246251565e-16,0.0,0.0,0.0,0.0,0.0,0.0,0.0,0.7,source,3,1.9159146595607127e-16,1.6208403171097206e-16,True,0.7000000000000001,0.7007,True,True,True,5.329070518200751e-15,0.0,5.773159728050814e-15,True,False,redundant: Stage-2 optimum unique,1.0,0,13,22,3,39,0
random_caps,"Random efficiencies, fixed capacity ratios (7/10, 13/10)",prescribed,random_caps_9,1.1102230246251565e-16,0.0,0.0,0.0,0.0,0.0,0.0,0.0,0.7,source,3,2.886610129648528e-16,1.443305064824264e-16,True,0.6999999999999998,0.7006999999999999,True,True,True,8.215650382226158e-15,0.0,8.881784197001252e-15,True,False,redundant: Stage-2 optimum unique,1.0,0,8,12,3,24,0
random_caps,"Random efficiencies, fixed capacity ratios (7/10, 13/10)",prescribed,random_caps_10,0.0,0.0,0.0,0.0,0.0,0.0,1.1102230246251565e-16,0.0,0.7,source,3,1.3567161466421433e-16,1.3567161466421433e-16,True,0.7,0.7006999999999999,True,True,True,1.2212453270876722e-15,0.0,0.0,True,False,redundant: Stage-2 optimum unique,1.0,0,6,9,3,18,0
random_caps,"Random efficiencies, fixed capacity ratios (7/10, 13/10)",prescribed,random_caps_11,1.1102230246251565e-16,0.0,0.0,0.0,0.0,0.0,0.0,0.0,0.7,source,3,1.8289887594400128e-16,0.0,True,0.6999999999999998,0.7006999999999999,True,True,True,8.43769498715119e-15,0.0,7.327471962526033e-15,True,False,redundant: Stage-2 optimum unique,1.0,0,5,10,3,15,0
random_caps,"Random efficiencies, fixed capacity ratios (7/10, 13/10)",prescribed,random_caps_12,0.0,0.0,0.0,0.0,0.0,0.0,0.0,0.0,0.7,source,3,1.1719894800749377e-16,1.1719894800749377e-16,True,0.7,0.7006999999999999,True,True,True,2.9976021664879227e-15,0.0,3.552713678800501e-15,True,False,redundant: Stage-2 optimum unique,1.0,0,12,22,3,36,0
random_caps,"Random efficiencies, fixed capacity ratios (7/10, 13/10)",prescribed,random_caps_13,0.0,0.0,0.0,0.0,0.0,0.0,1.1102230246251565e-16,0.0,0.7,source,3,1.9439227919225638e-16,1.9439227919225638e-16,True,0.7,0.7006999999999999,True,True,True,5.551115123125783e-16,0.0,3.1086244689504383e-15,True,False,redundant: Stage-2 optimum unique,1.0,0,5,8,3,15,0
random_caps,"Random efficiencies, fixed capacity ratios (7/10, 13/10)",prescribed,random_caps_14,1.1102230246251565e-16,0.0,0.0,0.0,0.0,0.0,2.220446049250313e-16,0.0,0.7,source,3,2.0006552935598801e-16,1.21805511656767e-16,True,0.7000000000000001,0.7007,True,True,True,9.992007221626409e-16,0.0,1.0547118733938987e-15,True,False,redundant: Stage-2 optimum unique,1.0,0,5,10,3,15,0
random_caps,"Random efficiencies, fixed capacity ratios (7/10, 13/10)",prescribed,random_caps_15,0.0,0.0,0.0,0.0,0.0,0.0,0.0,0.0,0.7,source,3,0.0,0.0,True,0.7,0.7007,True,True,True,0.0,0.0,0.0,True,False,redundant: Stage-2 optimum unique,0.0,0,1,3,3,3,0
random_caps,"Random efficiencies, fixed capacity ratios (7/10, 13/10)",prescribed,random_caps_16,0.0,0.0,0.0,0.0,0.0,0.0,1.1102230246251565e-16,0.0,0.7,source,3,2.1469093646978352e-16,2.1469093646978352e-16,True,0.7,0.7006999999999998,True,True,True,1.4432899320127035e-15,0.0,1.1324274851176597e-14,True,False,redundant: Stage-2 optimum unique,1.0,0,12,21,3,36,0
random_caps,"Random efficiencies, fixed capacity ratios (7/10, 13/10)",prescribed,random_caps_17,0.0,0.0,0.0,0.0,0.0,0.0,1.1102230246251565e-16,0.0,0.7,source,3,1.7835220964698881e-16,1.7835220964698881e-16,True,0.7,0.7006999999999999,True,True,True,5.551115123125783e-15,0.0,1.509903313490213e-14,True,False,redundant: Stage-2 optimum unique,1.0,0,6,10,3,18,0
random_caps,"Random efficiencies, fixed capacity ratios (7/10, 13/10)",prescribed,random_caps_18,0.0,0.0,0.0,0.0,0.0,0.0,0.0,0.0,0.7,source,3,1.140545251635025e-16,1.140545251635025e-16,True,0.7,0.7007,True,True,True,6.661338147750939e-16,0.0,0.0,True,False,redundant: Stage-2 optimum unique,1.0,0,15,25,3,45,0
random_caps,"Random efficiencies, fixed capacity ratios (7/10, 13/10)",prescribed,random_caps_19,1.1102230246251565e-16,0.0,0.0,0.0,0.0,0.0,2.220446049250313e-16,0.0,0.7,source,3,1.2977320429692035e-16,1.2643480381867568e-16,True,0.7000000000000001,0.7007,True,True,True,1.1102230246251565e-16,0.0,4.440892098500626e-16,True,False,redundant: Stage-2 optimum unique,1.0,0,2,4,3,6,0
random_caps,"Random efficiencies, fixed capacity ratios (7/10, 13/10)",prescribed,random_caps_20,0.0,0.0,0.0,0.0,0.0,0.0,0.0,0.0,0.7,source,3,1.3401162047111206e-16,1.3401162047111206e-16,True,0.7,0.7007,True,True,True,1.3766765505351941e-14,0.0,0.0,True,False,redundant: Stage-2 optimum unique,1.0,0,5,8,3,15,0
random_caps,"Random efficiencies, fixed capacity ratios (7/10, 13/10)",prescribed,random_caps_21,0.0,0.0,0.0,0.0,0.0,0.0,1.1102230246251565e-16,0.0,0.7,source,3,1.3789899047583327e-16,1.3789899047583327e-16,True,0.7,0.7007,True,True,True,7.549516567451064e-15,0.0,7.882583474838611e-15,True,False,redundant: Stage-2 optimum unique,1.0,0,10,18,3,30,0
random_caps,"Random efficiencies, fixed capacity ratios (7/10, 13/10)",prescribed,random_caps_22,1.1102230246251565e-16,0.0,0.0,0.0,0.0,0.0,1.1102230246251565e-16,0.0,0.7,source,3,1.8306427325671103e-16,1.5142537296884621e-16,True,0.7000000000000001,0.7007,True,True,True,5.662137425588298e-15,0.0,6.217248937900877e-14,True,False,redundant: Stage-2 optimum unique,1.0,0,17,25,3,51,0
random_caps,"Random efficiencies, fixed capacity ratios (7/10, 13/10)",prescribed,random_caps_23,0.0,0.0,0.0,0.0,0.0,0.0,1.1102230246251565e-16,0.0,0.7,source,3,0.0,0.0,True,0.7,0.7007,True,True,True,1.1213252548714081e-14,0.0,0.0,True,False,redundant: Stage-2 optimum unique,1.0,0,9,17,3,27,0
random_caps,"Random efficiencies, fixed capacity ratios (7/10, 13/10)",prescribed,random_caps_24,0.0,0.0,0.0,0.0,0.0,0.0,1.1102230246251565e-16,0.0,0.7,source,3,2.056290468477029e-16,1.5851517161848587e-16,True,0.7,0.7006999999999999,True,True,True,2.6645352591003757e-15,0.0,1.1102230246251565e-15,True,False,redundant: Stage-2 optimum unique,1.0,0,3,6,3,9,0
random_caps,"Random efficiencies, fixed capacity ratios (7/10, 13/10)",prescribed,random_caps_25,1.1102230246251565e-16,0.0,0.0,0.0,0.0,0.0,0.0,0.0,0.7,source,3,1.4512582885417511e-16,1.2058268168411789e-16,True,0.7000000000000001,0.7007,True,True,True,6.661338147750939e-16,0.0,4.052314039881821e-15,True,False,redundant: Stage-2 optimum unique,1.0,0,5,10,3,15,0
random_caps,"Random efficiencies, fixed capacity ratios (7/10, 13/10)",prescribed,random_caps_26,1.1102230246251565e-16,0.0,0.0,0.0,0.0,0.0,1.1102230246251565e-16,0.0,0.7,source,3,2.0797291895701778e-16,2.0797291895701778e-16,True,0.6999999999999998,0.7007,True,True,True,2.3314683517128287e-15,0.0,1.7763568394002505e-15,True,False,redundant: Stage-2 optimum unique,1.0,0,6,12,3,18,0
random_caps,"Random efficiencies, fixed capacity ratios (7/10, 13/10)",prescribed,random_caps_27,0.0,0.0,0.0,0.0,0.0,0.0,1.1102230246251565e-16,0.0,0.7,source,3,1.897833522472418e-16,1.897833522472418e-16,True,0.7,0.7007,True,True,True,4.1522341120980855e-14,0.0,1.7985612998927536e-14,True,False,redundant: Stage-2 optimum unique,1.0,0,16,26,3,48,0
random_caps,"Random efficiencies, fixed capacity ratios (7/10, 13/10)",prescribed,random_caps_28,0.0,0.0,0.0,0.0,0.0,0.0,1.1102230246251565e-16,0.0,0.7,source,3,1.8445818286990395e-16,1.8445818286990395e-16,True,0.7,0.7006999999999999,True,True,True,3.3306690738754696e-16,0.0,0.0,True,False,redundant: Stage-2 optimum unique,1.0,0,2,5,3,6,0
random_caps,"Random efficiencies, fixed capacity ratios (7/10, 13/10)",prescribed,random_caps_29,1.1102230246251565e-16,0.0,0.0,0.0,0.0,0.0,1.1102230246251565e-16,0.0,0.7,source,3,1.7435935030470485e-16,1.7591321490852455e-16,True,0.7000000000000001,0.7007,True,True,True,1.4432899320127035e-15,0.0,5.662137425588298e-15,True,False,redundant: Stage-2 optimum unique,1.0,0,11,20,3,33,0
random_caps,"Random efficiencies, fixed capacity ratios (7/10, 13/10)",prescribed,random_caps_30,0.0,0.0,0.0,7.105427357601002e-15,1.6014413359481506e-16,0.0,0.0,0.0,0.7,source,3,1.4519131878741953e-16,1.6014413359481506e-16,True,0.7,0.7007,True,True,True,4.440892098500626e-16,0.0,2.220446049250313e-16,True,False,redundant: Stage-2 optimum unique,1.0,0,2,4,3,6,0
random_caps,"Random efficiencies, fixed capacity ratios (7/10, 13/10)",prescribed,random_caps_31,0.0,0.0,0.0,0.0,0.0,0.0,0.0,0.0,0.7,source,3,0.0,0.0,True,0.7,0.7007,True,True,True,2.220446049250313e-16,0.0,1.7763568394002505e-15,True,False,redundant: Stage-2 optimum unique,1.0,0,7,11,3,21,0
random_caps,"Random efficiencies, fixed capacity ratios (7/10, 13/10)",prescribed,random_caps_32,1.1102230246251565e-16,0.0,0.0,0.0,0.0,0.0,0.0,0.0,0.7,source,3,1.9183885894896708e-16,1.173550041822572e-16,True,0.7000000000000001,0.7007,True,True,True,4.440892098500626e-16,0.0,8.881784197001252e-16,True,False,redundant: Stage-2 optimum unique,1.0,0,3,6,3,9,0
random_caps,"Random efficiencies, fixed capacity ratios (7/10, 13/10)",prescribed,random_caps_33,0.0,0.0,0.0,0.0,0.0,0.0,0.0,0.0,0.7,source,3,0.0,0.0,True,0.7,0.7007,True,True,True,4.773959005888173e-15,0.0,3.9968028886505635e-15,True,False,redundant: Stage-2 optimum unique,1.0,0,10,18,3,30,0
random_caps,"Random efficiencies, fixed capacity ratios (7/10, 13/10)",prescribed,random_caps_34,0.0,0.0,0.0,0.0,0.0,0.0,1.1102230246251565e-16,0.0,0.7,source,3,1.137104939775141e-16,1.137104939775141e-16,True,0.7,0.7006999999999999,True,True,True,8.548717289613705e-15,0.0,0.0,True,False,redundant: Stage-2 optimum unique,1.0,0,12,20,3,36,0
random_caps,"Random efficiencies, fixed capacity ratios (7/10, 13/10)",prescribed,random_caps_35,0.0,0.0,0.0,0.0,0.0,0.0,0.0,0.0,0.7,source,3,1.9558057244104777e-16,1.9558057244104777e-16,True,0.7,0.7007000000000001,True,True,True,5.662137425588298e-15,0.0,2.6645352591003757e-15,True,False,redundant: Stage-2 optimum unique,1.0,0,14,23,3,42,0
random_caps,"Random efficiencies, fixed capacity ratios (7/10, 13/10)",prescribed,random_caps_36,0.0,0.0,0.0,0.0,0.0,0.0,2.220446049250313e-16,0.0,0.7,source,3,1.721081681665046e-16,1.721081681665046e-16,True,0.7,0.7007,True,True,True,1.887379141862766e-15,0.0,3.774758283725532e-15,True,False,redundant: Stage-2 optimum unique,1.0,0,7,11,3,21,0
random_caps,"Random efficiencies, fixed capacity ratios (7/10, 13/10)",prescribed,random_caps_37,1.1102230246251565e-16,0.0,0.0,0.0,0.0,0.0,2.220446049250313e-16,0.0,0.7,source,3,1.2847486847009867e-16,1.403601617063841e-16,True,0.7000000000000001,0.7007,True,True,True,3.885780586188048e-15,0.0,1.2545520178264269e-14,True,False,redundant: Stage-2 optimum unique,1.0,0,11,17,3,33,0
random_caps,"Random efficiencies, fixed capacity ratios (7/10, 13/10)",prescribed,random_caps_38,0.0,0.0,0.0,0.0,0.0,0.0,0.0,0.0,0.7,source,3,1.1726057836859219e-16,1.1726057836859219e-16,True,0.7,0.7007,True,True,True,8.548717289613705e-15,0.0,2.220446049250313e-16,True,False,redundant: Stage-2 optimum unique,1.0,0,5,8,3,15,0
random_caps,"Random efficiencies, fixed capacity ratios (7/10, 13/10)",prescribed,random_caps_39,0.0,0.0,0.0,0.0,0.0,0.0,0.0,0.0,0.7,source,3,2.0662822128076387e-16,2.0662822128076387e-16,True,0.7,0.7006999999999999,True,True,True,1.7763568394002505e-15,0.0,1.4432899320127035e-15,True,False,redundant: Stage-2 optimum unique,1.0,0,12,19,3,36,0
source_bind,Source-binding configuration,prescribed,source_bind_0,1.1102230246251565e-16,0.0,0.0,0.0,0.0,0.0,0.0,0.0,0.5,source,3,0.0,1.931170455337385e-16,True,0.5000000000000001,0.5005000000000001,True,True,True,4.440892098500626e-16,0.0,1.1102230246251565e-16,True,False,redundant: Stage-2 optimum unique,1.0,0,2,4,3,6,0
source_bind,Source-binding configuration,prescribed,source_bind_1,0.0,0.0,0.0,0.0,0.0,0.0,0.0,0.0,0.5,source,3,0.0,0.0,True,0.5,0.5005000000000001,True,True,True,1.887379141862766e-15,0.0,0.0,True,False,redundant: Stage-2 optimum unique,1.0,0,9,17,3,27,0
source_bind,Source-binding configuration,prescribed,source_bind_2,1.1102230246251565e-16,0.0,0.0,0.0,0.0,0.0,0.0,0.0,0.5,source,3,2.0316235410512576e-16,0.0,True,0.5000000000000001,0.5005,True,True,True,9.43689570931383e-16,0.0,0.0,True,False,redundant: Stage-2 optimum unique,1.0,0,7,14,3,21,0
source_bind,Source-binding configuration,prescribed,source_bind_3,0.0,0.0,0.0,2.842170943040401e-14,2.0483862443847147e-16,0.0,0.0,0.0,0.5,source,3,2.0483862443847147e-16,2.0483862443847147e-16,True,0.5,0.5005000000000001,True,True,True,8.215650382226158e-15,0.0,4.218847493575595e-15,True,False,redundant: Stage-2 optimum unique,1.0,0,7,12,3,21,0
source_bind,Source-binding configuration,prescribed,source_bind_4,1.1102230246251565e-16,0.0,0.0,1.4210854715202004e-14,1.491651412261662e-16,0.0,0.0,0.0,0.5,source,3,2.983302824523324e-16,1.491651412261662e-16,True,0.5000000000000001,0.5005000000000001,True,True,True,6.661338147750939e-16,0.0,5.773159728050814e-15,True,False,redundant: Stage-2 optimum unique,1.0,0,7,14,3,21,0
source_bind,Source-binding configuration,prescribed,source_bind_5,1.1102230246251565e-16,0.0,0.0,0.0,0.0,0.0,0.0,0.0,0.5,source,3,3.831677899680945e-16,1.529610742419501e-16,True,0.5000000000000001,0.5005000000000001,True,True,True,5.051514762044462e-15,0.0,2.4868995751603507e-14,True,False,redundant: Stage-2 optimum unique,1.0,0,21,33,3,63,0
source_bind,Source-binding configuration,prescribed,source_bind_6,0.0,0.0,0.0,0.0,0.0,0.0,0.0,0.0,0.5,source,3,0.0,0.0,True,0.5,0.5005000000000001,True,True,True,9.992007221626409e-16,0.0,0.0,True,False,redundant: Stage-2 optimum unique,1.0,0,13,22,3,39,0
source_bind,Source-binding configuration,prescribed,source_bind_7,0.0,0.0,0.0,0.0,0.0,0.0,0.0,0.0,0.5,source,3,0.0,0.0,True,0.5,0.5005000000000001,True,True,True,3.4416913763379853e-15,0.0,0.0,True,False,redundant: Stage-2 optimum unique,1.0,0,7,14,3,21,0
source_bind,Source-binding configuration,prescribed,source_bind_8,1.1102230246251565e-16,0.0,0.0,0.0,0.0,0.0,0.0,0.0,0.5,source,3,2.493296627893661e-16,0.0,True,0.5000000000000001,0.5005000000000001,True,True,True,7.771561172376096e-16,0.0,4.440892098500626e-16,True,False,redundant: Stage-2 optimum unique,1.0,0,6,13,3,18,0
source_bind,Source-binding configuration,prescribed,source_bind_9,0.0,0.0,0.0,0.0,0.0,0.0,1.1102230246251565e-16,0.0,0.5,source,3,0.0,0.0,True,0.5,0.5005,True,True,True,3.9745984281580604e-14,0.0,1.865174681370263e-14,True,False,redundant: Stage-2 optimum unique,1.0,0,17,28,3,51,0
source_bind,Source-binding configuration,prescribed,source_bind_10,0.0,0.0,0.0,2.842170943040401e-14,1.826434565539653e-16,0.0,1.1102230246251565e-16,0.0,0.5,source,3,2.0343499578216976e-16,2.0343499578216976e-16,True,0.5,0.5005000000000001,True,True,True,2.942091015256665e-15,0.0,1.7763568394002505e-15,True,False,redundant: Stage-2 optimum unique,1.0,0,9,17,3,27,0
source_bind,Source-binding configuration,prescribed,source_bind_11,0.0,0.0,0.0,0.0,0.0,0.0,0.0,0.0,0.5,source,3,0.0,0.0,True,0.5,0.5005000000000001,True,True,True,2.220446049250313e-16,0.0,0.0,True,False,redundant: Stage-2 optimum unique,1.0,0,6,10,3,18,0
source_bind,Source-binding configuration,prescribed,source_bind_12,5.551115123125783e-17,0.0,0.0,1.4210854715202004e-14,1.2846631996569095e-16,0.0,0.0,0.0,0.5,source,3,1.3216444839885538e-16,1.2846631996569095e-16,True,0.49999999999999994,0.5005,True,True,True,9.43689570931383e-16,0.0,0.0,True,False,redundant: Stage-2 optimum unique,1.0,0,6,9,3,18,0
source_bind,Source-binding configuration,prescribed,source_bind_13,0.0,0.0,0.0,0.0,0.0,0.0,0.0,0.0,0.5,source,3,0.0,0.0,True,0.5,0.5005000000000001,True,True,True,1.6653345369377348e-16,0.0,0.0,True,False,redundant: Stage-2 optimum unique,1.0,0,3,5,3,9,0
source_bind,Source-binding configuration,prescribed,source_bind_14,0.0,0.0,0.0,0.0,0.0,0.0,0.0,0.0,0.5,source,3,0.0,0.0,True,0.5,0.5005,True,True,True,6.661338147750939e-16,0.0,1.2212453270876722e-15,True,False,redundant: Stage-2 optimum unique,1.0,0,6,12,3,18,0
source_bind,Source-binding configuration,prescribed,source_bind_15,1.1102230246251565e-16,0.0,0.0,2.842170943040401e-14,1.8140075767958595e-16,0.0,0.0,0.0,0.5,source,3,3.628015153591719e-16,1.8140075767958595e-16,True,0.5000000000000001,0.5005000000000001,True,True,True,5.551115123125783e-16,0.0,0.0,True,False,redundant: Stage-2 optimum unique,1.0,0,9,16,3,27,0
source_bind,Source-binding configuration,prescribed,source_bind_16,1.1102230246251565e-16,0.0,0.0,0.0,0.0,0.0,1.1102230246251565e-16,0.0,0.5,source,3,3.4178541924923853e-16,1.699760323893664e-16,True,0.5000000000000001,0.5005000000000001,True,True,True,4.551914400963142e-15,0.0,0.0,True,False,redundant: Stage-2 optimum unique,1.0,0,12,20,3,36,0
source_bind,Source-binding configuration,prescribed,source_bind_17,0.0,0.0,0.0,0.0,0.0,0.0,0.0,0.0,0.5,source,3,0.0,0.0,True,0.5,0.5005000000000001,True,True,True,5.551115123125783e-17,0.0,0.0,True,False,redundant: Stage-2 optimum unique,1.0,0,3,5,3,9,0
source_bind,Source-binding configuration,prescribed,source_bind_18,0.0,0.0,0.0,0.0,0.0,0.0,0.0,0.0,0.5,source,3,2.1797521879370003e-16,0.0,True,0.5,0.5005000000000001,True,True,True,7.771561172376096e-16,0.0,1.1102230246251565e-15,True,False,redundant: Stage-2 optimum unique,1.0,0,6,13,3,18,0
source_bind,Source-binding configuration,prescribed,source_bind_19,0.0,0.0,0.0,0.0,0.0,0.0,0.0,0.0,0.5,source,3,0.0,0.0,True,0.5,0.5005,True,True,True,8.881784197001252e-16,0.0,0.0,True,False,redundant: Stage-2 optimum unique,1.0,0,6,14,3,18,0
source_bind,Source-binding configuration,prescribed,source_bind_20,0.0,0.0,0.0,0.0,0.0,0.0,0.0,0.0,0.5,source,3,1.45479274398504e-16,1.45479274398504e-16,True,0.5,0.5005,True,True,True,3.885780586188048e-16,0.0,2.220446049250313e-15,True,False,redundant: Stage-2 optimum unique,1.0,0,9,17,3,27,0
source_bind,Source-binding configuration,prescribed,source_bind_21,1.1102230246251565e-16,0.0,0.0,0.0,0.0,0.0,0.0,0.0,0.5,source,3,2.658957162230949e-16,0.0,True,0.5000000000000001,0.5005,True,True,True,1.6653345369377348e-15,0.0,4.107825191113079e-15,True,False,redundant: Stage-2 optimum unique,1.0,0,14,22,3,42,0
source_bind,Source-binding configuration,prescribed,source_bind_22,0.0,0.0,0.0,0.0,0.0,0.0,0.0,0.0,0.5,source,3,0.0,0.0,True,0.5,0.5005,True,True,True,3.1086244689504383e-15,0.0,5.10702591327572e-15,True,False,redundant: Stage-2 optimum unique,1.0,0,13,22,3,39,0
source_bind,Source-binding configuration,prescribed,source_bind_23,0.0,0.0,0.0,0.0,0.0,0.0,0.0,0.0,0.5,source,3,0.0,0.0,True,0.5,0.5005,True,True,True,2.220446049250313e-16,0.0,0.0,True,False,redundant: Stage-2 optimum unique,1.0,0,9,13,3,27,0
source_bind,Source-binding configuration,prescribed,source_bind_24,0.0,0.0,0.0,0.0,0.0,0.0,0.0,0.0,0.5,source,3,0.0,0.0,True,0.5,0.5005000000000001,True,True,True,2.1649348980190553e-15,0.0,0.0,True,False,redundant: Stage-2 optimum unique,1.0,0,5,9,3,15,0
edge_bind,Edge-binding configuration (all loaded reaches tied),prescribed,edge_bind_0,0.0,0.0,0.0,7.105427357601002e-15,1.338279786712579e-16,0.0,0.0,0.0,0.5,edge,66,1.338279786712579e-16,1.338279786712579e-16,True,0.5,0.5005000000000001,True,True,True,2.1649348980190553e-15,0.0,0.0,True,False,redundant: Stage-2 optimum unique,1.0,0,13,22,3,39,0
edge_bind,Edge-binding configuration (all loaded reaches tied),prescribed,edge_bind_1,0.0,0.0,0.0,7.105427357601002e-15,1.4341315020784187e-16,0.0,0.0,0.0,0.5,edge,51,1.4341315020784187e-16,1.4341315020784187e-16,True,0.5,0.5005000000000001,True,True,True,2.9976021664879227e-15,0.0,4.440892098500626e-16,True,False,redundant: Stage-2 optimum unique,1.0,0,10,17,3,30,0
edge_bind,Edge-binding configuration (all loaded reaches tied),prescribed,edge_bind_2,0.0,0.0,0.0,7.105427357601002e-15,1.386077803356559e-16,0.0,0.0,0.0,0.5,edge,39,1.386077803356559e-16,1.386077803356559e-16,True,0.5,0.5005000000000001,True,True,True,2.6645352591003757e-15,0.0,0.0,True,False,redundant: Stage-2 optimum unique,1.0,0,8,13,3,24,0
edge_bind,Edge-binding configuration (all loaded reaches tied),prescribed,edge_bind_3,0.0,0.0,0.0,3.552713678800501e-15,1.640280810862006e-16,0.0,0.0,0.0,0.5,edge,21,1.7744898137883165e-16,1.7744898137883165e-16,True,0.5,0.5005000000000001,True,True,True,2.7200464103316335e-15,0.0,0.0,True,False,redundant: Stage-2 optimum unique,1.0,0,4,7,3,12,0
edge_bind,Edge-binding configuration (all loaded reaches tied),prescribed,edge_bind_4,0.0,0.0,0.0,7.105427357601002e-15,2.1474180458527473e-16,0.0,0.0,0.0,0.5,edge,45,2.1474180458527473e-16,2.1474180458527473e-16,True,0.5,0.5005,True,True,True,1.1657341758564144e-15,0.0,0.0,True,False,redundant: Stage-2 optimum unique,1.0,0,8,15,3,24,0
edge_bind,Edge-binding configuration (all loaded reaches tied),prescribed,edge_bind_5,0.0,0.0,0.0,7.105427357601002e-15,1.4169423651892378e-16,0.0,0.0,0.0,0.5,edge,60,1.4169423651892378e-16,1.4169423651892378e-16,True,0.5,0.5005,True,True,True,7.771561172376096e-16,0.0,0.0,True,False,redundant: Stage-2 optimum unique,1.0,0,12,20,3,36,0
edge_bind,Edge-binding configuration (all loaded reaches tied),prescribed,edge_bind_6,0.0,0.0,0.0,7.105427357601002e-15,1.275226258900825e-16,0.0,0.0,0.0,0.5,edge,69,1.9882277642450803e-16,1.9882277642450803e-16,True,0.5,0.5005000000000001,True,True,True,1.0103029524088925e-14,0.0,0.0,True,False,redundant: Stage-2 optimum unique,1.0,0,13,23,3,39,0
edge_bind,Edge-binding configuration (all loaded reaches tied),prescribed,edge_bind_7,0.0,0.0,0.0,7.105427357601002e-15,1.9134300443303487e-16,0.0,0.0,0.0,0.5,edge,36,1.9134300443303487e-16,1.9134300443303487e-16,True,0.5,0.5005,True,True,True,1.3877787807814457e-15,0.0,0.0,True,False,redundant: Stage-2 optimum unique,1.0,0,8,12,3,24,0
edge_bind,Edge-binding configuration (all loaded reaches tied),prescribed,edge_bind_8,0.0,0.0,0.0,0.0,0.0,0.0,0.0,0.0,0.5,edge,42,0.0,0.0,True,0.5,0.5005000000000001,True,True,True,1.6653345369377348e-16,0.0,1.3322676295501878e-15,True,False,redundant: Stage-2 optimum unique,1.0,0,8,14,3,24,0
edge_bind,Edge-binding configuration (all loaded reaches tied),prescribed,edge_bind_9,0.0,0.0,0.0,1.4210854715202004e-14,1.1528806078811768e-16,0.0,0.0,0.0,0.5,edge,33,1.1528806078811768e-16,1.1528806078811768e-16,True,0.5,0.5005000000000001,True,True,True,1.3322676295501878e-15,0.0,0.0,True,False,redundant: Stage-2 optimum unique,1.0,0,7,11,3,21,0
edge_bind,Edge-binding configuration (all loaded reaches tied),prescribed,edge_bind_10,0.0,0.0,0.0,7.105427357601002e-15,1.7958844573114403e-16,0.0,0.0,0.0,0.5,edge,18,1.7958844573114403e-16,1.7958844573114403e-16,True,0.5,0.5005000000000001,True,True,True,5.495603971894525e-15,0.0,0.0,True,False,redundant: Stage-2 optimum unique,1.0,0,3,6,3,9,0
edge_bind,Edge-binding configuration (all loaded reaches tied),prescribed,edge_bind_11,0.0,0.0,0.0,0.0,0.0,0.0,0.0,0.0,0.5,edge,27,2.028666281523242e-16,2.028666281523242e-16,True,0.5,0.5005000000000001,True,True,True,2.1094237467877974e-15,0.0,8.881784197001252e-16,True,False,redundant: Stage-2 optimum unique,1.0,0,5,9,3,15,0
edge_bind,Edge-binding configuration (all loaded reaches tied),prescribed,edge_bind_12,0.0,0.0,0.0,7.105427357601002e-15,1.9241245764831034e-16,0.0,0.0,0.0,0.5,edge,54,1.9241245764831034e-16,1.9241245764831034e-16,True,0.5,0.5005,True,True,True,3.219646771412954e-15,0.0,0.0,True,False,redundant: Stage-2 optimum unique,1.0,0,10,18,3,30,0
edge_bind,Edge-binding configuration (all loaded reaches tied),prescribed,edge_bind_13,0.0,0.0,0.0,7.105427357601002e-15,1.1193199799063383e-16,0.0,0.0,0.0,0.5,edge,51,1.2780202833910208e-16,1.2780202833910208e-16,True,0.5,0.5005000000000001,True,True,True,6.106226635438361e-16,0.0,2.55351295663786e-15,True,False,redundant: Stage-2 optimum unique,1.0,0,10,17,3,30,0
edge_bind,Edge-binding configuration (all loaded reaches tied),prescribed,edge_bind_14,0.0,0.0,0.0,0.0,0.0,0.0,0.0,0.0,0.5,edge,30,0.0,0.0,True,0.5,0.5005000000000001,True,True,True,1.7208456881689926e-15,0.0,0.0,True,False,redundant: Stage-2 optimum unique,1.0,0,6,10,3,18,0
edge_bind,Edge-binding configuration (all loaded reaches tied),prescribed,edge_bind_15,0.0,0.0,0.0,3.552713678800501e-15,2.0561597403558812e-16,0.0,0.0,0.0,0.5,edge,39,2.0561597403558812e-16,2.0561597403558812e-16,True,0.5,0.5005,True,True,True,2.220446049250313e-15,0.0,0.0,True,False,redundant: Stage-2 optimum unique,1.0,0,6,13,3,18,0
edge_bind,Edge-binding configuration (all loaded reaches tied),prescribed,edge_bind_16,0.0,0.0,0.0,7.105427357601002e-15,1.8211193677186268e-16,0.0,0.0,0.0,0.5,edge,15,1.8211193677186268e-16,1.8211193677186268e-16,True,0.5,0.5005000000000001,True,True,True,2.609024107869118e-15,0.0,6.661338147750939e-16,True,False,redundant: Stage-2 optimum unique,1.0,0,3,5,3,9,0
edge_bind,Edge-binding configuration (all loaded reaches tied),prescribed,edge_bind_17,0.0,0.0,0.0,7.105427357601002e-15,1.7534361059886343e-16,0.0,0.0,0.0,0.5,edge,66,1.7534361059886343e-16,1.7534361059886343e-16,True,0.5,0.5005000000000001,True,True,True,5.88418203051333e-15,0.0,0.0,True,False,redundant: Stage-2 optimum unique,1.0,0,12,22,3,36,0
edge_bind,Edge-binding configuration (all loaded reaches tied),prescribed,edge_bind_18,0.0,0.0,0.0,7.105427357601002e-15,1.2253467879429753e-16,0.0,0.0,0.0,0.5,edge,51,1.5581444763876307e-16,1.5581444763876307e-16,True,0.5,0.5005,True,True,True,4.440892098500626e-16,0.0,0.0,True,False,redundant: Stage-2 optimum unique,1.0,0,9,17,3,27,0
edge_bind,Edge-binding configuration (all loaded reaches tied),prescribed,edge_bind_19,0.0,0.0,0.0,0.0,0.0,0.0,0.0,0.0,0.5,edge,15,0.0,0.0,True,0.5,0.5005000000000001,True,True,True,1.1102230246251565e-16,0.0,0.0,True,False,redundant: Stage-2 optimum unique,1.0,0,3,5,3,9,0
edge_bind,Edge-binding configuration (all loaded reaches tied),prescribed,edge_bind_20,5.551115123125783e-17,0.0,0.0,3.552713678800501e-15,1.7309462134306202e-16,0.0,0.0,0.0,0.5,edge,60,1.7309462134306202e-16,1.7309462134306202e-16,True,0.49999999999999994,0.5005,True,True,True,5.551115123125783e-15,0.0,4.884981308350689e-15,True,False,redundant: Stage-2 optimum unique,1.0,0,11,20,3,33,0
edge_bind,Edge-binding configuration (all loaded reaches tied),prescribed,edge_bind_21,5.551115123125783e-17,0.0,0.0,3.552713678800501e-15,1.1324274851176597e-16,0.0,0.0,0.0,0.5,edge,42,1.7696844373204795e-16,1.7696844373204795e-16,True,0.49999999999999994,0.5005,True,True,True,6.217248937900877e-15,0.0,0.0,True,False,redundant: Stage-2 optimum unique,1.0,0,7,14,3,21,0
edge_bind,Edge-binding configuration (all loaded reaches tied),prescribed,edge_bind_22,0.0,0.0,0.0,1.4210854715202004e-14,1.342136278657967e-16,0.0,0.0,0.0,0.5,edge,63,1.8311593376370665e-16,1.8311593376370665e-16,True,0.5,0.5005,True,True,True,3.219646771412954e-15,0.0,4.440892098500626e-16,True,False,redundant: Stage-2 optimum unique,1.0,0,13,21,3,39,0
edge_bind,Edge-binding configuration (all loaded reaches tied),prescribed,edge_bind_23,0.0,0.0,0.0,7.105427357601002e-15,1.5415973377028538e-16,0.0,0.0,0.0,0.5,edge,54,1.5415973377028538e-16,1.5415973377028538e-16,True,0.5,0.5005000000000001,True,True,True,2.3869795029440866e-15,0.0,4.440892098500626e-16,True,False,redundant: Stage-2 optimum unique,1.0,0,11,18,3,33,0
edge_bind,Edge-binding configuration (all loaded reaches tied),prescribed,edge_bind_24,0.0,0.0,0.0,0.0,0.0,0.0,0.0,0.0,0.5,edge,63,2.0156536739837952e-16,2.0156536739837952e-16,True,0.5,0.5005000000000001,True,True,True,8.826273045769994e-15,0.0,8.881784197001252e-16,True,False,redundant: Stage-2 optimum unique,1.0,0,11,21,3,33,0
missing,Missing-demand periods (35% inactive),prescribed,missing_0,1.1102230246251565e-16,0.0,0.0,7.105427357601002e-15,1.5037962785707412e-16,0.0,2.220446049250313e-16,0.0,0.8,source,4,3.0075925571414825e-16,1.5037962785707412e-16,True,0.8000000000000002,0.8008000000000001,True,True,True,2.4424906541753444e-15,0.0,0.0,True,False,redundant: Stage-2 optimum unique,1.0,0,5,9,4,14,0
missing,Missing-demand periods (35% inactive),prescribed,missing_1,0.0,0.0,0.0,5.684341886080802e-14,1.8981484791318359e-16,0.0,0.0,0.0,0.8,source,4,1.8981484791318359e-16,1.8981484791318359e-16,True,0.8,0.8008,True,True,True,4.440892098500626e-16,0.0,5.329070518200751e-15,True,False,redundant: Stage-2 optimum unique,1.0,0,14,25,4,36,0
missing,Missing-demand periods (35% inactive),prescribed,missing_2,1.1102230246251565e-16,0.0,0.0,1.4210854715202004e-14,1.18443239174854e-16,0.0,0.0,0.0,0.8,source,4,3.55329717524562e-16,1.18443239174854e-16,True,0.8000000000000002,0.8008000000000001,True,True,True,0.0,0.0,2.220446049250313e-15,True,False,redundant: Stage-2 optimum unique,0.0,0,8,15,4,20,0
missing,Missing-demand periods (35% inactive),prescribed,missing_3,0.0,0.0,0.0,1.4210854715202004e-14,1.4107125848667684e-16,0.0,0.0,0.0,0.8,source,4,1.4107125848667684e-16,1.4107125848667684e-16,True,0.8,0.8008000000000001,True,True,True,9.992007221626409e-16,0.0,0.0,True,False,redundant: Stage-2 optimum unique,1.0,0,5,11,4,14,0
missing,Missing-demand periods (35% inactive),prescribed,missing_4,0.0,0.0,0.0,1.4210854715202004e-14,1.8798668245514547e-16,0.0,1.1102230246251565e-16,0.0,0.8,source,4,1.8798668245514547e-16,1.8798668245514547e-16,True,0.8,0.8008000000000001,True,True,True,5.551115123125783e-16,0.0,0.0,True,False,redundant: Stage-2 optimum unique,1.0,0,5,8,4,14,0
missing,Missing-demand periods (35% inactive),prescribed,missing_5,0.0,0.0,0.0,2.842170943040401e-14,1.5536682940989763e-16,0.0,1.1102230246251565e-16,0.0,0.8,source,4,1.5536682940989763e-16,1.5536682940989763e-16,True,0.8,0.8008000000000001,True,True,True,8.881784197001252e-16,0.0,0.0,True,False,redundant: Stage-2 optimum unique,1.0,0,6,10,4,15,0
missing,Missing-demand periods (35% inactive),prescribed,missing_6,0.0,0.0,0.0,1.7763568394002505e-15,1.2166854825222475e-16,0.0,0.0,0.0,0.8,source,4,0.0,1.2166854825222475e-16,True,0.8,0.8008,True,True,True,2.220446049250313e-16,0.0,0.0,True,False,redundant: Stage-2 optimum unique,1.0,0,1,3,4,4,0
missing,Missing-demand periods (35% inactive),prescribed,missing_7,1.1102230246251565e-16,0.0,0.0,2.842170943040401e-14,1.6524381862836892e-16,0.0,1.1102230246251565e-16,0.0,0.8,source,4,1.8774304307701545e-16,1.6524381862836892e-16,True,0.8000000000000002,0.8008000000000002,True,True,True,3.3306690738754696e-15,0.0,0.0,True,False,redundant: Stage-2 optimum unique,1.0,0,11,20,4,31,0
missing,Missing-demand periods (35% inactive),prescribed,missing_8,1.1102230246251565e-16,0.0,0.0,2.842170943040401e-14,1.6129630382424912e-16,0.0,0.0,0.0,0.8,source,4,1.3344768382822944e-16,1.6129630382424912e-16,True,0.7999999999999999,0.8007999999999998,True,True,True,1.887379141862766e-15,0.0,0.0,True,False,redundant: Stage-2 optimum unique,1.0,0,11,19,4,34,0
missing,Missing-demand periods (35% inactive),prescribed,missing_9,1.1102230246251565e-16,0.0,0.0,2.842170943040401e-14,1.8750883873885428e-16,0.0,0.0,0.0,0.8,source,4,1.4771196343178855e-16,1.8750883873885428e-16,True,0.7999999999999999,0.8008,True,True,True,2.1094237467877974e-15,0.0,0.0,True,False,redundant: Stage-2 optimum unique,1.0,0,8,14,4,20,0
missing,Missing-demand periods (35% inactive),prescribed,missing_10,1.1102230246251565e-16,0.0,0.0,0.0,0.0,0.0,0.0,0.0,0.8,source,4,0.0,0.0,True,0.8000000000000002,0.8008000000000001,True,True,True,2.220446049250313e-16,0.0,1.1102230246251565e-16,True,False,redundant: Stage-2 optimum unique,1.0,0,1,3,4,4,0
missing,Missing-demand periods (35% inactive),prescribed,missing_11,0.0,0.0,0.0,7.105427357601002e-15,1.335968372965605e-16,0.0,0.0,0.0,0.8,source,4,1.335968372965605e-16,1.335968372965605e-16,True,0.8,0.8008,True,True,True,1.4432899320127035e-15,0.0,0.0,True,False,redundant: Stage-2 optimum unique,1.0,0,3,6,4,9,0
missing,Missing-demand periods (35% inactive),prescribed,missing_12,1.1102230246251565e-16,0.0,0.0,2.842170943040401e-14,1.3035172811221416e-16,0.0,1.1102230246251565e-16,0.0,0.8,source,4,1.484011143198987e-16,1.3035172811221416e-16,True,0.7999999999999999,0.8008,True,True,True,2.55351295663786e-15,0.0,0.0,True,False,redundant: Stage-2 optimum unique,1.0,0,8,16,4,24,0
missing,Missing-demand periods (35% inactive),prescribed,missing_13,1.1102230246251565e-16,0.0,0.0,2.842170943040401e-14,2.0061435920457025e-16,0.0,0.0,0.0,0.8,source,4,2.0061435920457025e-16,2.0061435920457025e-16,True,0.8000000000000002,0.8008000000000001,True,True,True,4.440892098500626e-16,0.0,0.0,True,False,redundant: Stage-2 optimum unique,1.0,0,4,8,4,11,0
missing,Missing-demand periods (35% inactive),prescribed,missing_14,1.1102230246251565e-16,0.0,0.0,5.684341886080802e-14,1.963021815500627e-16,0.0,0.0,0.0,0.8,source,4,1.5931681890242195e-16,1.963021815500627e-16,True,0.7999999999999999,0.8008,True,True,True,1.4765966227514582e-14,0.0,0.0,True,False,redundant: Stage-2 optimum unique,1.0,0,15,25,4,40,0
missing,Missing-demand periods (35% inactive),prescribed,missing_15,2.220446049250313e-16,0.0,0.0,1.4210854715202004e-14,2.1495048640137362e-16,0.0,0.0,0.0,0.8,source,4,1.5698984657715362e-16,2.1495048640137362e-16,True,0.7999999999999998,0.8008,True,True,True,1.1102230246251565e-15,0.0,0.0,True,False,redundant: Stage-2 optimum unique,1.0,0,3,7,4,10,0
missing,Missing-demand periods (35% inactive),prescribed,missing_16,0.0,0.0,0.0,0.0,0.0,0.0,0.0,0.0,0.8,source,4,0.0,0.0,True,0.8,0.8008,True,True,True,3.3306690738754696e-16,0.0,2.220446049250313e-16,True,False,redundant: Stage-2 optimum unique,1.0,0,1,3,4,4,0
missing,Missing-demand periods (35% inactive),prescribed,missing_17,1.1102230246251565e-16,0.0,0.0,2.842170943040401e-14,1.465164329174132e-16,0.0,2.220446049250313e-16,0.0,0.8,source,4,1.558284968204789e-16,1.465164329174132e-16,True,0.7999999999999999,0.8008,True,True,True,1.6542323066914832e-14,0.0,0.0,True,False,redundant: Stage-2 optimum unique,1.0,0,14,23,4,35,0
missing,Missing-demand periods (35% inactive),prescribed,missing_18,0.0,0.0,0.0,2.842170943040401e-14,1.5735817898285728e-16,0.0,0.0,0.0,0.8,source,4,1.5735817898285728e-16,1.5735817898285728e-16,True,0.8,0.8008,True,True,True,4.440892098500626e-15,0.0,0.0,True,False,redundant: Stage-2 optimum unique,1.0,0,12,19,4,33,0
missing,Missing-demand periods (35% inactive),prescribed,missing_19,0.0,0.0,0.0,2.842170943040401e-14,1.9278722192007833e-16,0.0,0.0,0.0,0.8,source,4,1.9278722192007833e-16,1.9278722192007833e-16,True,0.8,0.8008000000000002,True,True,True,8.104628079763643e-15,0.0,0.0,True,False,redundant: Stage-2 optimum unique,1.0,0,4,10,4,12,0
missing,Missing-demand periods (35% inactive),prescribed,missing_20,2.220446049250313e-16,0.0,0.0,0.0,0.0,0.0,0.0,0.0,0.8,source,4,3.8515426314904545e-16,0.0,True,0.8000000000000003,0.8008000000000002,True,True,True,1.0769163338864018e-14,0.0,0.0,True,False,redundant: Stage-2 optimum unique,1.0,0,15,25,4,35,0
missing,Missing-demand periods (35% inactive),prescribed,missing_21,0.0,0.0,0.0,1.4210854715202004e-14,1.408968439873541e-16,0.0,0.0,0.0,0.8,source,4,1.408968439873541e-16,1.408968439873541e-16,True,0.8,0.8008,True,True,True,1.1102230246251565e-16,0.0,0.0,True,False,redundant: Stage-2 optimum unique,1.0,0,9,16,4,19,0
missing,Missing-demand periods (35% inactive),prescribed,missing_22,1.1102230246251565e-16,0.0,0.0,2.842170943040401e-14,2.0604482356961129e-16,0.0,1.1102230246251565e-16,0.0,0.8,source,4,1.7039948451782971e-16,2.0604482356961129e-16,True,0.7999999999999999,0.8008000000000001,True,True,True,5.995204332975845e-15,0.0,0.0,True,False,redundant: Stage-2 optimum unique,1.0,0,11,18,4,32,0
missing,Missing-demand periods (35% inactive),prescribed,missing_23,1.1102230246251565e-16,0.0,0.0,0.0,0.0,0.0,1.1102230246251565e-16,0.0,0.8,source,4,1.6875389974302377e-16,0.0,True,0.8000000000000002,0.8008000000000001,True,True,True,2.220446049250313e-16,0.0,0.0,True,False,redundant: Stage-2 optimum unique,1.0,0,4,7,4,12,0
missing,Missing-demand periods (35% inactive),prescribed,missing_24,1.1102230246251565e-16,0.0,0.0,1.4210854715202004e-14,1.6483987537666733e-16,0.0,0.0,0.0,0.8,source,4,1.679477778517826e-16,1.6483987537666733e-16,True,0.7999999999999999,0.8008,True,True,True,6.8833827526759706e-15,0.0,0.0,True,False,redundant: Stage-2 optimum unique,1.0,0,6,10,4,12,0
missing,Missing-demand periods (35% inactive),prescribed,missing_25,1.1102230246251565e-16,0.0,0.0,1.4210854715202004e-14,1.4690951158283153e-16,0.0,0.0,0.0,0.8,source,4,2.1316282072803005e-16,1.4690951158283153e-16,True,0.7999999999999999,0.8008,True,True,True,7.771561172376096e-16,0.0,2.220446049250313e-16,True,False,redundant: Stage-2 optimum unique,1.0,0,4,8,4,13,0
missing,Missing-demand periods (35% inactive),prescribed,missing_26,2.220446049250313e-16,0.0,0.0,1.4210854715202004e-14,2.0827302574788116e-16,0.0,1.1102230246251565e-16,0.0,0.8,source,4,3.5919281460953334e-16,2.0827302574788116e-16,True,0.7999999999999998,0.8007999999999997,True,True,True,2.220446049250313e-16,0.0,0.0,True,False,redundant: Stage-2 optimum unique,1.0,0,7,13,4,16,0
missing,Missing-demand periods (35% inactive),prescribed,missing_27,1.1102230246251565e-16,0.0,0.0,3.552713678800501e-15,1.2428033286038113e-16,0.0,0.0,0.0,0.8,source,4,1.1643448324997808e-16,1.2428033286038113e-16,True,0.7999999999999999,0.8008,True,True,True,3.774758283725532e-15,0.0,0.0,True,False,redundant: Stage-2 optimum unique,1.0,0,4,7,4,7,0
missing,Missing-demand periods (35% inactive),prescribed,missing_28,2.220446049250313e-16,0.0,0.0,2.842170943040401e-14,1.7679998981446394e-16,0.0,1.1102230246251565e-16,0.0,0.8,source,4,2.985442729839282e-16,1.7679998981446394e-16,True,0.7999999999999998,0.8008000000000001,True,True,True,3.3306690738754696e-15,0.0,0.0,True,False,redundant: Stage-2 optimum unique,1.0,0,15,25,4,34,0
missing,Missing-demand periods (35% inactive),prescribed,missing_29,1.1102230246251565e-16,0.0,0.0,1.4210854715202004e-14,1.4032253619936217e-16,0.0,0.0,0.0,0.8,source,4,1.5391141190586471e-16,1.4032253619936217e-16,True,0.8000000000000002,0.8008000000000001,True,True,True,2.220446049250313e-16,0.0,1.1102230246251565e-16,True,False,redundant: Stage-2 optimum unique,1.0,0,3,6,4,8,0
deep,Deeper trees (depth 5),prescribed,deep_0,2.220446049250313e-16,0.0,0.0,5.684341886080802e-14,1.608066433895874e-16,0.0,1.1102230246251565e-16,0.0,0.8,source,3,2.5879236845998163e-16,1.608066433895874e-16,True,0.7999999999999998,0.8007999999999998,True,True,True,1.3322676295501878e-15,0.0,0.0,True,False,redundant: Stage-2 optimum unique,1.0,0,9,23,3,24,0
deep,Deeper trees (depth 5),prescribed,deep_1,1.1102230246251565e-16,0.0,0.0,0.0,0.0,0.0,1.1102230246251565e-16,0.0,0.8,source,3,2.0810785442319207e-16,0.0,True,0.8000000000000002,0.8008000000000001,True,True,True,1.2212453270876722e-15,0.0,0.0,True,False,redundant: Stage-2 optimum unique,1.0,0,9,20,3,25,0
deep,Deeper trees (depth 5),prescribed,deep_2,1.1102230246251565e-16,0.0,0.0,2.842170943040401e-14,2.0014654197449798e-16,0.0,2.220446049250313e-16,0.0,0.8,source,3,1.445808110492473e-16,2.0014654197449798e-16,True,0.7999999999999999,0.8008,True,True,True,2.7755575615628914e-15,0.0,0.0,True,False,redundant: Stage-2 optimum unique,1.0,0,5,14,3,15,0
deep,Deeper trees (depth 5),prescribed,deep_3,0.0,0.0,0.0,5.684341886080802e-14,1.5360948370254288e-16,0.0,0.0,0.0,0.8,source,3,1.5360948370254288e-16,1.5360948370254288e-16,True,0.8,0.8008000000000001,True,True,True,2.55351295663786e-15,0.0,0.0,True,False,redundant: Stage-2 optimum unique,1.0,0,13,30,3,37,0
deep,Deeper trees (depth 5),prescribed,deep_4,1.1102230246251565e-16,0.0,0.0,1.4210854715202004e-14,1.1879422712553513e-16,0.0,1.1102230246251565e-16,0.0,0.8,source,3,2.3758845425107026e-16,1.1879422712553513e-16,True,0.8000000000000002,0.8008000000000001,True,True,True,7.771561172376096e-16,0.0,0.0,True,False,redundant: Stage-2 optimum unique,1.0,0,4,13,3,10,0
deep,Deeper trees (depth 5),prescribed,deep_5,0.0,0.0,0.0,0.0,0.0,0.0,0.0,0.0,0.8,source,3,0.0,0.0,True,0.8,0.8008,True,True,True,8.881784197001252e-16,0.0,6.661338147750939e-16,True,False,redundant: Stage-2 optimum unique,1.0,0,5,13,3,12,0
deep,Deeper trees (depth 5),prescribed,deep_6,1.1102230246251565e-16,0.0,0.0,0.0,0.0,0.0,1.1102230246251565e-16,0.0,0.8,source,3,1.5247205609253078e-16,0.0,True,0.7999999999999999,0.8008,True,True,True,6.716849298982197e-14,0.0,1.7541523789077473e-14,True,False,redundant: Stage-2 optimum unique,1.0,0,14,36,3,39,0
deep,Deeper trees (depth 5),prescribed,deep_7,0.0,0.0,0.0,7.105427357601002e-15,1.2442722984274634e-16,0.0,1.1102230246251565e-16,0.0,0.8,source,3,0.0,1.2442722984274634e-16,True,0.8,0.8008,True,True,True,8.881784197001252e-16,0.0,0.0,True,False,redundant: Stage-2 optimum unique,1.0,0,3,10,3,8,0
deep,Deeper trees (depth 5),prescribed,deep_8,0.0,0.0,0.0,1.4210854715202004e-14,1.8747020278077052e-16,0.0,0.0,0.0,0.8,source,3,1.8747020278077052e-16,1.8747020278077052e-16,True,0.8,0.8008000000000002,True,True,True,2.4424906541753444e-15,0.0,0.0,True,False,redundant: Stage-2 optimum unique,1.0,0,3,8,3,8,0
deep,Deeper trees (depth 5),prescribed,deep_9,0.0,0.0,0.0,5.684341886080802e-14,1.2962746085808595e-16,0.0,0.0,0.0,0.8,source,3,1.2962746085808595e-16,1.2962746085808595e-16,True,0.8,0.8008000000000001,True,True,True,6.5503158452884236e-15,0.0,0.0,True,False,redundant: Stage-2 optimum unique,1.0,0,11,27,3,30,0
deep,Deeper trees (depth 5),prescribed,deep_10,1.1102230246251565e-16,0.0,0.0,2.842170943040401e-14,1.2569269547531208e-16,0.0,2.220446049250313e-16,0.0,0.8,source,3,1.7028560820462343e-16,1.2569269547531208e-16,True,0.7999999999999999,0.8008,True,True,True,1.887379141862766e-15,0.0,0.0,True,False,redundant: Stage-2 optimum unique,1.0,0,5,13,3,15,0
deep,Deeper trees (depth 5),prescribed,deep_11,2.220446049250313e-16,0.0,0.0,5.684341886080802e-14,1.564056937920591e-16,0.0,0.0,0.0,0.8,source,3,2.4900411481002977e-16,1.564056937920591e-16,True,0.7999999999999998,0.8008000000000001,True,True,True,1.887379141862766e-15,0.0,0.0,True,False,redundant: Stage-2 optimum unique,1.0,0,11,25,3,31,0
deep,Deeper trees (depth 5),prescribed,deep_12,0.0,0.0,0.0,2.842170943040401e-14,1.813127822236227e-16,0.0,0.0,0.0,0.8,source,3,1.813127822236227e-16,1.813127822236227e-16,True,0.8,0.8008,True,True,True,2.9976021664879227e-15,0.0,4.496403249731884e-15,True,False,redundant: Stage-2 optimum unique,1.0,0,8,20,3,21,0
deep,Deeper trees (depth 5),prescribed,deep_13,1.1102230246251565e-16,0.0,0.0,3.552713678800501e-15,1.2112779914888154e-16,0.0,0.0,0.0,0.8,source,3,0.0,1.2112779914888154e-16,True,0.7999999999999999,0.8008,True,True,True,2.220446049250313e-16,0.0,0.0,True,False,redundant: Stage-2 optimum unique,1.0,0,1,5,3,3,0
deep,Deeper trees (depth 5),prescribed,deep_14,2.220446049250313e-16,0.0,0.0,2.842170943040401e-14,2.1383894495919615e-16,0.0,0.0,0.0,0.8,source,3,2.0340558798959855e-16,2.1383894495919615e-16,True,0.7999999999999998,0.8007999999999998,True,True,True,7.771561172376096e-16,0.0,0.0,True,False,redundant: Stage-2 optimum unique,1.0,0,4,12,3,10,0
deep,Deeper trees (depth 5),prescribed,deep_15,0.0,0.0,0.0,5.684341886080802e-14,1.3319301488628144e-16,0.0,1.1102230246251565e-16,0.0,0.8,source,3,1.3319301488628144e-16,1.3319301488628144e-16,True,0.8,0.8008000000000001,True,True,True,2.7755575615628914e-15,0.0,0.0,True,False,redundant: Stage-2 optimum unique,1.0,0,17,40,3,45,0
deep,Deeper trees (depth 5),prescribed,deep_16,0.0,0.0,0.0,0.0,0.0,0.0,0.0,0.0,0.8,source,3,0.0,0.0,True,0.8,0.8008000000000002,True,True,True,2.3314683517128287e-15,0.0,0.0,True,False,redundant: Stage-2 optimum unique,1.0,0,7,22,3,19,0
deep,Deeper trees (depth 5),prescribed,deep_17,1.1102230246251565e-16,0.0,0.0,2.842170943040401e-14,1.4524135333865183e-16,0.0,0.0,0.0,0.8,source,3,0.0,1.4524135333865183e-16,True,0.7999999999999999,0.8008000000000002,True,True,True,6.772360450213455e-15,0.0,0.0,True,False,redundant: Stage-2 optimum unique,1.0,0,7,16,3,19,0
deep,Deeper trees (depth 5),prescribed,deep_18,0.0,0.0,0.0,5.684341886080802e-14,1.5485322195749348e-16,0.0,3.3306690738754696e-16,0.0,0.8,source,3,1.5485322195749348e-16,1.5485322195749348e-16,True,0.8,0.8007999999999998,True,True,True,1.8984813721090177e-14,0.0,0.0,True,False,redundant: Stage-2 optimum unique,1.0,0,12,30,3,33,0
deep,Deeper trees (depth 5),prescribed,deep_19,1.1102230246251565e-16,0.0,0.0,0.0,0.0,0.0,0.0,0.0,0.8,source,3,1.3174730089078683e-16,0.0,True,0.8000000000000002,0.8008000000000002,True,True,True,3.1086244689504383e-15,0.0,0.0,True,False,redundant: Stage-2 optimum unique,1.0,0,15,36,3,45,0
weights,Heterogeneous service weights,prescribed,weights_0,0.0,0.0,0.0,5.684341886080802e-14,1.5490377640893836e-16,0.0,1.1102230246251565e-16,0.0,0.8,source,3,1.5490377640893836e-16,1.5490377640893836e-16,True,0.8,0.8008000000000001,True,True,True,5.218048215738236e-15,0.0,0.0,True,False,redundant: Stage-2 optimum unique,1.0,0,16,27,3,43,0
weights,Heterogeneous service weights,prescribed,weights_1,1.1102230246251565e-16,0.0,0.0,2.842170943040401e-14,1.8986866799247535e-16,0.0,3.3306690738754696e-16,0.0,0.8,source,3,0.0,1.8986866799247535e-16,True,0.7999999999999999,0.8008,True,True,True,5.551115123125783e-16,0.0,0.0,True,False,redundant: Stage-2 optimum unique,1.0,0,4,8,3,11,0
weights,Heterogeneous service weights,prescribed,weights_2,1.1102230246251565e-16,0.0,0.0,1.4210854715202004e-14,1.728406746334337e-16,0.0,3.3306690738754696e-16,0.0,0.8,source,3,1.2851087490311956e-16,1.728406746334337e-16,True,0.7999999999999999,0.8008,True,True,True,3.3306690738754696e-16,0.0,0.0,True,False,redundant: Stage-2 optimum unique,1.0,0,4,8,3,11,0
weights,Heterogeneous service weights,prescribed,weights_3,0.0,0.0,0.0,2.842170943040401e-14,1.5495401141480678e-16,0.0,4.440892098500626e-16,0.0,0.8,source,3,1.537798998311695e-16,1.5495401141480678e-16,True,0.8,0.8008,True,True,True,1.3766765505351941e-14,0.0,0.0,True,False,redundant: Stage-2 optimum unique,1.0,0,7,15,3,21,0
weights,Heterogeneous service weights,prescribed,weights_4,1.1102230246251565e-16,0.0,0.0,1.4210854715202004e-14,1.344622465707564e-16,0.0,1.1102230246251565e-16,0.0,0.8,source,3,1.7907270854581982e-16,1.344622465707564e-16,True,0.7999999999999999,0.8008,True,True,True,4.440892098500626e-16,0.0,0.0,True,False,redundant: Stage-2 optimum unique,1.0,0,6,10,3,15,0
weights,Heterogeneous service weights,prescribed,weights_5,0.0,0.0,0.0,5.684341886080802e-14,1.6481602833645043e-16,0.0,2.220446049250313e-16,0.0,0.8,source,3,1.6481602833645043e-16,1.6481602833645043e-16,True,0.8,0.8008000000000001,True,True,True,3.885780586188048e-15,0.0,0.0,True,False,redundant: Stage-2 optimum unique,1.0,0,15,23,3,41,0
weights,Heterogeneous service weights,prescribed,weights_6,0.0,0.0,0.0,0.0,0.0,0.0,0.0,0.0,0.8,source,3,0.0,0.0,True,0.8,0.8008000000000001,True,True,True,6.661338147750939e-16,0.0,0.0,True,False,redundant: Stage-2 optimum unique,1.0,0,3,7,3,9,0
weights,Heterogeneous service weights,prescribed,weights_7,0.0,0.0,0.0,0.0,0.0,0.0,1.1102230246251565e-16,0.0,0.8,source,3,0.0,0.0,True,0.8,0.8008,True,True,True,2.220446049250313e-16,0.0,0.0,True,False,redundant: Stage-2 optimum unique,1.0,0,4,9,3,10,0
weights,Heterogeneous service weights,prescribed,weights_8,1.1102230246251565e-16,0.0,0.0,2.842170943040401e-14,1.867242300925261e-16,0.0,0.0,0.0,0.8,source,3,1.973603834760906e-16,1.867242300925261e-16,True,0.7999999999999999,0.8008,True,True,True,5.551115123125783e-16,0.0,0.0,True,False,redundant: Stage-2 optimum unique,1.0,0,7,11,3,19,0
weights,Heterogeneous service weights,prescribed,weights_9,1.1102230246251565e-16,0.0,0.0,0.0,0.0,0.0,0.0,0.0,0.8,source,3,2.2544613001167145e-16,0.0,True,0.8000000000000002,0.8008000000000001,True,True,True,4.440892098500626e-16,0.0,4.440892098500626e-16,True,False,redundant: Stage-2 optimum unique,1.0,0,9,15,3,24,0
weights,Heterogeneous service weights,prescribed,weights_10,0.0,0.0,0.0,0.0,0.0,0.0,1.1102230246251565e-16,0.0,0.8,source,3,0.0,0.0,True,0.8,0.8008000000000001,True,True,True,3.3306690738754696e-15,0.0,1.2878587085651816e-14,True,False,redundant: Stage-2 optimum unique,1.0,0,12,20,3,34,0
weights,Heterogeneous service weights,prescribed,weights_11,2.220446049250313e-16,0.0,0.0,1.4210854715202004e-14,1.1968481272889351e-16,0.0,0.0,0.0,0.8,source,3,2.3936962545778703e-16,1.1968481272889351e-16,True,0.7999999999999998,0.8007999999999998,True,True,True,2.220446049250313e-16,0.0,1.3322676295501878e-15,True,False,redundant: Stage-2 optimum unique,1.0,0,7,14,3,19,0
weights,Heterogeneous service weights,prescribed,weights_12,0.0,0.0,0.0,0.0,0.0,0.0,1.1102230246251565e-16,0.0,0.8,source,3,0.0,0.0,True,0.8,0.8008,True,True,True,0.0,0.0,0.0,True,False,redundant: Stage-2 optimum unique,0.0,0,4,8,3,11,0
weights,Heterogeneous service weights,prescribed,weights_13,0.0,0.0,0.0,2.842170943040401e-14,1.4236451156999988e-16,0.0,1.1102230246251565e-16,0.0,0.8,source,3,1.4236451156999988e-16,1.4236451156999988e-16,True,0.8,0.8008000000000001,True,True,True,1.3322676295501878e-15,0.0,0.0,True,False,redundant: Stage-2 optimum unique,1.0,0,8,12,3,23,0
weights,Heterogeneous service weights,prescribed,weights_14,0.0,0.0,0.0,0.0,0.0,0.0,1.1102230246251565e-16,0.0,0.8,source,3,1.273980920757367e-16,1.273980920757367e-16,True,0.8,0.8008,True,True,True,0.0,0.0,2.220446049250313e-16,True,False,redundant: Stage-2 optimum unique,0.0,0,2,5,3,5,0
weights,Heterogeneous service weights,prescribed,weights_15,1.1102230246251565e-16,0.0,0.0,2.842170943040401e-14,1.6905354856290343e-16,0.0,0.0,0.0,0.8,source,3,2.0947432164336553e-16,1.6905354856290343e-16,True,0.7999999999999999,0.8008,True,True,True,6.661338147750939e-16,0.0,0.0,True,False,redundant: Stage-2 optimum unique,1.0,0,7,11,3,19,0
weights,Heterogeneous service weights,prescribed,weights_16,0.0,0.0,0.0,0.0,0.0,0.0,2.220446049250313e-16,0.0,0.8,source,3,0.0,0.0,True,0.8,0.8007999999999998,True,True,True,3.3306690738754696e-15,0.0,1.3322676295501878e-15,True,False,redundant: Stage-2 optimum unique,1.0,0,4,7,3,10,0
weights,Heterogeneous service weights,prescribed,weights_17,0.0,0.0,0.0,2.842170943040401e-14,1.7650004789834715e-16,0.0,1.1102230246251565e-16,0.0,0.8,source,3,1.7650004789834715e-16,1.7650004789834715e-16,True,0.8,0.8008000000000001,True,True,True,1.887379141862766e-15,0.0,0.0,True,False,redundant: Stage-2 optimum unique,1.0,0,9,15,3,21,0
weights,Heterogeneous service weights,prescribed,weights_18,1.1102230246251565e-16,0.0,0.0,1.7763568394002505e-15,1.6042722705833513e-16,0.0,0.0,0.0,0.8,source,3,0.0,1.6042722705833513e-16,True,0.7999999999999999,0.8007999999999998,True,True,True,1.1102230246251565e-16,0.0,0.0,True,False,redundant: Stage-2 optimum unique,1.0,0,1,3,3,3,0
weights,Heterogeneous service weights,prescribed,weights_19,1.1102230246251565e-16,0.0,0.0,2.842170943040401e-14,1.853554497177432e-16,0.0,2.220446049250313e-16,0.0,0.8,source,3,1.160837544692568e-16,1.853554497177432e-16,True,0.7999999999999999,0.8008,True,True,True,1.3322676295501878e-15,0.0,0.0,True,False,redundant: Stage-2 optimum unique,1.0,0,5,9,3,15,0
weights,Heterogeneous service weights,prescribed,weights_20,1.1102230246251565e-16,0.0,0.0,5.684341886080802e-14,1.375560081252415e-16,0.0,1.1102230246251565e-16,0.0,0.8,source,3,0.0,1.375560081252415e-16,True,0.7999999999999999,0.8008,True,True,True,2.1094237467877974e-15,0.0,0.0,True,False,redundant: Stage-2 optimum unique,1.0,0,20,32,3,55,0
weights,Heterogeneous service weights,prescribed,weights_21,1.1102230246251565e-16,0.0,0.0,5.684341886080802e-14,1.6416813614128097e-16,0.0,2.220446049250313e-16,0.0,0.8,source,3,3.2833627228256194e-16,1.6416813614128097e-16,True,0.8000000000000002,0.8008000000000002,True,True,True,3.4416913763379853e-15,0.0,0.0,True,False,redundant: Stage-2 optimum unique,1.0,0,10,18,3,30,0
weights,Heterogeneous service weights,prescribed,weights_22,0.0,0.0,0.0,1.4210854715202004e-14,1.3125713395671194e-16,0.0,0.0,0.0,0.8,source,3,1.3125713395671194e-16,1.3125713395671194e-16,True,0.8,0.8008,True,True,True,4.440892098500626e-16,0.0,0.0,True,False,redundant: Stage-2 optimum unique,1.0,0,4,9,3,12,0
weights,Heterogeneous service weights,prescribed,weights_23,1.1102230246251565e-16,0.0,0.0,2.842170943040401e-14,1.5193511231995382e-16,0.0,1.1102230246251565e-16,0.0,0.8,source,3,0.0,1.5193511231995382e-16,True,0.7999999999999999,0.8008,True,True,True,1.9984014443252818e-15,0.0,0.0,True,False,redundant: Stage-2 optimum unique,1.0,0,11,18,3,30,0
weights,Heterogeneous service weights,prescribed,weights_24,1.1102230246251565e-16,0.0,0.0,7.105427357601002e-15,1.691440821701753e-16,0.0,1.1102230246251565e-16,0.0,0.8,source,3,0.0,1.691440821701753e-16,True,0.7999999999999999,0.8007999999999998,True,True,True,7.327471962526033e-15,0.0,0.0,True,False,redundant: Stage-2 optimum unique,1.0,0,3,7,3,8,0
weights,Heterogeneous service weights,prescribed,weights_25,0.0,0.0,0.0,1.4210854715202004e-14,1.6684553577177798e-16,0.0,0.0,0.0,0.8,source,3,1.6684553577177798e-16,1.6684553577177798e-16,True,0.8,0.8008,True,True,True,1.1102230246251565e-16,0.0,0.0,True,False,redundant: Stage-2 optimum unique,1.0,0,3,6,3,7,0
weights,Heterogeneous service weights,prescribed,weights_26,0.0,0.0,0.0,5.684341886080802e-14,1.682911087590405e-16,0.0,5.551115123125783e-16,0.0,0.8,source,3,1.682911087590405e-16,1.682911087590405e-16,True,0.8,0.8008000000000002,True,True,True,2.708944180085382e-14,0.0,0.0,True,False,redundant: Stage-2 optimum unique,1.0,0,14,25,3,41,0
weights,Heterogeneous service weights,prescribed,weights_27,0.0,0.0,0.0,2.842170943040401e-14,1.865325465210973e-16,0.0,0.0,0.0,0.8,source,3,1.865325465210973e-16,1.865325465210973e-16,True,0.8,0.8008,True,True,True,1.3322676295501878e-15,0.0,0.0,True,False,redundant: Stage-2 optimum unique,1.0,0,5,9,3,12,0
weights,Heterogeneous service weights,prescribed,weights_28,1.1102230246251565e-16,0.0,0.0,2.842170943040401e-14,1.5768529834079627e-16,0.0,0.0,0.0,0.8,source,3,0.0,1.5768529834079627e-16,True,0.7999999999999999,0.8008,True,True,True,3.3306690738754696e-16,0.0,0.0,True,False,redundant: Stage-2 optimum unique,1.0,0,7,11,3,19,0
weights,Heterogeneous service weights,prescribed,weights_29,1.1102230246251565e-16,0.0,0.0,7.105427357601002e-15,1.466763218819064e-16,0.0,0.0,0.0,0.8,source,3,0.0,1.466763218819064e-16,True,0.7999999999999999,0.8008,True,True,True,1.1102230246251565e-16,0.0,0.0,True,False,redundant: Stage-2 optimum unique,1.0,0,1,3,3,3,0
degenerate,Near-degenerate bottleneck ties (1e-12),prescribed,degenerate_0,0.0,0.0,0.0,2.842170943040401e-14,1.3701760032478384e-16,0.0,0.0,0.0,0.8,source,3,1.3701760032478384e-16,1.3701760032478384e-16,True,0.8,0.8008000000000001,True,True,True,3.774758283725532e-15,0.0,1.6653345369377348e-14,True,False,redundant: Stage-2 optimum unique,1.0,0,8,13,3,24,0
degenerate,Near-degenerate bottleneck ties (1e-12),prescribed,degenerate_1,1.1102230246251565e-16,0.0,0.0,5.684341886080802e-14,1.9991010265118133e-16,0.0,1.1102230246251565e-16,0.0,0.8,source,3,0.0,1.9991010265118133e-16,True,0.7999999999999999,0.8008,True,True,True,3.9968028886505635e-15,0.0,2.4424906541753444e-15,True,False,redundant: Stage-2 optimum unique,1.0,0,12,19,3,36,0
degenerate,Near-degenerate bottleneck ties (1e-12),prescribed,degenerate_2,1.1102230246251565e-16,0.0,0.0,0.0,0.0,0.0,1.1102230246251565e-16,0.0,0.8,source,3,1.5575428393950713e-16,0.0,True,0.7999999999999999,0.8008,True,True,True,3.1086244689504383e-15,0.0,0.0,True,False,redundant: Stage-2 optimum unique,1.0,0,7,11,3,21,0
degenerate,Near-degenerate bottleneck ties (1e-12),prescribed,degenerate_3,0.0,0.0,0.0,0.0,0.0,0.0,1.1102230246251565e-16,0.0,0.8,source,3,0.0,0.0,True,0.8,0.8008000000000001,True,True,True,1.7763568394002505e-15,0.0,0.0,True,False,redundant: Stage-2 optimum unique,1.0,0,5,8,3,15,0
degenerate,Near-degenerate bottleneck ties (1e-12),prescribed,degenerate_4,0.0,0.0,0.0,5.684341886080802e-14,1.781959617663936e-16,0.0,0.0,0.0,0.8,source,3,1.781959617663936e-16,1.781959617663936e-16,True,0.8,0.8008000000000001,True,True,True,6.439293542825908e-15,0.0,0.0,True,False,redundant: Stage-2 optimum unique,1.0,0,11,20,3,33,0
degenerate,Near-degenerate bottleneck ties (1e-12),prescribed,degenerate_5,0.0,0.0,0.0,2.842170943040401e-14,1.2707981990359523e-16,0.0,1.1102230246251565e-16,0.0,0.8,source,3,1.2707981990359523e-16,1.2707981990359523e-16,True,0.8,0.8008000000000001,True,True,True,3.552713678800501e-15,0.0,0.0,True,False,redundant: Stage-2 optimum unique,1.0,0,7,12,3,21,0
degenerate,Near-degenerate bottleneck ties (1e-12),prescribed,degenerate_6,1.1102230246251565e-16,0.0,0.0,1.4210854715202004e-14,1.683710946758856e-16,0.0,0.0,0.0,0.8,source,3,1.2741596103691304e-16,1.683710946758856e-16,True,0.7999999999999999,0.8008,True,True,True,2.7755575615628914e-15,0.0,0.0,True,False,redundant: Stage-2 optimum unique,1.0,0,4,7,3,12,0
degenerate,Near-degenerate bottleneck ties (1e-12),prescribed,degenerate_7,0.0,0.0,0.0,1.4210854715202004e-14,1.6657643006892025e-16,0.0,1.1102230246251565e-16,0.0,0.8,source,3,1.6657643006892025e-16,1.6657643006892025e-16,True,0.8,0.8008,True,True,True,2.220446049250313e-16,0.0,0.0,True,False,redundant: Stage-2 optimum unique,1.0,0,2,4,3,6,0
degenerate,Near-degenerate bottleneck ties (1e-12),prescribed,degenerate_8,1.1102230246251565e-16,0.0,0.0,1.4210854715202004e-14,1.1535345104947218e-16,0.0,0.0,0.0,0.8,source,3,1.848936797763536e-16,1.1535345104947218e-16,True,0.7999999999999999,0.8008,True,True,True,7.771561172376096e-16,0.0,0.0,True,False,redundant: Stage-2 optimum unique,1.0,0,6,9,3,18,0
degenerate,Near-degenerate bottleneck ties (1e-12),prescribed,degenerate_9,1.1102230246251565e-16,0.0,0.0,2.842170943040401e-14,1.4297293403791855e-16,0.0,0.0,0.0,0.8,source,3,0.0,1.4297293403791855e-16,True,0.7999999999999999,0.8008000000000001,True,True,True,1.7763568394002505e-15,0.0,0.0,True,False,redundant: Stage-2 optimum unique,1.0,0,6,12,3,18,0
degenerate,Near-degenerate bottleneck ties (1e-12),prescribed,degenerate_10,1.1102230246251565e-16,0.0,0.0,7.105427357601002e-15,1.1400385457789017e-16,0.0,1.1102230246251565e-16,0.0,0.8,source,3,1.2932209112221007e-16,1.1400385457789017e-16,True,0.7999999999999999,0.8008,True,True,True,1.5543122344752192e-15,0.0,0.0,True,False,redundant: Stage-2 optimum unique,1.0,0,6,10,3,18,0
degenerate,Near-degenerate bottleneck ties (1e-12),prescribed,degenerate_11,1.1102230246251565e-16,0.0,0.0,2.842170943040401e-14,1.8185446969928772e-16,0.0,0.0,0.0,0.8,source,3,1.788107725649978e-16,1.8185446969928772e-16,True,0.7999999999999999,0.8008000000000001,True,True,True,4.551914400963142e-15,0.0,8.881784197001252e-16,True,False,redundant: Stage-2 optimum unique,1.0,0,7,11,3,21,0
degenerate,Near-degenerate bottleneck ties (1e-12),prescribed,degenerate_12,1.1102230246251565e-16,0.0,0.0,0.0,0.0,0.0,0.0,0.0,0.8,source,3,2.1561865968218615e-16,0.0,True,0.7999999999999999,0.8008000000000001,True,True,True,2.220446049250313e-15,0.0,0.0,True,False,redundant: Stage-2 optimum unique,1.0,0,9,14,3,27,0
degenerate,Near-degenerate bottleneck ties (1e-12),prescribed,degenerate_13,1.1102230246251565e-16,0.0,0.0,2.842170943040401e-14,1.6978069521200308e-16,0.0,0.0,0.0,0.8,source,3,1.699088828429935e-16,1.6978069521200308e-16,True,0.7999999999999999,0.8008000000000002,True,True,True,5.662137425588298e-15,0.0,0.0,True,False,redundant: Stage-2 optimum unique,1.0,0,7,14,3,21,0
degenerate,Near-degenerate bottleneck ties (1e-12),prescribed,degenerate_14,1.1102230246251565e-16,0.0,0.0,1.4210854715202004e-14,1.737031626493944e-16,0.0,1.1102230246251565e-16,0.0,0.8,source,3,1.737031626493944e-16,1.737031626493944e-16,True,0.8000000000000002,0.8008000000000001,True,True,True,0.0,0.0,0.0,True,False,redundant: Stage-2 optimum unique,0.0,0,2,5,3,6,0
degenerate,Near-degenerate bottleneck ties (1e-12),prescribed,degenerate_15,0.0,0.0,0.0,2.842170943040401e-14,1.2901751722188559e-16,0.0,1.1102230246251565e-16,0.0,0.8,source,3,1.2901751722188559e-16,1.2901751722188559e-16,True,0.8,0.8008000000000001,True,True,True,9.992007221626409e-15,0.0,1.2434497875801753e-14,True,False,redundant: Stage-2 optimum unique,1.0,0,10,17,3,30,0
degenerate,Near-degenerate bottleneck ties (1e-12),prescribed,degenerate_16,1.1102230246251565e-16,0.0,0.0,0.0,0.0,0.0,0.0,0.0,0.8,source,3,1.4094138534907788e-16,0.0,True,0.7999999999999999,0.8008,True,True,True,4.440892098500626e-16,0.0,0.0,True,False,redundant: Stage-2 optimum unique,1.0,0,5,9,3,15,0
degenerate,Near-degenerate bottleneck ties (1e-12),prescribed,degenerate_17,0.0,0.0,0.0,7.105427357601002e-15,1.7985612998927537e-16,0.0,1.1102230246251565e-16,0.0,0.8,source,3,1.1250259982868254e-16,1.7985612998927537e-16,True,0.8,0.8008,True,True,True,1.1102230246251565e-16,0.0,0.0,True,False,redundant: Stage-2 optimum unique,1.0,0,1,3,3,3,0
degenerate,Near-degenerate bottleneck ties (1e-12),prescribed,degenerate_18,1.1102230246251565e-16,0.0,0.0,2.842170943040401e-14,1.455635037554817e-16,0.0,1.1102230246251565e-16,0.0,0.8,source,3,1.3899933585562123e-16,1.455635037554817e-16,True,0.7999999999999999,0.8008,True,True,True,2.1094237467877974e-15,0.0,0.0,True,False,redundant: Stage-2 optimum unique,1.0,0,6,11,3,18,0
degenerate,Near-degenerate bottleneck ties (1e-12),prescribed,degenerate_19,0.0,0.0,0.0,5.684341886080802e-14,1.986284591838469e-16,0.0,2.220446049250313e-16,0.0,0.8,source,3,1.986284591838469e-16,1.986284591838469e-16,True,0.8,0.8008,True,True,True,6.772360450213455e-15,0.0,0.0,True,False,redundant: Stage-2 optimum unique,1.0,0,11,17,3,33,0
degenerate,Near-degenerate bottleneck ties (1e-12),prescribed,degenerate_20,0.0,0.0,0.0,0.0,0.0,0.0,0.0,0.0,0.8,source,3,0.0,0.0,True,0.8,0.8008,True,True,True,3.3306690738754696e-16,0.0,4.440892098500626e-16,True,False,redundant: Stage-2 optimum unique,1.0,0,6,12,3,18,0
degenerate,Near-degenerate bottleneck ties (1e-12),prescribed,degenerate_21,1.1102230246251565e-16,0.0,0.0,2.842170943040401e-14,1.7845544390193138e-16,0.0,1.1102230246251565e-16,0.0,0.8,source,3,1.7307560112457015e-16,1.7845544390193138e-16,True,0.7999999999999999,0.8008000000000001,True,True,True,1.1102230246251565e-15,0.0,0.0,True,False,redundant: Stage-2 optimum unique,1.0,0,7,11,3,21,0
degenerate,Near-degenerate bottleneck ties (1e-12),prescribed,degenerate_22,1.1102230246251565e-16,0.0,0.0,5.684341886080802e-14,1.71364383180983e-16,0.0,0.0,0.0,0.8,source,3,0.0,1.71364383180983e-16,True,0.7999999999999999,0.8008,True,True,True,4.440892098500626e-16,0.0,0.0,True,False,redundant: Stage-2 optimum unique,1.0,0,13,23,3,39,0
degenerate,Near-degenerate bottleneck ties (1e-12),prescribed,degenerate_23,1.1102230246251565e-16,0.0,0.0,1.4210854715202004e-14,1.2916180616628436e-16,0.0,0.0,0.0,0.8,source,3,1.3148428565908595e-16,1.2916180616628436e-16,True,0.8000000000000002,0.8008,True,True,True,2.3314683517128287e-15,0.0,0.0,True,False,redundant: Stage-2 optimum unique,1.0,0,6,11,3,18,0
degenerate,Near-degenerate bottleneck ties (1e-12),prescribed,degenerate_24,1.1102230246251565e-16,0.0,0.0,7.105427357601002e-15,1.3991232415057974e-16,0.0,0.0,0.0,0.8,source,3,1.9967196325786643e-16,1.3991232415057974e-16,True,0.7999999999999999,0.8008,True,True,True,1.9984014443252818e-15,0.0,0.0,True,False,redundant: Stage-2 optimum unique,1.0,0,3,5,3,9,0
degenerate,Near-degenerate bottleneck ties (1e-12),prescribed,degenerate_25,2.220446049250313e-16,0.0,0.0,0.0,0.0,0.0,0.0,0.0,0.8,source,3,3.1842611445643223e-16,0.0,True,0.7999999999999998,0.8007999999999998,True,True,True,1.6431300764452317e-14,0.0,0.0,True,False,redundant: Stage-2 optimum unique,1.0,0,12,20,3,36,0
degenerate,Near-degenerate bottleneck ties (1e-12),prescribed,degenerate_26,1.1102230246251565e-16,0.0,0.0,0.0,0.0,0.0,0.0,0.0,0.8,source,3,1.2289216140443596e-16,0.0,True,0.7999999999999999,0.8008,True,True,True,7.105427357601002e-15,0.0,0.0,True,False,redundant: Stage-2 optimum unique,1.0,0,9,16,3,27,0
degenerate,Near-degenerate bottleneck ties (1e-12),prescribed,degenerate_27,0.0,0.0,0.0,2.842170943040401e-14,1.3910159604770186e-16,0.0,1.1102230246251565e-16,0.0,0.8,source,3,1.3910159604770186e-16,1.3910159604770186e-16,True,0.8,0.8007999999999998,True,True,True,1.4432899320127035e-15,0.0,2.6645352591003757e-15,True,False,redundant: Stage-2 optimum unique,1.0,0,9,17,3,27,0
degenerate,Near-degenerate bottleneck ties (1e-12),prescribed,degenerate_28,1.1102230246251565e-16,0.0,0.0,5.684341886080802e-14,1.35489141291981e-16,0.0,2.220446049250313e-16,0.0,0.8,source,3,1.16184797412966e-16,1.35489141291981e-16,True,0.7999999999999999,0.8008,True,True,True,5.329070518200751e-15,0.0,1.554312234475219e-14,True,False,redundant: Stage-2 optimum unique,1.0,0,15,25,3,45,0
degenerate,Near-degenerate bottleneck ties (1e-12),prescribed,degenerate_29,1.1102230246251565e-16,0.0,0.0,5.684341886080802e-14,2.1859896927304693e-16,0.0,0.0,0.0,0.8,source,3,0.0,2.1859896927304693e-16,True,0.7999999999999999,0.8008,True,True,True,9.658940314238862e-15,0.0,0.0,True,False,redundant: Stage-2 optimum unique,1.0,0,9,16,3,27,0
independent,"Independent capacities, lining classes, uniform weights",independent,independent_0,5.551115123125783e-17,0.0,0.0,0.0,0.0,0.0,0.0,1.7763568394002505e-15,0.29318245989304814,edge,1,0.0,0.0,True,0.2931824598930481,0.29347564235294116,True,True,True,1.2048175401069519,1.2048175401069536,0.0,True,False,redundant: Stage-2 optimum unique,-1.4743783023299636e-15,0,1,3,3,3,0
independent,"Independent capacities, lining classes, uniform weights",independent,independent_1,0.0,0.0,0.0,0.0,0.0,0.0,5.551115123125783e-17,0.0,0.2065119643719321,edge,1,1.2998590018098857e-16,1.2998590018098857e-16,True,0.2065119643719321,0.20671847633630402,True,True,True,3.8509920730210143,3.5688875101523143,0.220844108762506,False,True,active,0.07325503598022093,2,5,13,3,15,0
independent,"Independent capacities, lining classes, uniform weights",independent,independent_2,0.0,0.0,0.0,0.0,0.0,4.85722573273506e-17,5.551115123125783e-17,0.0,0.056445626880641926,edge,1,0.0,0.0,True,0.056445626880641926,0.056502072507522566,True,True,True,17.126959397871957,16.027285888240936,0.5058618375537653,False,True,active,0.06420716509479532,4,17,28,4,63,0
independent,"Independent capacities, lining classes, uniform weights",independent,independent_3,2.7755575615628914e-17,0.0,0.0,1.4210854715202004e-14,2.1273734603595814e-16,1.4377388168895777e-14,0.0,0.0,0.1398742386347896,edge,1,0.0,0.0,True,0.13987423863478962,0.14001411287342438,True,True,True,3.522993023092075,3.476169996917476,0.7289745112413738,False,True,active,0.01329069511852253,2,5,13,3,14,0
independent,"Independent capacities, lining classes, uniform weights",independent,independent_4,1.3877787807814457e-17,0.0,0.0,7.815970093361102e-14,4.382913784992424e-15,4.163336342344337e-17,0.0,7.993605777301127e-15,0.11209400546869523,edge,1,0.0,0.0,True,0.11209400546869522,0.11220609947416393,True,True,True,2.2024046590700004,2.2024046590700084,0.0,True,False,redundant: Stage-2 optimum unique,-3.6294900414334176e-15,0,3,11,4,11,0
independent,"Independent capacities, lining classes, uniform weights",independent,independent_5,0.0,0.0,0.0,7.105427357601002e-15,1.54736585524887e-16,0.0,5.551115123125783e-17,0.0,0.1278590408525755,edge,1,0.0,0.0,True,0.1278590408525755,0.12798689989342804,True,True,True,5.219320109588956,5.219320109588795,0.0,True,False,redundant: Stage-2 optimum unique,3.09711742126032e-14,0,7,16,3,19,0
independent,"Independent capacities, lining classes, uniform weights",independent,independent_6,0.0,0.0,0.0,7.105427357601002e-15,2.029727108837841e-16,2.0261570199409107e-15,0.0,0.0,0.06300994374693134,edge,1,0.0,0.0,True,0.06300994374693134,0.06307295369067827,True,True,True,3.6517865400653555,3.2942505776439757,0.3052731953729989,False,True,active,0.097907136273902,2,11,30,3,28,0
independent,"Independent capacities, lining classes, uniform weights",independent,independent_7,0.0,0.0,0.0,3.552713678800501e-15,1.5415388647513976e-16,6.245004513516506e-17,0.0,0.0,0.04380834265025344,edge,1,0.0,0.0,True,0.04380834265025344,0.04385215099290369,True,True,True,3.6998099661838832,3.6559459034443753,0.03460195065418814,False,True,active,0.011855761009463658,2,10,27,3,25,0
independent,"Independent capacities, lining classes, uniform weights",independent,independent_8,0.0,0.0,0.0,1.4210854715202004e-14,2.1849407618699265e-16,4.3415965267357137e-13,8.326672684688674e-17,1.6444623440747819e-12,0.041897686082190175,edge,1,0.0,1.526079758934923e-16,True,0.041897686082190175,0.041939583768272365,True,True,True,3.2896418505028127,3.289641850504457,0.0,True,False,redundant: Stage-2 optimum unique,-4.998909968948231e-13,0,6,15,4,21,0
independent,"Independent capacities, lining classes, uniform weights",independent,independent_9,0.0,0.0,0.0,0.0,0.0,0.0,0.0,0.0,0.2087019931939718,edge,1,0.0,0.0,True,0.2087019931939718,0.2089106951871658,True,True,True,0.3359129050194458,0.2785870246414682,0.08940304888023681,False,True,active,0.17065697542837505,2,2,6,3,5,0
independent,"Independent capacities, lining classes, uniform weights",independent,independent_10,0.0,0.0,0.0,7.105427357601002e-15,1.5592335654160637e-16,1.124100812432971e-14,5.551115123125783e-17,1.2079226507921703e-13,0.05297381228273464,edge,1,0.0,1.1889938684071288e-16,True,0.05297381228273464,0.05302678609501738,True,True,True,11.997723092415507,11.997723092415628,0.70428197027425,False,False,inactive: Stage-2 vertex already smoothest,-1.0067932402572051e-14,2,11,19,4,40,0
independent,"Independent capacities, lining classes, uniform weights",independent,independent_11,1.3877787807814457e-17,0.0,0.0,0.0,0.0,0.0,5.551115123125783e-17,0.0,0.08460562172362555,edge,1,1.248805776800676e-16,0.0,True,0.08460562172362554,0.08469022734534917,True,True,True,2.577676968868018,2.577676968868018,1.192220716415243,False,False,inactive: Stage-2 vertex already smoothest,0.0,0,4,8,4,16,0
independent,"Independent capacities, lining classes, uniform weights",independent,independent_12,0.0,0.0,0.0,0.0,0.0,2.0816681711721685e-17,0.0,3.304023721284466e-13,0.03963275703800842,edge,1,1.7637322297556835e-16,0.0,True,0.03963275703800842,0.03967238979504643,True,True,True,16.460138050228355,16.460138050228686,1.2059831091356767,False,False,inactive: Stage-2 vertex already smoothest,-2.007287977295323e-14,0,16,26,4,60,0
independent,"Independent capacities, lining classes, uniform weights",independent,independent_13,1.3877787807814457e-17,0.0,0.0,0.0,0.0,0.0,0.0,0.0,0.045309918822574825,edge,1,3.739698609263685e-16,0.0,True,0.04530991882257484,0.045355228741397406,True,True,True,1.0060391028979767,0.9785921928889242,0.20913007589751897,False,True,active,0.027282150296136096,2,8,21,3,20,0
independent,"Independent capacities, lining classes, uniform weights",independent,independent_14,0.0,0.0,0.0,1.4210854715202004e-14,1.6420281824623298e-16,0.0,0.0,0.0,0.06427434945904309,edge,1,0.0,0.0,True,0.06427434945904309,0.06433862380850212,True,True,True,9.338198508467586,9.284442342616991,0.46750616488866714,False,True,active,0.005756588468520024,2,17,38,4,58,0
independent,"Independent capacities, lining classes, uniform weights",independent,independent_15,6.938893903907228e-18,0.0,0.0,0.0,0.0,6.938893903907228e-18,2.7755575615628914e-17,0.0,0.05808165324512296,edge,1,1.9025999413939176e-16,0.0,True,0.058081653245122954,0.05813973489836808,True,True,True,1.6576220381279516,1.6576220381279494,0.40279772756579235,False,False,inactive: Stage-2 vertex already smoothest,1.3395369982882172e-15,0,7,11,3,17,0
independent,"Independent capacities, lining classes, uniform weights",independent,independent_16,0.0,0.0,0.0,0.0,0.0,0.0,1.1102230246251565e-16,1.0098588631990424e-12,0.07018762393162394,edge,1,0.0,0.0,True,0.07018762393162394,0.07025781155555556,True,True,True,6.815008080585145,6.815008080586155,0.66186014787234,False,False,inactive: Stage-2 vertex already smoothest,-1.4818160906895575e-13,0,8,22,4,25,0
independent,"Independent capacities, lining classes, uniform weights",independent,independent_17,1.3877787807814457e-17,0.0,0.0,1.4210854715202004e-14,1.8945147318891248e-16,6.938893903907228e-17,2.7755575615628914e-17,0.0,0.08674759724383196,edge,1,0.0,0.0,True,0.08674759724383198,0.0868343448410758,True,True,True,3.085395555667665,2.7623723926219035,0.4586795153492846,False,True,active,0.10469424656180291,4,5,11,4,16,0
independent,"Independent capacities, lining classes, uniform weights",independent,independent_18,0.0,0.0,0.0,0.0,0.0,0.0,0.0,0.0,0.0630832106833357,edge,1,1.3179779736256154e-16,0.0,True,0.0630832106833357,0.06314629389401905,True,True,True,7.473257921792885,6.6860573408633766,0.08404730541471661,False,True,active,0.10533566339707619,4,11,18,3,29,0
independent,"Independent capacities, lining classes, uniform weights",independent,independent_19,1.3877787807814457e-17,0.0,0.0,0.0,0.0,7.082806563474264e-13,5.551115123125783e-17,2.629896300732071e-12,0.08994149643037833,edge,1,1.652469913706032e-16,0.0,True,0.08994149643037834,0.0900314379268087,True,True,True,6.692052168180673,6.692052168183303,0.0,True,False,redundant: Stage-2 optimum unique,-3.9298801543070524e-13,0,8,18,4,30,0
independent,"Independent capacities, lining classes, uniform weights",independent,independent_20,1.3877787807814457e-17,0.0,0.0,0.0,0.0,4.85722573273506e-16,0.0,0.0,0.11132306029522142,edge,1,1.4204873715742743e-16,0.0,True,0.1113230602952214,0.11143438335551663,True,True,True,3.8785715074196445,3.8620056083103127,0.4377594847057923,False,True,active,0.004271134121838806,2,5,16,4,20,0
independent,"Independent capacities, lining classes, uniform weights",independent,independent_21,0.0,0.0,0.0,7.105427357601002e-15,2.0969241132067294e-16,1.5956680421425062e-13,0.0,7.740474927686591e-13,0.08786703629032258,edge,1,0.0,0.0,True,0.08786703629032258,0.0879549033266129,True,True,True,3.987709765191702,3.987709765192476,0.0,True,False,redundant: Stage-2 optimum unique,-1.9410828228404133e-13,0,7,19,4,25,0
independent,"Independent capacities, lining classes, uniform weights",independent,independent_22,2.7755575615628914e-17,0.0,0.0,2.842170943040401e-14,3.8593147989383837e-16,0.0,0.0,0.0,0.1586871520223152,edge,1,1.16186130484028e-16,0.0,True,0.15868715202231523,0.15884583917433753,True,True,True,1.5618555385744912,1.3755961861337667,0.18043018839009795,False,True,active,0.11925517299168645,2,5,12,4,15,0
independent,"Independent capacities, lining classes, uniform weights",independent,independent_23,2.7755575615628914e-17,0.0,0.0,7.105427357601002e-15,1.946425793069717e-16,0.0,2.7755575615628914e-17,0.0,0.1821380833220375,edge,1,0.0,1.946425793069717e-16,True,0.18213808332203751,0.18232022140535953,True,True,True,2.1724776104506276,2.1694293548936185,0.0018613910369138509,False,True,active,0.0014031240378936578,2,8,12,3,23,0
independent,"Independent capacities, lining classes, uniform weights",independent,independent_24,0.0,0.0,0.0,0.0,0.0,2.7755575615628914e-17,1.1102230246251565e-16,0.0,0.16480756501182034,edge,1,0.0,0.0,True,0.16480756501182034,0.16497237257683214,True,True,True,2.660440404424984,2.6604404044249805,7.216449660063518e-16,True,False,redundant: Stage-2 optimum unique,1.3353855522910572e-15,0,2,6,4,7,0
independent,"Independent capacities, lining classes, uniform weights",independent,independent_25,1.3877787807814457e-17,0.0,0.0,0.0,0.0,1.3877787807814457e-17,5.551115123125783e-17,0.0,0.09826958456973293,edge,1,1.743940071021267e-16,0.0,True,0.09826958456973292,0.09836785415430264,True,True,True,3.026433580813248,2.777433986492486,0.20768511535535478,False,True,active,0.08227492448515986,2,5,8,4,18,0
independent,"Independent capacities, lining classes, uniform weights",independent,independent_26,1.3877787807814457e-17,0.0,0.0,0.0,0.0,0.0,0.0,0.0,0.07921754798029557,edge,1,1.552759475000219e-16,0.0,True,0.07921754798029558,0.07929676552827587,True,True,True,2.574239299828788,2.5673517809971864,0.43101934385345775,False,True,active,0.0026755550006790875,2,6,16,4,21,0
independent,"Independent capacities, lining classes, uniform weights",independent,independent_27,6.938893903907228e-18,0.0,0.0,3.659295089164516e-13,1.9312946303923837e-14,0.0,5.551115123125783e-17,2.398081733190338e-14,0.042962096204746524,edge,1,1.5800926942230694e-16,1.5800926942230694e-16,True,0.04296209620474653,0.04300505830095128,True,True,True,4.307598153523786,4.30759815352381,0.5721102434985665,False,False,inactive: Stage-2 vertex already smoothest,-5.567097133302957e-15,0,10,27,4,34,0
independent,"Independent capacities, lining classes, uniform weights",independent,independent_28,0.0,0.0,0.0,0.0,0.0,2.7755575615628914e-17,0.0,0.0,0.202635,edge,1,0.0,0.0,True,0.202635,0.20283763500000002,True,True,True,0.797365,0.797365,0.0,True,False,redundant: Stage-2 optimum unique,0.0,0,1,4,3,3,0
independent,"Independent capacities, lining classes, uniform weights",independent,independent_29,1.3877787807814457e-17,0.0,0.0,0.0,0.0,8.892192537857113e-13,0.0,0.0,0.11120751879699248,edge,1,0.0,0.0,True,0.11120751879699246,0.11131872631578947,True,True,True,4.753363231483619,4.705052256684941,0.848059491508196,False,True,active,0.010163535258297367,2,9,21,4,26,0
independent,"Independent capacities, lining classes, uniform weights",independent,independent_30,0.0,0.0,0.0,7.105427357601002e-15,1.1620451098550913e-16,4.853756285783106e-15,5.551115123125783e-17,0.0,0.03121460519744385,edge,1,0.0,0.0,True,0.03121460519744385,0.031245819802641295,True,True,True,8.798642182113536,6.403920624616481,1.654033903346532,False,True,active,0.27216944477696847,6,12,33,4,47,0
independent,"Independent capacities, lining classes, uniform weights",independent,independent_31,0.0,0.0,0.0,0.0,0.0,0.0,0.0,0.0,0.07209254098360655,edge,1,0.0,0.0,True,0.07209254098360655,0.07216463352459017,True,True,True,5.3277881058751095,5.172267246949815,0.37684747778869965,False,True,active,0.029190511303142312,2,8,15,4,30,0
independent,"Independent capacities, lining classes, uniform weights",independent,independent_32,0.0,0.0,0.0,0.0,0.0,0.0,0.0,0.0,0.08951761308950915,edge,1,0.0,0.0,True,0.08951761308950915,0.08960713070259865,True,True,True,3.191015590325147,3.19101559032514,5.833111771380572e-13,True,False,redundant: Stage-2 optimum unique,2.226697788360538e-15,0,6,16,3,16,0
independent,"Independent capacities, lining classes, uniform weights",independent,independent_33,5.551115123125783e-17,0.0,0.0,0.0,0.0,0.0,0.0,0.0,0.285079107505071,edge,1,0.0,0.0,True,0.28507910750507104,0.28536418661257607,True,True,True,1.322970914196318,1.322970914196318,1.3877787807814457e-16,True,False,redundant: Stage-2 optimum unique,0.0,0,2,5,3,4,0
independent,"Independent capacities, lining classes, uniform weights",independent,independent_34,0.0,0.0,0.0,0.0,0.0,0.0,0.0,0.0,0.17888395061728396,edge,1,0.0,0.0,True,0.17888395061728396,0.17906283456790126,True,True,True,2.2399268388837017,2.2399268388836973,0.3319486811027018,False,False,inactive: Stage-2 vertex already smoothest,1.9826058697139437e-15,0,4,8,3,9,0
independent,"Independent capacities, lining classes, uniform weights",independent,independent_35,6.938893903907228e-18,0.0,0.0,7.105427357601002e-15,1.822043001544234e-16,0.0,0.0,0.0,0.047650752569497135,edge,1,0.0,0.0,True,0.04765075256949714,0.04769840332206663,True,True,True,4.905959110218353,4.785125710876892,0.5068453091772963,False,True,active,0.024629923859288447,2,10,21,3,27,0
independent,"Independent capacities, lining classes, uniform weights",independent,independent_36,0.0,0.0,0.0,3.552713678800501e-15,1.369755679732336e-16,0.0,2.7755575615628914e-17,0.0,0.10150645812710354,edge,1,0.0,1.369755679732336e-16,True,0.10150645812710354,0.10160796458523065,True,True,True,5.980748788655633,5.049678693334474,0.09187497876291884,False,True,active,0.15567784707614296,2,6,13,4,21,0
independent,"Independent capacities, lining classes, uniform weights",independent,independent_37,1.3877787807814457e-17,0.0,0.0,0.0,0.0,4.163336342344337e-17,0.0,0.0,0.09578543477927239,edge,1,1.7146301538612456e-16,0.0,True,0.09578543477927237,0.09588122021405165,True,True,True,7.616306857912155,7.005333197175428,0.08200945526732961,False,True,active,0.08021914979725649,2,8,18,4,29,0
independent,"Independent capacities, lining classes, uniform weights",independent,independent_38,0.0,0.0,0.0,0.0,0.0,0.0,0.0,0.0,0.29949228030236696,edge,1,1.2958399945340466e-16,0.0,True,0.29949228030236696,0.2997917725826693,True,True,True,1.077500344004065,1.0775003440040394,0.01772518868361317,False,False,inactive: Stage-2 vertex already smoothest,2.369848855127815e-14,0,2,5,4,8,0
independent,"Independent capacities, lining classes, uniform weights",independent,independent_39,6.938893903907228e-18,0.0,0.0,7.105427357601002e-15,1.818116707526244e-16,0.0,0.0,0.0,0.057774663183383104,edge,1,0.0,0.0,True,0.05777466318338311,0.0578324378465665,True,True,True,1.871285205423474,1.8712852054234714,2.453592884421596e-14,True,False,redundant: Stage-2 optimum unique,1.4239065490272972e-15,0,7,18,3,18,0
independent,"Independent capacities, lining classes, uniform weights",independent,independent_40,0.0,0.0,0.0,0.0,0.0,0.0,0.0,0.0,0.12086327683615819,edge,1,0.0,0.0,True,0.12086327683615819,0.12098414011299435,True,True,True,2.61623369890329,2.6162336989032897,1.9984014443252818e-15,True,False,redundant: Stage-2 optimum unique,1.6974370830718303e-16,0,4,7,3,10,0
independent,"Independent capacities, lining classes, uniform weights",independent,independent_41,0.0,0.0,0.0,0.0,0.0,1.5737411374061594e-14,5.551115123125783e-17,1.5987211554602254e-14,0.1289075630252101,edge,1,0.0,0.0,True,0.1289075630252101,0.1290364705882353,True,True,True,3.851611802615783,3.851611802615799,0.01813142494023734,False,False,inactive: Stage-2 vertex already smoothest,-4.150784755552131e-15,0,5,10,3,12,0
independent,"Independent capacities, lining classes, uniform weights",independent,independent_42,0.0,0.0,0.0,0.0,0.0,0.0,1.1102230246251565e-16,0.0,0.1625625,edge,1,0.0,0.0,True,0.1625625,0.1627250625,True,True,True,1.4748117763739663,1.365407142013629,1.161766559774634,False,True,active,0.07418209978586164,2,5,15,3,13,0
independent,"Independent capacities, lining classes, uniform weights",independent,independent_43,0.0,0.0,0.0,7.105427357601002e-15,1.5423743524900023e-16,4.579669976578771e-15,0.0,0.0,0.06487125839863203,edge,1,1.1879156503649709e-16,0.0,True,0.06487125839863203,0.06493612965703066,True,True,True,12.181082296141062,10.777515355900402,2.3393477428847596,False,True,active,0.11522514224251705,9,10,17,4,39,0
independent,"Independent capacities, lining classes, uniform weights",independent,independent_44,0.0,0.0,0.0,1.7763568394002505e-15,1.2436784049340235e-16,3.122502256758253e-16,0.0,8.881784197001252e-16,0.04139690096643154,edge,1,0.0,0.0,True,0.04139690096643154,0.041438297867397965,True,True,True,0.5409771850390493,0.5409771850390502,0.0,True,False,redundant: Stage-2 optimum unique,-1.641803839908727e-15,0,6,13,3,17,0
independent,"Independent capacities, lining classes, uniform weights",independent,independent_45,0.0,0.0,0.0,1.4210854715202004e-14,2.0790501238841772e-16,2.0816681711721685e-17,2.7755575615628914e-17,1.9095836023552692e-14,0.0509243026825923,edge,1,1.3106081061123315e-16,0.0,True,0.0509243026825923,0.05097522698527489,True,True,True,2.626403024874811,2.62640302487483,0.01992855537257432,False,False,inactive: Stage-2 vertex already smoothest,-7.27071810483576e-15,0,8,26,3,21,0
independent,"Independent capacities, lining classes, uniform weights",independent,independent_46,0.0,0.0,0.0,1.4210854715202004e-14,1.5847012106320456e-16,9.913736498390335e-13,5.551115123125783e-17,0.0,0.19811935828877006,edge,1,0.0,0.0,True,0.19811935828877006,0.19831747764705882,True,True,True,7.100686177683546,5.6441598105387465,3.3996389470382473,False,True,active,0.20512473452529925,7,13,22,4,44,0
independent,"Independent capacities, lining classes, uniform weights",independent,independent_47,6.938893903907228e-18,0.0,0.0,7.105427357601002e-15,1.432999032100803e-16,0.0,0.0,0.0,0.049845519317752614,edge,1,0.0,0.0,True,0.04984551931775262,0.04989536483707037,True,True,True,6.492549914009398,6.489179646004886,0.0009335533594916345,False,True,active,0.000519097742666558,2,11,28,3,30,0
independent,"Independent capacities, lining classes, uniform weights",independent,independent_48,0.0,0.0,0.0,0.0,0.0,6.036837696399289e-15,2.0816681711721685e-17,4.196643033083092e-14,0.0320761435027451,edge,1,0.0,0.0,True,0.0320761435027451,0.03210821964624785,True,True,True,1.4665149886471878,1.4665149886472297,0.12119963388441629,False,False,inactive: Stage-2 vertex already smoothest,-2.861643464656545e-14,0,7,15,3,18,0
independent,"Independent capacities, lining classes, uniform weights",independent,independent_49,1.3877787807814457e-17,0.0,0.0,3.552713678800501e-15,1.3926461707697445e-16,0.0,0.0,0.0,0.09053105980157165,edge,1,1.3926461707697445e-16,1.3926461707697445e-16,True,0.09053105980157164,0.09062159086137322,True,True,True,5.710315765591928,5.7103157655918455,1.4258594305260885e-12,True,False,redundant: Stage-2 optimum unique,1.4465153316009193e-14,0,12,18,3,33,0
independent,"Independent capacities, lining classes, uniform weights",independent,independent_50,1.3877787807814457e-17,0.0,0.0,0.0,0.0,1.3877787807814457e-17,0.0,0.0,0.051366444806751704,edge,1,1.6440982676472908e-16,0.0,True,0.05136644480675169,0.05141781125155844,True,True,True,5.209989687355338,5.209989687355335,6.217248937900877e-15,True,False,redundant: Stage-2 optimum unique,6.819041671853878e-16,0,7,13,3,17,0
independent,"Independent capacities, lining classes, uniform weights",independent,independent_51,0.0,0.0,0.0,1.4210854715202004e-14,1.867825345279373e-16,3.2586433551529126e-13,5.551115123125783e-17,3.2507330161024584e-13,0.07545541401273885,edge,1,0.0,0.0,True,0.07545541401273885,0.07553086942675159,True,True,True,5.222665247424959,5.222665247425284,0.218324930023867,False,False,inactive: Stage-2 vertex already smoothest,-6.224279868799243e-14,0,10,27,3,26,0
independent,"Independent capacities, lining classes, uniform weights",independent,independent_52,1.3877787807814457e-17,0.0,0.0,7.105427357601002e-15,1.5583359064837573e-16,0.0,1.1102230246251565e-16,4.440892098500626e-14,0.06868098441656229,edge,1,1.5571832911683107e-16,0.0,True,0.0686809844165623,0.06874966540097885,True,True,True,5.542444382515977,5.542444382516021,0.038799779164468085,False,False,inactive: Stage-2 vertex already smoothest,-8.012515402968637e-15,0,9,26,3,23,0
independent,"Independent capacities, lining classes, uniform weights",independent,independent_53,1.3877787807814457e-17,0.0,0.0,0.0,0.0,8.007483565108942e-15,0.0,1.021405182655144e-14,0.07222149105380232,edge,1,2.220446049250313e-16,1.1102230246251565e-16,True,0.07222149105380234,0.07229371254485613,True,True,True,1.2897177693170931,1.2897177693171034,0.0997878431103838,False,False,inactive: Stage-2 vertex already smoothest,-7.919602311100816e-15,0,7,14,3,18,0
independent,"Independent capacities, lining classes, uniform weights",independent,independent_54,0.0,0.0,0.0,7.105427357601002e-15,1.2501851601303777e-16,0.0,5.551115123125783e-17,0.0,0.06787932536433217,edge,1,0.0,0.0,True,0.06787932536433217,0.06794720468969649,True,True,True,11.622142362065764,9.85112348700805,2.322013863458073,False,True,active,0.15238316825633233,10,16,28,4,57,0
independent,"Independent capacities, lining classes, uniform weights",independent,independent_55,0.0,0.0,0.0,3.552713678800501e-15,1.3834554823989489e-16,6.938893903907228e-18,1.1102230246251565e-16,0.0,0.052100184108245316,edge,1,0.0,0.0,True,0.052100184108245316,0.052152284292353565,True,True,True,5.8783170500131625,5.757337643739904,0.14698211760757401,False,True,active,0.02058061946029057,2,10,17,3,28,0
independent,"Independent capacities, lining classes, uniform weights",independent,independent_56,0.0,0.0,0.0,3.552713678800501e-15,1.3024903019239657e-16,0.0,5.551115123125783e-17,0.0,0.12140185174561091,edge,1,0.0,1.2396980697375484e-16,True,0.12140185174561091,0.12152325359735652,True,True,True,0.8852958322608085,0.3850758455421512,0.7797770061585831,False,True,active,0.5650314487996961,5,4,9,3,12,0
independent,"Independent capacities, lining classes, uniform weights",independent,independent_57,1.3877787807814457e-17,0.0,0.0,3.552713678800501e-15,1.6572120175098085e-16,2.7755575615628914e-17,5.551115123125783e-17,0.0,0.06731408748061157,edge,1,0.0,0.0,True,0.06731408748061156,0.06738140156809216,True,True,True,13.101050625761903,11.573092685087433,2.565769816794272,False,True,active,0.11662865706891433,6,14,21,4,50,0
independent,"Independent capacities, lining classes, uniform weights",independent,independent_58,1.3877787807814457e-17,0.0,0.0,3.552713678800501e-15,1.332597684704294e-16,2.67841304690819e-15,0.0,0.0,0.09999233926128591,edge,1,0.0,0.0,True,0.09999233926128592,0.10009233160054722,True,True,True,6.8414331473115695,6.5089192177195665,0.19212324062476738,False,True,active,0.04860296409132766,2,8,14,3,22,0
independent,"Independent capacities, lining classes, uniform weights",independent,independent_59,0.0,0.0,0.0,7.105427357601002e-15,1.7769803412743818e-16,1.61932967035483e-13,0.0,0.0,0.04382233849303657,edge,1,1.2732940121455517e-16,0.0,True,0.04382233849303657,0.04386616083152961,True,True,True,12.037503405499612,11.463991011082909,2.4027066566663136,False,True,active,0.04764379914149644,8,16,27,4,58,0
independent,"Independent capacities, lining classes, uniform weights",independent,independent_60,2.7755575615628914e-17,0.0,0.0,1.7763568394002505e-15,1.424489582655222e-16,2.7755575615628914e-17,0.0,0.0,0.2091231203007519,edge,1,0.0,0.0,True,0.20912312030075186,0.20933224342105264,True,True,True,0.847682073006328,0.8476820730063279,2.4424906541753444e-15,True,False,redundant: Stage-2 optimum unique,1.3097162957424826e-16,0,2,7,4,7,0
independent,"Independent capacities, lining classes, uniform weights",independent,independent_61,0.0,0.0,0.0,7.105427357601002e-15,1.1651329720524658e-16,1.3877787807814457e-17,0.0,6.661338147750939e-16,0.07508445532435741,edge,1,0.0,0.0,True,0.07508445532435741,0.07515953977968176,True,True,True,1.461601424279515,1.4616014242795157,1.2212453270876722e-15,True,False,redundant: Stage-2 optimum unique,-4.557561341344884e-16,0,3,8,3,7,0
independent,"Independent capacities, lining classes, uniform weights",independent,independent_62,1.3877787807814457e-17,0.0,0.0,0.0,0.0,0.0,0.0,4.440892098500626e-16,0.08116464230668433,edge,1,2.0680862570329627e-16,0.0,True,0.08116464230668434,0.08124580694899101,True,True,True,2.7361743607740343,2.7361743607740348,3.605449272470196e-14,True,False,redundant: Stage-2 optimum unique,-1.623029643931151e-16,0,6,16,4,18,0
independent,"Independent capacities, lining classes, uniform weights",independent,independent_63,1.3877787807814457e-17,0.0,0.0,8.881784197001252e-16,1.2096861043131246e-16,1.3877787807814457e-17,0.0,0.0,0.12195169415234922,edge,1,0.0,0.0,True,0.1219516941523492,0.12207364584650157,True,True,True,2.872022767794523,2.8311364373005024,0.41468915858008665,False,True,active,0.014236074641364319,2,4,10,4,16,0
independent,"Independent capacities, lining classes, uniform weights",independent,independent_64,6.938893903907228e-18,0.0,0.0,7.105427357601002e-15,1.537300721791835e-16,6.938893903907228e-18,2.7755575615628914e-17,0.0,0.033012423129660386,edge,1,1.1874394841557855e-16,0.0,True,0.03301242312966038,0.03304543555279004,True,True,True,5.532550530993715,5.372674096472965,1.4341075808227675,False,True,active,0.028897419666591786,2,12,26,4,43,0
independent,"Independent capacities, lining classes, uniform weights",independent,independent_65,0.0,0.0,0.0,0.0,0.0,0.0,5.551115123125783e-17,0.0,0.07481707832277165,edge,1,0.0,0.0,True,0.07481707832277165,0.07489189540109442,True,True,True,3.142190686009857,2.10744847495981,0.8674001821157515,False,True,active,0.3293059888621926,2,4,8,4,15,0
independent,"Independent capacities, lining classes, uniform weights",independent,independent_66,1.3877787807814457e-17,0.0,0.0,0.0,0.0,7.961686865343154e-14,0.0,4.8405723873656825e-14,0.12198230869293668,edge,1,0.0,0.0,True,0.12198230869293666,0.1221042910016296,True,True,True,1.4806022866144473,1.4806022866144957,0.09446641722971422,False,False,inactive: Stage-2 vertex already smoothest,-3.2693265646875096e-14,0,3,8,4,11,0
independent,"Independent capacities, lining classes, uniform weights",independent,independent_67,0.0,0.0,0.0,0.0,0.0,0.0,0.0,0.0,0.16655802469135803,edge,1,0.0,0.0,True,0.16655802469135803,0.1667245827160494,True,True,True,0.844339475308642,0.8443394753086417,0.0,True,False,redundant: Stage-2 optimum unique,2.6298024836972663e-16,0,1,4,3,3,0
independent,"Independent capacities, lining classes, uniform weights",independent,independent_68,0.0,0.0,0.0,3.552713678800501e-15,1.7470930311288422e-16,0.0,0.0,0.0,0.08647026612738783,edge,1,0.0,1.7470930311288422e-16,True,0.08647026612738783,0.08655673639351522,True,True,True,6.92692036434814,6.926920364347379,0.5666484302091069,False,False,inactive: Stage-2 vertex already smoothest,1.0988561520075124e-13,0,14,35,3,38,0
independent,"Independent capacities, lining classes, uniform weights",independent,independent_69,0.0,0.0,0.0,0.0,0.0,0.0,0.0,0.0,0.0916262657352657,edge,1,1.4689204333983974e-16,0.0,True,0.0916262657352657,0.09171789200100094,True,True,True,5.137561885523893,3.6972505982960127,0.6498913585223005,False,True,active,0.28034918494826216,4,4,10,4,15,0
independent,"Independent capacities, lining classes, uniform weights",independent,independent_70,0.0,0.0,0.0,4.263256414560601e-14,1.0225610380596846e-15,0.0,0.0,8.881784197001252e-16,0.19716515837104073,edge,1,0.0,0.0,True,0.19716515837104073,0.19736232352941177,True,True,True,1.8376338604042424,1.8376338604042433,0.032325912337653695,False,False,inactive: Stage-2 vertex already smoothest,-4.833271952796646e-16,0,5,13,3,12,0
independent,"Independent capacities, lining classes, uniform weights",independent,independent_71,1.3877787807814457e-17,0.0,0.0,3.552713678800501e-15,1.4923270175062503e-16,2.055300374337321e-14,0.0,0.0,0.11526295210166178,edge,1,0.0,0.0,True,0.11526295210166176,0.11537821505376342,True,True,True,2.699956104208534,2.412021236741141,0.6042472155314305,False,True,active,0.10664427729716675,2,12,30,3,31,0
independent,"Independent capacities, lining classes, uniform weights",independent,independent_72,2.7755575615628914e-17,0.0,0.0,0.0,0.0,2.7755575615628914e-17,0.0,6.217248937900877e-15,0.18679894634985486,source,1,0.0,0.0,True,0.18679894634985483,0.18698574529620474,True,True,True,1.9896947812439045,1.9896947812439107,0.0,True,False,redundant: Stage-2 optimum unique,-3.1247249560628677e-15,0,2,6,4,7,0
independent,"Independent capacities, lining classes, uniform weights",independent,independent_73,1.3877787807814457e-17,0.0,0.0,1.7763568394002505e-15,1.1659485046256472e-16,2.768618667658984e-14,0.0,0.0,0.07371089543147208,edge,1,0.0,1.9345333933250646e-16,True,0.07371089543147206,0.07378460632690356,True,True,True,4.673741260580687,3.9633392578081015,1.1831865613158574,False,True,active,0.15199857312690054,4,8,18,3,22,0
independent,"Independent capacities, lining classes, uniform weights",independent,independent_74,0.0,0.0,0.0,0.0,0.0,1.3586354263850353e-13,5.551115123125783e-17,1.3589129821411916e-13,0.1955952861163227,edge,1,0.0,0.0,True,0.1955952861163227,0.19579088140243903,True,True,True,2.759051367777468,2.759051367777604,0.0,True,False,redundant: Stage-2 optimum unique,-4.925290619854799e-14,0,4,9,4,15,0
independent,"Independent capacities, lining classes, uniform weights",independent,independent_75,2.7755575615628914e-17,0.0,0.0,0.0,0.0,2.7755575615628914e-17,5.551115123125783e-17,2.886579864025407e-15,0.1356859603960396,edge,1,0.0,0.0,True,0.13568596039603958,0.13582164635643565,True,True,True,1.60532544740865,1.605325447408653,0.0,True,False,redundant: Stage-2 optimum unique,-1.7981275190553946e-15,0,2,4,3,6,0
independent,"Independent capacities, lining classes, uniform weights",independent,independent_76,0.0,0.0,0.0,0.0,0.0,0.0,0.0,0.0,0.13262678062678063,source,1,0.0,0.0,True,0.13262678062678063,0.1327594074074074,True,True,True,1.1539190848946812,1.1539190848946812,0.0,True,False,redundant: Stage-2 optimum unique,0.0,0,1,3,4,4,0
independent,"Independent capacities, lining classes, uniform weights",independent,independent_77,1.3877787807814457e-17,0.0,0.0,1.7763568394002505e-15,1.270012132842235e-16,0.0,1.1102230246251565e-16,0.0,0.07545377873932016,edge,1,1.9072462907244793e-16,0.0,True,0.07545377873932017,0.07552923251805947,True,True,True,14.504490384474112,12.6488258760044,1.073577096983942,False,True,active,0.127937242831782,6,12,22,4,44,0
independent,"Independent capacities, lining classes, uniform weights",independent,independent_78,0.0,0.0,0.0,0.0,0.0,1.1102230246251565e-16,2.7755575615628914e-17,0.0,0.16176223539373413,edge,1,0.0,0.0,True,0.16176223539373413,0.16192399762912785,True,True,True,1.8341444383962657,1.8341444383962657,0.6281564796456873,False,False,inactive: Stage-2 vertex already smoothest,0.0,0,2,6,3,6,0
independent,"Independent capacities, lining classes, uniform weights",independent,independent_79,5.551115123125783e-17,0.0,0.0,4.913403017781093e-12,4.83850358153443e-13,0.0,2.220446049250313e-16,4.867217739956686e-13,0.36722689075630255,edge,1,0.0,0.0,True,0.3672268907563025,0.3675941176470588,True,True,True,3.3857562199704287,3.3857562199709155,0.0,True,False,redundant: Stage-2 optimum unique,-1.437557054831076e-13,0,4,10,4,12,0
seasonal_supply,"Constant seasonal supply, varying demand",independent,seasonal_supply_0,5.551115123125783e-17,0.0,0.0,0.0,0.0,8.387734951043058e-14,2.220446049250313e-16,0.0,0.4514899573278399,source,1,0.0,0.0,True,0.45148995732783986,0.4519414472851677,True,True,True,2.183711787165388,1.6352017444933276,0.4110803501128728,False,True,active,0.2511824343743023,2,3,7,5,13,0
seasonal_supply,"Constant seasonal supply, varying demand",independent,seasonal_supply_1,5.551115123125783e-17,0.0,0.0,7.105427357601002e-15,1.2250388835152152e-16,0.0,0.0,0.0,0.40582767592675006,source,1,1.2250388835152152e-16,0.0,True,0.40582767592675,0.4062335036026768,True,True,True,2.802452799967015,2.802452799966978,0.386605637746347,False,False,inactive: Stage-2 vertex already smoothest,1.3152551371423287e-14,0,3,7,4,12,0
seasonal_supply,"Constant seasonal supply, varying demand",independent,seasonal_supply_2,5.551115123125783e-17,0.0,0.0,0.0,0.0,0.0,0.0,8.881784197001252e-16,0.3620604946524064,source,1,0.0,0.0,True,0.3620604946524065,0.36242255514705884,True,True,True,0.8408718623437009,0.8408718623437018,0.0,True,False,redundant: Stage-2 optimum unique,-1.0562589372708585e-15,0,1,4,5,5,0
seasonal_supply,"Constant seasonal supply, varying demand",independent,seasonal_supply_3,1.1102230246251565e-16,0.0,0.0,0.0,0.0,7.739364704661966e-13,0.0,2.1236346015029994e-12,0.613139725245523,source,1,1.1612963557606828e-16,0.0,True,0.6131397252455231,0.6137528649707685,True,True,True,3.758428452720498,3.7584284527226215,0.5549404549678632,False,False,inactive: Stage-2 vertex already smoothest,-5.650326002523287e-13,0,9,21,5,43,0
seasonal_supply,"Constant seasonal supply, varying demand",independent,seasonal_supply_4,5.551115123125783e-17,0.0,0.0,0.0,0.0,0.0,1.1102230246251565e-16,0.0,0.4898689665995168,source,1,2.068678991880087e-16,0.0,True,0.48986896659951673,0.4903588355661162,True,True,True,4.068665658378328,4.043527011635495,0.4705369976967546,False,True,active,0.006178597322457895,2,6,15,5,28,0
seasonal_supply,"Constant seasonal supply, varying demand",independent,seasonal_supply_5,0.0,0.0,0.0,2.842170943040401e-14,1.3304446064261938e-16,0.0,1.1102230246251565e-16,0.0,0.5768275943328133,source,1,0.0,1.3304446064261938e-16,True,0.5768275943328133,0.577404421927146,True,True,True,2.6004364172028502,1.9025399307526256,0.22256576683512552,False,True,active,0.26837667778892066,2,9,16,3,24,0
seasonal_supply,"Constant seasonal supply, varying demand",independent,seasonal_supply_6,1.1102230246251565e-16,0.0,0.0,0.0,0.0,0.0,1.1102230246251565e-16,0.0,0.6794083570956349,source,1,0.0,0.0,True,0.679408357095635,0.6800877654527305,True,True,True,2.655274313336723,2.6552743133367187,0.3356616856112459,False,False,inactive: Stage-2 vertex already smoothest,1.6724795913534165e-15,0,7,17,4,25,0
seasonal_supply,"Constant seasonal supply, varying demand",independent,seasonal_supply_7,0.0,0.0,0.0,0.0,0.0,2.886579864025407e-15,2.220446049250313e-16,0.0,0.6019675344047793,source,1,0.0,0.0,True,0.6019675344047793,0.6025695019391841,True,True,True,4.963934940884143,4.734689739546882,0.2815616141969586,False,True,active,0.04618215268075806,3,12,22,4,40,0
seasonal_supply,"Constant seasonal supply, varying demand",independent,seasonal_supply_8,1.1102230246251565e-16,0.0,0.0,0.0,0.0,0.0,0.0,0.0,0.6478579087070961,source,1,0.0,0.0,True,0.6478579087070963,0.6485057666158033,True,True,True,1.358556403480062,1.3585564034800452,2.886579864025407e-14,True,False,redundant: Stage-2 optimum unique,1.2258118490125502e-14,0,3,8,3,8,0
seasonal_supply,"Constant seasonal supply, varying demand",independent,seasonal_supply_9,1.1102230246251565e-16,0.0,0.0,0.0,0.0,1.099120794378905e-14,0.0,2.1316282072803006e-14,0.7173572362278244,source,1,0.0,0.0,True,0.7173572362278245,0.7180745934640522,True,True,True,0.5142306247215512,0.5142306247215725,0.0,True,False,redundant: Stage-2 optimum unique,-4.145276661487339e-14,0,2,4,4,6,0
seasonal_supply,"Constant seasonal supply, varying demand",independent,seasonal_supply_10,0.0,0.0,0.0,0.0,0.0,0.0,0.0,0.0,0.42387408243958064,source,1,0.0,0.0,True,0.42387408243958064,0.4242979565220202,True,True,True,1.4034354506945552,0.9010682195471248,0.2828405218677919,False,True,active,0.3579553522741717,2,4,9,3,11,0
seasonal_supply,"Constant seasonal supply, varying demand",independent,seasonal_supply_11,1.1102230246251565e-16,0.0,0.0,2.842170943040401e-14,1.2102699375321568e-16,0.0,0.0,0.0,0.6649990681241007,source,1,1.2102699375321568e-16,1.2102699375321568e-16,True,0.6649990681241006,0.6656640671922247,True,True,True,2.066251236203835,1.9752843482668818,0.39861762530692435,False,True,active,0.04402508578970274,2,9,20,3,26,0
seasonal_supply,"Constant seasonal supply, varying demand",independent,seasonal_supply_12,1.1102230246251565e-16,0.0,0.0,0.0,0.0,2.1538326677728037e-14,0.0,0.0,0.7864652650702794,source,1,1.3054404398096103e-16,1.3054404398096103e-16,True,0.7864652650702795,0.7872517303353498,True,True,True,2.644167002287124,2.5254134979516465,0.06056778140477337,False,True,active,0.04491149924825457,2,8,12,5,35,0
seasonal_supply,"Constant seasonal supply, varying demand",independent,seasonal_supply_13,2.220446049250313e-16,0.0,0.0,0.0,0.0,0.0,1.1102230246251565e-16,0.0,0.7148901867669882,source,1,1.481432530752292e-16,1.481432530752292e-16,True,0.7148901867669885,0.7156050769537553,True,True,True,0.5482991163105857,0.5482991163104305,1.7275070263167436e-13,True,False,redundant: Stage-2 optimum unique,2.83073917548826e-13,0,5,9,3,15,0
seasonal_supply,"Constant seasonal supply, varying demand",independent,seasonal_supply_14,1.1102230246251565e-16,0.0,0.0,2.842170943040401e-14,1.5186960272774344e-16,0.0,1.1102230246251565e-16,8.786749106093339e-12,0.5421251659536996,source,1,1.5186960272774344e-16,1.5186960272774344e-16,True,0.5421251659536995,0.5426672911196533,True,True,True,3.9881339364773583,3.988133936486145,0.6434367003368633,False,False,inactive: Stage-2 vertex already smoothest,-2.203223173054841e-12,2,8,20,5,37,0
seasonal_supply,"Constant seasonal supply, varying demand",independent,seasonal_supply_15,1.1102230246251565e-16,0.0,0.0,0.0,0.0,1.1102230246251565e-16,0.0,0.0,0.6548199826344692,source,1,1.8721823747007307e-16,0.0,True,0.6548199826344693,0.6554748026171038,True,True,True,2.9206548616887718,2.920654861688771,0.21171912665452752,False,False,inactive: Stage-2 vertex already smoothest,3.041024913113375e-16,0,5,13,4,19,0
seasonal_supply,"Constant seasonal supply, varying demand",independent,seasonal_supply_16,0.0,0.0,0.0,0.0,0.0,0.0,0.0,0.0,0.5158422826969943,source,1,0.0,0.0,True,0.5158422826969943,0.5163581249796914,True,True,True,3.6933517545629626,3.6933517545629346,0.09763917278253498,False,False,inactive: Stage-2 vertex already smoothest,7.575130147294774e-15,2,4,8,5,20,0
seasonal_supply,"Constant seasonal supply, varying demand",independent,seasonal_supply_17,1.1102230246251565e-16,0.0,0.0,0.0,0.0,1.1102230246251565e-16,0.0,0.0,0.6424606612090517,source,1,1.8917999480726679e-16,0.0,True,0.6424606612090515,0.6431031218702609,True,True,True,6.550955631661831,6.550955631660663,0.16059337691388942,False,False,inactive: Stage-2 vertex already smoothest,1.7828767092555939e-13,2,12,20,4,43,0
seasonal_supply,"Constant seasonal supply, varying demand",independent,seasonal_supply_18,1.1102230246251565e-16,0.0,0.0,2.842170943040401e-14,1.5755076124235032e-16,0.0,0.0,0.0,0.5911246740502614,source,1,1.5755076124235032e-16,0.0,True,0.5911246740502615,0.5917157987243117,True,True,True,4.073123353061803,3.95613710411579,0.2667831119673465,False,True,active,0.02872150897617018,2,10,17,5,44,0
seasonal_supply,"Constant seasonal supply, varying demand",independent,seasonal_supply_19,5.551115123125783e-17,0.0,0.0,0.0,0.0,0.0,0.0,0.0,0.4789259494801886,source,1,1.8971897340049901e-16,0.0,True,0.47892594948018863,0.47940487542966886,True,True,True,6.32830058029966,4.992736302137255,0.5544602823091758,False,True,active,0.21104627715062857,4,6,13,5,28,0
seasonal_supply,"Constant seasonal supply, varying demand",independent,seasonal_supply_20,0.0,0.0,0.0,5.684341886080802e-14,1.9465888558962188e-16,3.9324099532223045e-13,2.220446049250313e-16,0.0,0.6787753583097049,source,1,0.0,1.9465888558962188e-16,True,0.6787753583097049,0.6794541336680147,True,True,True,4.703160437887254,4.667594230289632,0.3354218000806872,False,True,active,0.007562193139555954,2,11,25,5,49,0
seasonal_supply,"Constant seasonal supply, varying demand",independent,seasonal_supply_21,0.0,0.0,0.0,0.0,0.0,0.0,0.0,0.0,0.5576597238706474,source,1,0.0,0.0,True,0.5576597238706474,0.5582173835945181,True,True,True,1.9972518820310066,1.9972518820309304,3.8191672047105385e-14,True,False,redundant: Stage-2 optimum unique,3.8133046800204925e-14,0,3,7,4,12,0
seasonal_supply,"Constant seasonal supply, varying demand",independent,seasonal_supply_22,0.0,0.0,0.0,1.4210854715202004e-14,1.54595338920958e-16,5.551115123125783e-17,0.0,0.0,0.39764176152785446,source,1,0.0,0.0,True,0.39764176152785446,0.39803940328938237,True,True,True,5.000289019906399,5.000289019906308,0.8217483217258805,False,False,inactive: Stage-2 vertex already smoothest,1.8117792481345133e-14,3,5,8,5,24,0
seasonal_supply,"Constant seasonal supply, varying demand",independent,seasonal_supply_23,0.0,0.0,0.0,1.4210854715202004e-14,1.2257184195314008e-16,0.0,0.0,0.0,0.8474329903253954,source,1,0.0,1.2257184195314008e-16,True,0.8474329903253954,0.8482804233157207,True,True,True,0.9111298816327984,0.9111298816327915,2.220446049250313e-14,True,False,redundant: Stage-2 optimum unique,7.554776647584584e-15,0,3,7,5,14,0
seasonal_supply,"Constant seasonal supply, varying demand",independent,seasonal_supply_24,1.1102230246251565e-16,0.0,0.0,5.684341886080802e-14,1.512055787576786e-16,0.0,0.0,0.0,0.6067911226357734,source,1,1.512055787576786e-16,0.0,True,0.6067911226357733,0.6073979137584091,True,True,True,13.12737065971278,11.864836183239028,1.1250361438298586,False,True,active,0.09617573154602882,9,19,31,5,83,0
seasonal_supply,"Constant seasonal supply, varying demand",independent,seasonal_supply_25,0.0,0.0,0.0,0.0,0.0,1.1102230246251565e-16,1.1102230246251565e-16,0.0,0.27299077358215484,source,1,0.0,0.0,True,0.27299077358215484,0.273263764355737,True,True,True,3.652084205200948,3.652084205200696,0.7368262862154584,False,False,inactive: Stage-2 vertex already smoothest,6.906814219552105e-14,0,5,10,4,19,0
seasonal_supply,"Constant seasonal supply, varying demand",independent,seasonal_supply_26,1.1102230246251565e-16,0.0,0.0,0.0,0.0,0.0,0.0,0.0,0.6004751430881605,source,1,0.0,0.0,True,0.6004751430881606,0.6010756182312488,True,True,True,3.621383714316871,3.3357375256091486,0.6150109984275525,False,True,active,0.07887763662780092,3,5,13,4,18,0
seasonal_supply,"Constant seasonal supply, varying demand",independent,seasonal_supply_27,1.1102230246251565e-16,0.0,0.0,5.684341886080802e-14,1.840119675799994e-16,0.0,1.1102230246251565e-16,0.0,0.5499192119448512,source,1,3.680239351599988e-16,1.840119675799994e-16,True,0.549919211944851,0.550469131156796,True,True,True,5.4989398281473445,5.498939828146237,0.2750379830402938,False,False,inactive: Stage-2 vertex already smoothest,2.0141309488363782e-13,0,17,28,3,46,0
seasonal_supply,"Constant seasonal supply, varying demand",independent,seasonal_supply_28,0.0,0.0,0.0,2.842170943040401e-14,1.4475397215935126e-16,3.3306690738754696e-16,0.0,0.0,0.46507093653555626,source,1,0.0,0.0,True,0.46507093653555626,0.4655360074720918,True,True,True,4.336856845552632,4.336856845552573,0.7153231007860406,False,False,inactive: Stage-2 vertex already smoothest,1.3721447638035992e-14,0,12,20,3,28,0
seasonal_supply,"Constant seasonal supply, varying demand",independent,seasonal_supply_29,0.0,0.0,0.0,0.0,0.0,0.0,0.0,1.6431300764452317e-14,0.5273484010326116,source,1,0.0,0.0,True,0.5273484010326116,0.5278757494336441,True,True,True,2.0818427272827402,2.0818427272827567,0.1259296746888885,False,False,inactive: Stage-2 vertex already smoothest,-7.892671501607019e-15,2,4,9,4,14,0
seasonal_supply,"Constant seasonal supply, varying demand",independent,seasonal_supply_30,0.0,0.0,0.0,0.0,0.0,0.0,3.3306690738754696e-16,7.998934847819328e-12,0.6263849611327384,source,1,1.2180721573812168e-16,1.2180721573812168e-16,True,0.6263849611327384,0.6270113460938711,True,True,True,9.10071733474291,9.10071733475091,1.5019058406737167,False,False,inactive: Stage-2 vertex already smoothest,-8.789345447839132e-13,0,24,36,4,87,0
seasonal_supply,"Constant seasonal supply, varying demand",independent,seasonal_supply_31,0.0,0.0,0.0,0.0,0.0,1.4876988529977098e-14,1.1102230246251565e-16,0.0,0.6623174423718299,source,1,0.0,1.9751199357252593e-16,True,0.6623174423718299,0.6629797598142017,True,True,True,2.242855835860087,2.2428558358600466,0.1445667921354019,False,False,inactive: Stage-2 vertex already smoothest,1.8018152326254408e-14,0,8,16,3,21,0
seasonal_supply,"Constant seasonal supply, varying demand",independent,seasonal_supply_32,0.0,0.0,0.0,0.0,0.0,0.0,0.0,1.5543122344752192e-15,0.6185806232249084,source,1,0.0,0.0,True,0.6185806232249084,0.6191992038481333,True,True,True,0.7628387535501833,0.7628387535501848,0.0,True,False,redundant: Stage-2 optimum unique,-2.0375370643423516e-15,0,2,5,3,6,0
seasonal_supply,"Constant seasonal supply, varying demand",independent,seasonal_supply_33,0.0,0.0,0.0,0.0,0.0,2.220446049250313e-16,1.1102230246251565e-16,0.0,0.6592324822736264,source,1,0.0,0.0,True,0.6592324822736264,0.6598917147559,True,True,True,3.3180884935998387,3.318088493599828,1.2878587085651816e-14,True,False,redundant: Stage-2 optimum unique,3.212132846052681e-15,0,5,14,3,15,0
seasonal_supply,"Constant seasonal supply, varying demand",independent,seasonal_supply_34,0.0,0.0,0.0,0.0,0.0,1.1102230246251565e-16,0.0,0.0,0.7617357353993763,source,1,0.0,0.0,True,0.7617357353993763,0.7624974711347757,True,True,True,1.2961800207867002,1.2961800207866387,3.26405569239796e-14,True,False,redundant: Stage-2 optimum unique,4.74520163695342e-14,0,3,9,3,9,0
seasonal_supply,"Constant seasonal supply, varying demand",independent,seasonal_supply_35,0.0,0.0,0.0,0.0,0.0,1.6653345369377348e-16,0.0,0.0,0.49413583680306455,source,1,0.0,0.0,True,0.49413583680306455,0.4946299726398676,True,True,True,1.8812664976803768,1.881266497680373,0.19188297848084845,False,False,inactive: Stage-2 vertex already smoothest,2.006498435165806e-15,0,4,8,4,14,0
seasonal_supply,"Constant seasonal supply, varying demand",independent,seasonal_supply_36,1.1102230246251565e-16,0.0,0.0,0.0,0.0,4.440892098500626e-16,0.0,1.0658141036401503e-14,0.5819150344527689,source,1,1.4429284017753986e-16,0.0,True,0.5819150344527688,0.5824969494872216,True,True,True,2.5085097932833866,2.5085097932833973,0.0,True,False,redundant: Stage-2 optimum unique,-4.24879387154039e-15,0,8,20,4,30,0
seasonal_supply,"Constant seasonal supply, varying demand",independent,seasonal_supply_37,0.0,0.0,0.0,0.0,0.0,0.0,0.0,1.383337888682945e-12,0.5803182008747406,source,1,0.0,0.0,True,0.5803182008747406,0.5808985190756154,True,True,True,3.4954247078356504,3.4954247078370337,0.0,True,False,redundant: Stage-2 optimum unique,-3.9575674039893736e-13,0,5,12,5,21,0
seasonal_supply,"Constant seasonal supply, varying demand",independent,seasonal_supply_38,0.0,0.0,0.0,0.0,0.0,0.0,0.0,0.0,0.7312770786870755,source,1,0.0,0.0,True,0.7312770786870755,0.7320083557657626,True,True,True,1.4138262496820584,1.4138262496819605,2.19824158875781e-14,True,False,redundant: Stage-2 optimum unique,6.926004577575176e-14,0,3,9,4,12,0
seasonal_supply,"Constant seasonal supply, varying demand",independent,seasonal_supply_39,0.0,0.0,0.0,2.842170943040401e-14,1.4619721551761833e-16,0.0,1.1102230246251565e-16,0.0,0.5134765399379074,source,1,0.0,1.4619721551761833e-16,True,0.5134765399379074,0.5139900164778454,True,True,True,7.0881692445533515,7.010085127360808,0.09323590629270706,False,True,active,0.011016119183743277,2,11,19,4,38,0
seasonal_supply,"Constant seasonal supply, varying demand",independent,seasonal_supply_40,0.0,0.0,0.0,0.0,0.0,8.881784197001252e-15,1.1102230246251565e-16,1.7763568394002505e-15,0.6053868927952468,source,1,1.416651180468606e-16,0.0,True,0.6053868927952468,0.605992279688042,True,True,True,4.907456508823042,4.907456508823044,0.0,True,False,redundant: Stage-2 optimum unique,-3.6197097950976546e-16,0,9,17,3,25,0
seasonal_supply,"Constant seasonal supply, varying demand",independent,seasonal_supply_41,1.1102230246251565e-16,0.0,0.0,0.0,0.0,0.0,0.0,0.0,0.735591056020249,source,1,1.3020121397681423e-16,0.0,True,0.7355910560202491,0.7363266470762694,True,True,True,0.8020562671888497,0.727964904846393,0.004641363006084365,False,True,active,0.09237676379257242,2,5,11,3,13,0
seasonal_supply,"Constant seasonal supply, varying demand",independent,seasonal_supply_42,5.551115123125783e-17,0.0,0.0,0.0,0.0,3.885780586188048e-16,0.0,5.559996907322784e-13,0.47799006770380925,source,1,0.0,1.308261650573598e-16,True,0.4779900677038093,0.47846805777151313,True,True,True,4.146245217168627,4.146245217169183,0.0,True,False,redundant: Stage-2 optimum unique,-1.3409715576638217e-13,0,9,20,3,26,0
seasonal_supply,"Constant seasonal supply, varying demand",independent,seasonal_supply_43,1.1102230246251565e-16,0.0,0.0,1.4210854715202004e-14,1.40697485226833e-16,0.0,0.0,6.972200594645983e-14,0.6925913476501712,source,1,1.40697485226833e-16,1.40697485226833e-16,True,0.6925913476501713,0.6932839389978215,True,True,True,1.606433271532961,1.6064332715330307,0.0,True,False,redundant: Stage-2 optimum unique,-4.340174421308309e-14,0,3,6,5,13,0
seasonal_supply,"Constant seasonal supply, varying demand",independent,seasonal_supply_44,5.551115123125783e-17,0.0,0.0,0.0,0.0,1.6653345369377348e-16,1.1102230246251565e-16,0.0,0.40166473240632916,source,1,2.19476966315816e-16,0.0,True,0.4016647324063292,0.40206639713873554,True,True,True,2.1762251389798473,2.1762251389798464,0.15635339247782076,False,False,inactive: Stage-2 vertex already smoothest,4.0812800283911716e-16,0,4,10,4,13,0
seasonal_supply,"Constant seasonal supply, varying demand",independent,seasonal_supply_45,1.1102230246251565e-16,0.0,0.0,0.0,0.0,0.0,0.0,0.0,0.5830924571901621,source,1,1.1359505905551904e-16,0.0,True,0.583092457190162,0.5836755496473521,True,True,True,5.727523761655455,5.661251616031183,0.7088749221729432,False,True,active,0.01157081984852673,2,6,14,5,28,0
seasonal_supply,"Constant seasonal supply, varying demand",independent,seasonal_supply_46,2.220446049250313e-16,0.0,0.0,0.0,0.0,0.0,2.220446049250313e-16,0.0,0.8761968145067247,source,1,2.219857446386504e-16,0.0,True,0.8761968145067249,0.8770730113212317,True,True,True,0.9577279399672426,0.8339247544738058,0.1816518836766905,False,True,active,0.12926759294259632,2,11,17,3,27,0
seasonal_supply,"Constant seasonal supply, varying demand",independent,seasonal_supply_47,0.0,0.0,0.0,0.0,0.0,0.0,0.0,0.0,0.5209728395061728,source,1,1.8600247838439772e-16,0.0,True,0.5209728395061728,0.5214938123456789,True,True,True,1.2942696379471075,1.2942696379470995,0.4633523523637624,False,False,inactive: Stage-2 vertex already smoothest,6.176151817931929e-15,0,4,10,3,10,0
seasonal_supply,"Constant seasonal supply, varying demand",independent,seasonal_supply_48,0.0,0.0,0.0,0.0,0.0,0.0,0.0,0.0,0.6293836905573265,source,1,0.0,0.0,True,0.6293836905573265,0.6300130742478837,True,True,True,2.979925185706873,2.6365950704089474,0.18002063964042314,False,True,active,0.11521434059643476,3,7,15,3,19,0
seasonal_supply,"Constant seasonal supply, varying demand",independent,seasonal_supply_49,0.0,0.0,0.0,0.0,0.0,1.3877787807814457e-14,2.220446049250313e-16,0.0,0.6626879743223414,source,1,1.2241810315310277e-16,0.0,True,0.6626879743223414,0.6633506622966637,True,True,True,4.85085483676452,4.560302655511666,1.1559888239415352,False,True,active,0.059897109072562855,5,12,21,5,54,0
seasonal_supply,"Constant seasonal supply, varying demand",independent,seasonal_supply_50,1.1102230246251565e-16,0.0,0.0,0.0,0.0,1.1102230246251565e-15,0.0,0.0,0.7455879806480348,source,1,0.0,0.0,True,0.7455879806480347,0.7463335686286828,True,True,True,3.45693681537504,2.9267778587028106,0.1792693417063269,False,True,active,0.15336090446151618,3,9,15,4,36,0
seasonal_supply,"Constant seasonal supply, varying demand",independent,seasonal_supply_51,1.1102230246251565e-16,0.0,0.0,2.842170943040401e-14,1.539417220806312e-16,1.765698698363849e-12,0.0,3.532285575147398e-12,0.5832632982026834,source,1,1.539417220806312e-16,1.539417220806312e-16,True,0.5832632982026835,0.5838465615008861,True,True,True,6.290564182137053,6.290564182140585,0.09505744354803847,False,False,inactive: Stage-2 vertex already smoothest,-5.61521267866215e-13,0,8,12,5,36,0
seasonal_supply,"Constant seasonal supply, varying demand",independent,seasonal_supply_52,1.1102230246251565e-16,0.0,0.0,0.0,0.0,8.881784197001252e-16,1.1102230246251565e-16,0.0,0.8200749019199178,source,1,0.0,1.1484743750536036e-16,True,0.8200749019199177,0.8208949768218378,True,True,True,2.807176144062495,2.807176144061981,3.375077994860476e-13,True,False,redundant: Stage-2 optimum unique,1.8303490391341958e-13,0,10,16,3,26,0
seasonal_supply,"Constant seasonal supply, varying demand",independent,seasonal_supply_53,1.1102230246251565e-16,0.0,0.0,0.0,0.0,1.1102230246251565e-16,0.0,0.0,0.6536653904405332,source,1,1.5409878566383432e-16,0.0,True,0.6536653904405331,0.6543190558309736,True,True,True,1.2168126470205523,1.216812647020551,0.0,True,False,redundant: Stage-2 optimum unique,1.0948831217462564e-15,0,4,10,5,16,0
seasonal_supply,"Constant seasonal supply, varying demand",independent,seasonal_supply_54,5.551115123125783e-17,0.0,0.0,2.842170943040401e-14,1.613493293354449e-16,8.684164498617974e-13,0.0,0.0,0.3945727761231861,source,1,1.613493293354449e-16,0.0,True,0.39457277612318603,0.3949673488993093,True,True,True,8.825979734983642,6.172871301996135,0.40624074608959887,False,True,active,0.3006021441983771,3,12,19,4,43,0
seasonal_supply,"Constant seasonal supply, varying demand",independent,seasonal_supply_55,1.1102230246251565e-16,0.0,0.0,0.0,0.0,2.220446049250313e-16,0.0,0.0,0.74363833565486,source,1,1.875246812260409e-16,0.0,True,0.7436383356548601,0.7443819739905151,True,True,True,2.373057307542289,2.369998349811717,0.0632009246155607,False,True,active,0.0012890366030561835,2,9,19,5,39,0
seasonal_supply,"Constant seasonal supply, varying demand",independent,seasonal_supply_56,0.0,0.0,0.0,0.0,0.0,0.0,0.0,8.881784197001252e-16,0.4136069042501791,source,1,0.0,0.0,True,0.4136069042501791,0.4140205111544293,True,True,True,0.7273930957498208,0.7273930957498217,0.0,True,False,redundant: Stage-2 optimum unique,-1.2210432363047955e-15,0,1,4,3,3,0
seasonal_supply,"Constant seasonal supply, varying demand",independent,seasonal_supply_57,0.0,0.0,0.0,0.0,0.0,5.551115123125783e-16,1.1102230246251565e-16,0.0,0.629458746808508,source,1,0.0,0.0,True,0.629458746808508,0.6300882055553165,True,True,True,3.196725087188752,3.1967250871887374,6.716849298982197e-14,True,False,redundant: Stage-2 optimum unique,4.584361659306726e-15,0,8,19,3,23,0
seasonal_supply,"Constant seasonal supply, varying demand",independent,seasonal_supply_58,0.0,0.0,0.0,1.4210854715202004e-14,1.7344062244512555e-16,0.0,1.1102230246251565e-16,0.0,0.5644842721295411,source,1,0.0,1.7344062244512555e-16,True,0.5644842721295411,0.5650487564016707,True,True,True,1.920081794068923,1.9200817940688717,1.9984014443252818e-14,True,False,redundant: Stage-2 optimum unique,2.6713603501748036e-14,0,4,11,5,15,0
seasonal_supply,"Constant seasonal supply, varying demand",independent,seasonal_supply_59,0.0,0.0,0.0,0.0,0.0,3.3306690738754696e-15,2.220446049250313e-16,0.0,0.5859865482479679,source,1,0.0,1.457588978073578e-16,True,0.5859865482479679,0.5865725347962158,True,True,True,0.7189573236273099,0.7189573236271953,1.2922996006636822e-13,True,False,redundant: Stage-2 optimum unique,1.5936274988236863e-13,0,10,22,3,23,0
independent_generic,"Independent capacities, generic efficiencies and weights",independent,independent_generic_0,5.551115123125783e-17,0.0,0.0,4.618527782440651e-14,1.5404347722460043e-15,0.0,0.0,2.6645352591003757e-15,0.23772864301809285,edge,1,0.0,0.0,True,0.2377286430180929,0.23796637166111098,True,True,True,1.3578641591293819,1.3578641591293845,0.0,True,False,redundant: Stage-2 optimum unique,-1.9622988361433657e-15,0,4,10,4,15,0
independent_generic,"Independent capacities, generic efficiencies and weights",independent,independent_generic_1,6.938893903907228e-18,0.0,0.0,7.105427357601002e-15,1.5773140331681912e-16,1.3877787807814457e-17,0.0,0.0,0.061747999114174223,edge,1,0.0,0.0,True,0.06174799911417422,0.06180974711328839,True,True,True,2.7132423885284735,2.713242388528471,0.0,True,False,redundant: Stage-2 optimum unique,9.82048367800079e-16,0,9,24,4,33,0
independent_generic,"Independent capacities, generic efficiencies and weights",independent,independent_generic_2,0.0,0.0,0.0,1.7763568394002505e-15,1.55712940939353e-16,1.3877787807814457e-17,0.0,0.0,0.07214739930619594,edge,1,1.55712940939353e-16,1.55712940939353e-16,True,0.07214739930619594,0.07221954670550214,True,True,True,5.885199643378627,5.885199643378573,7.738254481637341e-14,True,False,redundant: Stage-2 optimum unique,9.205955088144495e-15,0,10,20,3,24,0
independent_generic,"Independent capacities, generic efficiencies and weights",independent,independent_generic_3,2.7755575615628914e-17,0.0,0.0,0.0,0.0,0.0,0.0,0.0,0.17224590474017815,source,1,0.0,0.0,True,0.17224590474017817,0.1724181506449183,True,True,True,1.4777971131830874,1.477797113183087,2.220446049250313e-16,True,False,redundant: Stage-2 optimum unique,3.0050756351358733e-16,0,1,4,4,4,0
independent_generic,"Independent capacities, generic efficiencies and weights",independent,independent_generic_4,0.0,0.0,0.0,0.0,0.0,1.3877787807814457e-17,0.0,1.7763568394002505e-15,0.0893956561999901,edge,1,0.0,0.0,True,0.0893956561999901,0.08948505185619011,True,True,True,3.5291058944563685,3.5291058944563702,1.354472090042691e-14,True,False,redundant: Stage-2 optimum unique,-5.033447259802003e-16,0,10,23,3,26,0
independent_generic,"Independent capacities, generic efficiencies and weights",independent,independent_generic_5,0.0,0.0,0.0,0.0,0.0,0.0,0.0,0.0,0.16409329544418674,edge,1,0.0,0.0,True,0.16409329544418674,0.16425738873963092,True,True,True,2.5359797754598667,2.5359797754598654,5.329070518200751e-15,True,False,redundant: Stage-2 optimum unique,5.253463148414102e-16,0,4,13,4,15,0
independent_generic,"Independent capacities, generic efficiencies and weights",independent,independent_generic_6,1.3877787807814457e-17,0.0,0.0,1.7763568394002505e-15,1.6727228889205996e-16,0.0,1.1102230246251565e-16,0.0,0.09541945314223609,edge,1,0.0,0.0,True,0.0954194531422361,0.09551487259537834,True,True,True,8.818762908320823,8.818762908320508,8.615330671091215e-14,True,False,redundant: Stage-2 optimum unique,3.5652978069881236e-14,0,11,19,4,41,0
independent_generic,"Independent capacities, generic efficiencies and weights",independent,independent_generic_7,6.938893903907228e-18,0.0,0.0,0.0,0.0,0.0,0.0,0.0,0.059307658185078174,edge,1,1.817161247687555e-16,0.0,True,0.05930765818507817,0.05936696584326325,True,True,True,3.1328291026307564,3.132829102630752,1.8540724511240114e-14,True,False,redundant: Stage-2 optimum unique,1.417534105122887e-15,0,15,37,3,41,0
independent_generic,"Independent capacities, generic efficiencies and weights",independent,independent_generic_8,0.0,0.0,0.0,1.7763568394002505e-15,1.3158198810372225e-16,0.0,0.0,0.0,0.12089642039946809,edge,1,0.0,0.0,True,0.12089642039946809,0.12101731681986756,True,True,True,1.8202431421899639,1.8202431421899627,4.884981308350689e-15,True,False,redundant: Stage-2 optimum unique,6.099311673765897e-16,0,6,17,3,14,0
independent_generic,"Independent capacities, generic efficiencies and weights",independent,independent_generic_9,0.0,0.0,0.0,0.0,0.0,0.0,0.0,0.0,0.08185112367960821,edge,1,0.0,0.0,True,0.08185112367960821,0.08193297480328783,True,True,True,1.253732892088431,1.2537328920884308,0.0,True,False,redundant: Stage-2 optimum unique,1.7710678751927455e-16,0,1,3,4,4,0
independent_generic,"Independent capacities, generic efficiencies and weights",independent,independent_generic_10,5.551115123125783e-17,0.0,0.0,3.836930773104541e-13,4.318874428401022e-15,5.551115123125783e-17,0.0,1.5987211554602254e-14,0.30781816218397673,edge,1,1.704459370375998e-16,1.704459370375998e-16,True,0.3078181621839768,0.3081259803461608,True,True,True,3.2135607110344533,3.2135607110344693,0.0,True,False,redundant: Stage-2 optimum unique,-4.974921276485214e-15,0,8,20,4,30,0
independent_generic,"Independent capacities, generic efficiencies and weights",independent,independent_generic_11,2.7755575615628914e-17,0.0,0.0,1.4210854715202004e-14,1.589302630696176e-16,0.0,0.0,5.773159728050814e-15,0.13009134596762964,edge,1,0.0,1.490314923593992e-16,True,0.13009134596762967,0.1302214373135973,True,True,True,3.220357554981075,3.2203575549810806,0.0,True,False,redundant: Stage-2 optimum unique,-1.792707682139582e-15,0,10,25,3,27,0
independent_generic,"Independent capacities, generic efficiencies and weights",independent,independent_generic_12,6.938893903907228e-18,0.0,0.0,1.7763568394002505e-15,1.2832682393809011e-16,1.3877787807814457e-16,0.0,0.0,0.06147774569881932,edge,1,0.0,1.2832682393809011e-16,True,0.061477745698819315,0.06153922344451814,True,True,True,2.868568350034617,2.868568350034613,6.994405055138486e-15,True,False,redundant: Stage-2 optimum unique,1.393309275200757e-15,0,4,10,4,15,0
independent_generic,"Independent capacities, generic efficiencies and weights",independent,independent_generic_13,0.0,0.0,0.0,7.105427357601002e-15,1.8565853571392219e-16,0.0,2.7755575615628914e-17,0.0,0.045247538575197935,edge,1,0.0,0.0,True,0.045247538575197935,0.04529278611377313,True,True,True,5.094776023258217,5.094776023258215,5.551115123125783e-15,True,False,redundant: Stage-2 optimum unique,3.486624007200679e-16,0,6,13,4,20,0
independent_generic,"Independent capacities, generic efficiencies and weights",independent,independent_generic_14,0.0,0.0,0.0,1.4210854715202004e-14,1.588361488737785e-16,0.0,1.1102230246251565e-16,0.0,0.07380383254357728,edge,1,0.0,0.0,True,0.07380383254357728,0.07387763637612085,True,True,True,3.399510700255488,3.399510700255156,5.311001638474977e-12,True,False,redundant: Stage-2 optimum unique,9.771368830899169e-14,0,9,20,3,26,0
independent_generic,"Independent capacities, generic efficiencies and weights",independent,independent_generic_15,0.0,0.0,0.0,3.552713678800501e-15,1.1548821344756035e-16,0.0,0.0,5.5067062021407764e-14,0.056028171348965476,edge,1,0.0,0.0,True,0.056028171348965476,0.05608419952031445,True,True,True,5.3524670704530415,5.3524670704530966,0.0,True,False,redundant: Stage-2 optimum unique,-1.0288164559739515e-14,0,11,26,4,39,0
independent_generic,"Independent capacities, generic efficiencies and weights",independent,independent_generic_16,0.0,0.0,0.0,0.0,0.0,0.0,0.0,1.5631940186722204e-13,0.132705167994051,edge,1,1.2666247644405652e-16,0.0,True,0.132705167994051,0.13283787316204504,True,True,True,4.870814360917142,4.870814360917298,0.0,True,False,redundant: Stage-2 optimum unique,-3.2093073207944663e-14,0,9,17,3,25,0
independent_generic,"Independent capacities, generic efficiencies and weights",independent,independent_generic_17,0.0,0.0,0.0,0.0,0.0,0.0,0.0,0.0,0.1981523927462833,edge,1,0.0,0.0,True,0.1981523927462833,0.19835054513902958,True,True,True,2.89349912664579,2.893499126645752,5.88418203051333e-15,True,False,redundant: Stage-2 optimum unique,1.3199130317823195e-14,0,2,4,4,7,0
independent_generic,"Independent capacities, generic efficiencies and weights",independent,independent_generic_18,0.0,0.0,0.0,0.0,0.0,0.0,0.0,0.0,0.03245010617960918,edge,1,0.0,0.0,True,0.03245010617960918,0.032482556285788784,True,True,True,1.7784682202679871,1.7784682202679865,7.327471962526033e-15,True,False,redundant: Stage-2 optimum unique,3.7455480350091275e-16,0,7,17,3,17,0
independent_generic,"Independent capacities, generic efficiencies and weights",independent,independent_generic_19,0.0,0.0,0.0,0.0,0.0,1.9068080447937064e-14,0.0,4.596323321948148e-14,0.06391368009920002,edge,1,0.0,0.0,True,0.06391368009920002,0.06397759377929922,True,True,True,1.825452713633066,1.825452713633112,0.0,True,False,redundant: Stage-2 optimum unique,-2.5179087289532794e-14,0,12,33,3,33,0
independent_generic,"Independent capacities, generic efficiencies and weights",independent,independent_generic_20,1.3877787807814457e-17,0.0,0.0,1.723243769902183e-11,1.184359979314215e-12,0.0,2.220446049250313e-16,0.0,0.11579787341898871,edge,1,0.0,0.0,True,0.11579787341898873,0.1159136712924077,True,True,True,6.692236513448485,6.533257260287516,0.07960123197041247,False,True,active,0.023755773251810497,2,8,13,4,28,0
independent_generic,"Independent capacities, generic efficiencies and weights",independent,independent_generic_21,0.0,0.0,0.0,1.7763568394002505e-15,1.1141411240583724e-16,2.0816681711721685e-17,0.0,3.8191672047105385e-14,0.05284989203863505,edge,1,1.2786095757050846e-16,0.0,True,0.05284989203863505,0.05290274193067369,True,True,True,7.960268954413094,7.960268954413132,1.3322676295501878e-15,True,False,redundant: Stage-2 optimum unique,-4.797786640856186e-15,0,15,34,3,40,0
independent_generic,"Independent capacities, generic efficiencies and weights",independent,independent_generic_22,2.7755575615628914e-17,0.0,0.0,0.0,0.0,0.0,0.0,0.0,0.17309747655272992,edge,1,0.0,0.0,True,0.17309747655272995,0.17327057402928267,True,True,True,0.2955153019824964,0.2955153019824962,1.3877787807814457e-16,True,False,redundant: Stage-2 optimum unique,7.513810737901591e-16,0,2,6,4,5,0
independent_generic,"Independent capacities, generic efficiencies and weights",independent,independent_generic_23,0.0,0.0,0.0,1.7763568394002505e-15,2.1711028037114172e-16,0.0,0.0,0.0,0.052171459684003635,edge,1,0.0,0.0,True,0.052171459684003635,0.05222363114368764,True,True,True,10.024791584140484,10.024791584140308,1.8056667272503546e-12,True,False,redundant: Stage-2 optimum unique,1.7542442216837648e-14,0,13,20,4,45,0
independent_generic,"Independent capacities, generic efficiencies and weights",independent,independent_generic_24,6.938893903907228e-18,0.0,0.0,0.0,0.0,0.0,0.0,0.0,0.05095274239863392,edge,1,0.0,0.0,True,0.05095274239863393,0.051003695141032555,True,True,True,3.8599745126159757,3.7763098526865613,0.22503352478594968,False,True,active,0.02167492548356578,2,9,20,4,28,0
independent_generic,"Independent capacities, generic efficiencies and weights",independent,independent_generic_25,0.0,0.0,0.0,1.4210854715202004e-13,7.270491310262722e-15,0.0,1.1102230246251565e-16,8.881784197001252e-15,0.10448293048829334,edge,1,0.0,0.0,True,0.10448293048829334,0.10458741341878162,True,True,True,3.3036242465124204,3.3036242465124293,0.0,True,False,redundant: Stage-2 optimum unique,-2.688497097203957e-15,0,6,10,4,23,0
independent_generic,"Independent capacities, generic efficiencies and weights",independent,independent_generic_26,1.3877787807814457e-17,0.0,0.0,0.0,0.0,0.0,0.0,0.0,0.08662916180619527,edge,1,1.1913288405264715e-16,0.0,True,0.08662916180619529,0.08671579096800147,True,True,True,2.2105517901694043,2.2105517901694043,4.6629367034256575e-15,True,False,redundant: Stage-2 optimum unique,0.0,0,5,11,3,13,0
independent_generic,"Independent capacities, generic efficiencies and weights",independent,independent_generic_27,6.938893903907228e-18,0.0,0.0,0.0,0.0,2.7755575615628914e-17,0.0,4.440892098500626e-16,0.04384155268467159,edge,1,0.0,0.0,True,0.04384155268467158,0.04388539423735626,True,True,True,2.1737624615876396,2.17376246158764,0.0,True,False,redundant: Stage-2 optimum unique,-2.0429518758260065e-16,0,6,16,3,18,0
independent_generic,"Independent capacities, generic efficiencies and weights",independent,independent_generic_28,0.0,0.0,0.0,0.0,0.0,0.0,0.0,0.0,0.14418597614259646,edge,1,0.0,0.0,True,0.14418597614259646,0.14433016211873909,True,True,True,1.7116280477148071,1.7116280477148071,0.0,True,False,redundant: Stage-2 optimum unique,0.0,0,2,4,3,6,0
independent_generic,"Independent capacities, generic efficiencies and weights",independent,independent_generic_29,2.7755575615628914e-17,0.0,0.0,0.0,0.0,0.0,0.0,0.0,0.15027499646969666,edge,1,0.0,0.0,True,0.1502749964696967,0.15042527146616635,True,True,True,4.93345662308034,4.933456623080204,9.725553695716371e-14,True,False,redundant: Stage-2 optimum unique,2.754484504401534e-14,0,5,15,4,18,0
independent_generic,"Independent capacities, generic efficiencies and weights",independent,independent_generic_30,1.3877787807814457e-17,0.0,0.0,1.4210854715202004e-14,5.635641907017929e-16,0.0,0.0,8.881784197001252e-16,0.09245112824534485,edge,1,0.0,0.0,True,0.09245112824534484,0.09254357937359019,True,True,True,4.4756697762504,4.475669776250401,1.1102230246251565e-16,True,False,redundant: Stage-2 optimum unique,-1.9844592297964798e-16,0,5,15,4,17,0
independent_generic,"Independent capacities, generic efficiencies and weights",independent,independent_generic_31,1.3877787807814457e-17,0.0,0.0,0.0,0.0,0.0,0.0,7.105427357601002e-15,0.11898120337892064,edge,1,0.0,0.0,True,0.11898120337892065,0.11910018458229957,True,True,True,5.1318295590979455,5.131829559097953,0.0,True,False,redundant: Stage-2 optimum unique,-1.3845797635668103e-15,0,9,19,4,29,0
independent_generic,"Independent capacities, generic efficiencies and weights",independent,independent_generic_32,0.0,0.0,0.0,0.0,0.0,0.0,5.551115123125783e-17,0.0,0.07752855409054225,edge,1,0.0,0.0,True,0.07752855409054225,0.07760608264463278,True,True,True,6.743120111440438,6.743120111440418,0.0,True,False,redundant: Stage-2 optimum unique,3.029473495280675e-15,0,12,29,4,40,0
independent_generic,"Independent capacities, generic efficiencies and weights",independent,independent_generic_33,1.3877787807814457e-17,0.0,0.0,3.552713678800501e-15,1.4359605019848783e-16,0.0,5.551115123125783e-17,5.1514348342607263e-14,0.09142159460161992,edge,1,1.4359605019848783e-16,1.4359605019848783e-16,True,0.0914215946016199,0.09151301619622151,True,True,True,6.341109693983138,6.3411096939831895,0.0,True,False,redundant: Stage-2 optimum unique,-8.123869610943249e-15,0,11,19,4,40,0
independent_generic,"Independent capacities, generic efficiencies and weights",independent,independent_generic_34,1.3877787807814457e-17,0.0,0.0,8.881784197001252e-16,1.4820288923204033e-16,0.0,0.0,5.417888360170764e-14,0.12408443278012672,edge,1,0.0,0.0,True,0.12408443278012674,0.12420851721290685,True,True,True,3.5547713503740095,3.5547713503740637,0.0,True,False,redundant: Stage-2 optimum unique,-1.524117257105926e-14,0,4,12,4,14,0
independent_generic,"Independent capacities, generic efficiencies and weights",independent,independent_generic_35,6.938893903907228e-18,0.0,0.0,0.0,0.0,0.0,0.0,0.0,0.058007728233016975,edge,1,1.7405680952554047e-16,0.0,True,0.05800772823301697,0.05806573596124998,True,True,True,9.082375678786134,9.082375678786132,0.0,True,False,redundant: Stage-2 optimum unique,1.9558284112265019e-16,0,5,13,4,19,0
independent_generic,"Independent capacities, generic efficiencies and weights",independent,independent_generic_36,0.0,0.0,0.0,0.0,0.0,0.0,0.0,0.0,0.2512513042045034,source,1,1.4826932087160752e-16,1.4826932087160752e-16,True,0.2512513042045034,0.2515025555087079,True,True,True,0.5052191731083555,0.5052191731083553,0.0,True,False,redundant: Stage-2 optimum unique,4.3950154060643476e-16,0,1,5,4,4,0
independent_generic,"Independent capacities, generic efficiencies and weights",independent,independent_generic_37,0.0,0.0,0.0,3.552713678800501e-15,1.180748782444315e-16,1.1102230246251565e-15,0.0,7.105427357601002e-15,0.1095873669197124,edge,1,0.0,0.0,True,0.1095873669197124,0.1096969542866321,True,True,True,2.13314238915322,2.1331423891532273,0.0,True,False,redundant: Stage-2 optimum unique,-3.3309672123770405e-15,0,5,14,3,15,0
independent_generic,"Independent capacities, generic efficiencies and weights",independent,independent_generic_38,0.0,0.0,0.0,0.0,0.0,0.0,0.0,0.0,0.2215822240071323,edge,1,0.0,0.0,True,0.2215822240071323,0.22180380623113943,True,True,True,2.9630995884442686,2.9630995884442686,6.661338147750939e-16,True,False,redundant: Stage-2 optimum unique,0.0,0,5,11,4,16,0
independent_generic,"Independent capacities, generic efficiencies and weights",independent,independent_generic_39,0.0,0.0,0.0,1.4210854715202004e-14,2.535757043557851e-16,0.0,5.551115123125783e-17,6.572520305780927e-13,0.0267216585734191,edge,1,0.0,0.0,True,0.0267216585734191,0.026748380231992518,True,True,True,8.263362657365201,8.263362657365859,0.0,True,False,redundant: Stage-2 optimum unique,-7.953808368706639e-14,0,15,38,4,54,0
independent_generic,"Independent capacities, generic efficiencies and weights",independent,independent_generic_40,0.0,0.0,0.0,0.0,0.0,0.0,1.1102230246251565e-16,7.549516567451064e-15,0.24443538697358683,edge,1,0.0,0.0,True,0.24443538697358683,0.2446798223605604,True,True,True,1.7819716743295893,1.7819716743295968,0.0,True,False,redundant: Stage-2 optimum unique,-4.236608626392073e-15,0,2,9,3,5,0
independent_generic,"Independent capacities, generic efficiencies and weights",independent,independent_generic_41,0.0,0.0,0.0,0.0,0.0,0.0,5.551115123125783e-17,0.0,0.10342469691955658,edge,1,0.0,0.0,True,0.10342469691955658,0.10352812161647613,True,True,True,6.832868384306398,6.832868384306373,9.992007221626409e-15,True,False,redundant: Stage-2 optimum unique,3.6396128760100436e-15,0,8,21,4,28,0
independent_generic,"Independent capacities, generic efficiencies and weights",independent,independent_generic_42,0.0,0.0,0.0,0.0,0.0,2.7755575615628914e-17,0.0,5.968558980384842e-13,0.15663905485411447,edge,1,0.0,0.0,True,0.15663905485411447,0.1567956939089686,True,True,True,8.66390554874831,8.663905548748907,0.0,True,False,redundant: Stage-2 optimum unique,-6.88899359163389e-14,0,7,13,4,26,0
independent_generic,"Independent capacities, generic efficiencies and weights",independent,independent_generic_43,0.0,0.0,0.0,0.0,0.0,6.938893903907228e-17,0.0,5.551115123125783e-17,0.10465104331131472,edge,1,1.3718430328936418e-16,0.0,True,0.10465104331131472,0.10475569435462603,True,True,True,0.47759688825131125,0.4775968882513113,0.0,True,False,redundant: Stage-2 optimum unique,-1.1623013590919354e-16,0,4,8,3,12,0
independent_generic,"Independent capacities, generic efficiencies and weights",independent,independent_generic_44,0.0,0.0,0.0,0.0,0.0,3.0531133177191805e-16,1.1102230246251565e-16,0.0,0.14719847537908656,edge,1,0.0,0.0,True,0.14719847537908656,0.14734567385446565,True,True,True,3.109044939281002,3.109044939280963,1.1268763699945339e-14,True,False,redundant: Stage-2 optimum unique,1.2426890576207097e-14,0,5,11,4,17,0
independent_generic,"Independent capacities, generic efficiencies and weights",independent,independent_generic_45,1.3877787807814457e-17,0.0,0.0,0.0,0.0,2.7755575615628914e-17,0.0,0.0,0.06974650101048838,edge,1,0.0,0.0,True,0.06974650101048836,0.06981624751149887,True,True,True,4.401946931709907,4.401946931709903,8.43769498715119e-15,True,False,redundant: Stage-2 optimum unique,1.0088472594956048e-15,0,7,11,4,25,0
independent_generic,"Independent capacities, generic efficiencies and weights",independent,independent_generic_46,0.0,0.0,0.0,8.881784197001252e-16,1.286572136428753e-16,0.0,1.1102230246251565e-16,0.0,0.05604847669197819,edge,1,0.0,1.286572136428753e-16,True,0.05604847669197819,0.05610452516867017,True,True,True,3.9040470019307714,3.9040470019307683,2.220446049250313e-15,True,False,redundant: Stage-2 optimum unique,7.962569270843943e-16,0,5,15,4,18,0
independent_generic,"Independent capacities, generic efficiencies and weights",independent,independent_generic_47,0.0,0.0,0.0,0.0,0.0,0.0,0.0,0.0,0.13866220781250982,edge,1,0.0,0.0,True,0.13866220781250982,0.1388008700203223,True,True,True,3.875058432455411,3.8750584324553956,4.052314039881821e-15,True,False,redundant: Stage-2 optimum unique,4.0110678627633935e-15,0,9,20,3,20,0
independent_generic,"Independent capacities, generic efficiencies and weights",independent,independent_generic_48,0.0,0.0,0.0,0.0,0.0,2.7755575615628914e-17,5.551115123125783e-17,0.0,0.13895793861954403,edge,1,0.0,0.0,True,0.13895793861954403,0.13909689655816357,True,True,True,5.372860527610685,5.372860527610632,3.3306690738754696e-14,True,False,redundant: Stage-2 optimum unique,9.91849777379312e-15,0,7,17,4,27,0
independent_generic,"Independent capacities, generic efficiencies and weights",independent,independent_generic_49,0.0,0.0,0.0,0.0,0.0,6.966649479522857e-15,1.1102230246251565e-16,2.1316282072803006e-14,0.12937743010262256,edge,1,1.153974035669644e-16,1.153974035669644e-16,True,0.12937743010262256,0.1295068075327252,True,True,True,2.6131058561180422,2.6131058561180636,0.0,True,False,redundant: Stage-2 optimum unique,-8.157450653174029e-15,0,4,10,4,15,0
independent_generic,"Independent capacities, generic efficiencies and weights",independent,independent_generic_50,1.3877787807814457e-17,0.0,0.0,7.105427357601002e-15,1.503486499562522e-16,1.3877787807814457e-17,1.1102230246251565e-16,6.261657858885883e-13,0.10642035662346794,edge,1,1.4443871874728003e-16,0.0,True,0.10642035662346792,0.10652677698009139,True,True,True,7.684616275811328,7.684616275811954,0.0,True,False,redundant: Stage-2 optimum unique,-8.148302575101304e-14,0,12,21,4,45,0
independent_generic,"Independent capacities, generic efficiencies and weights",independent,independent_generic_51,0.0,0.0,0.0,7.105427357601002e-15,1.66208827078386e-16,0.0,5.551115123125783e-17,2.4868995751603507e-13,0.07499130449456154,edge,1,0.0,0.0,True,0.07499130449456154,0.07506629579905612,True,True,True,10.030522369901758,10.030522369902007,0.0,True,False,redundant: Stage-2 optimum unique,-2.4793320661172187e-14,0,11,29,4,41,0
independent_generic,"Independent capacities, generic efficiencies and weights",independent,independent_generic_52,0.0,0.0,0.0,3.552713678800501e-15,1.3712228233966846e-16,1.409289351883558e-13,0.0,3.9968028886505635e-13,0.07865643983723526,edge,1,0.0,1.3192522790696965e-16,True,0.07865643983723526,0.0787350962770725,True,True,True,8.690212089107582,8.690212089107982,1.8207657603852567e-14,True,False,redundant: Stage-2 optimum unique,-4.599200626714513e-14,0,15,26,4,48,0
independent_generic,"Independent capacities, generic efficiencies and weights",independent,independent_generic_53,1.3877787807814457e-17,0.0,0.0,8.881784197001252e-16,1.1285305892243936e-16,8.326672684688674e-17,0.0,0.0,0.1237086311715903,edge,1,1.144710239249116e-16,0.0,True,0.12370863117159028,0.12383233980276188,True,True,True,5.1853670543511265,5.1853670543511265,0.0,True,False,redundant: Stage-2 optimum unique,0.0,0,5,8,4,17,0
independent_generic,"Independent capacities, generic efficiencies and weights",independent,independent_generic_54,0.0,0.0,0.0,0.0,0.0,0.0,1.1102230246251565e-16,0.0,0.15401962806609804,edge,1,0.0,0.0,True,0.15401962806609804,0.15417364769416414,True,True,True,6.398305746985088,6.398305746984959,1.021405182655144e-13,True,False,redundant: Stage-2 optimum unique,2.0128120779036336e-14,0,8,22,4,31,0
independent_generic,"Independent capacities, generic efficiencies and weights",independent,independent_generic_55,2.7755575615628914e-17,0.0,0.0,0.0,0.0,0.0,0.0,0.0,0.17038593427727858,edge,1,1.7546704722234323e-16,0.0,True,0.17038593427727855,0.17055632021155587,True,True,True,2.21684920854944,2.2168492085494336,5.88418203051333e-15,True,False,redundant: Stage-2 optimum unique,2.8045430036123363e-15,0,3,8,4,11,0
independent_generic,"Independent capacities, generic efficiencies and weights",independent,independent_generic_56,0.0,0.0,0.0,0.0,0.0,0.0,2.7755575615628914e-17,0.0,0.06485499345274688,edge,1,1.221313154799872e-16,1.221313154799872e-16,True,0.06485499345274688,0.06491984844619964,True,True,True,4.4810818257567275,4.481081825756722,3.1086244689504383e-15,True,False,redundant: Stage-2 optimum unique,1.189237493403911e-15,0,5,14,4,19,0
independent_generic,"Independent capacities, generic efficiencies and weights",independent,independent_generic_57,0.0,0.0,0.0,1.7763568394002505e-15,1.8424197722180746e-16,0.0,0.0,1.1102230246251565e-16,0.17484150738550627,source,1,0.0,0.0,True,0.17484150738550627,0.17501634889289175,True,True,True,0.3255493792994598,0.32554937929945993,0.0,True,False,redundant: Stage-2 optimum unique,-3.4103060709690586e-16,0,1,3,4,4,0
independent_generic,"Independent capacities, generic efficiencies and weights",independent,independent_generic_58,6.938893903907228e-18,0.0,0.0,1.4210854715202004e-14,1.4629643369934318e-16,6.938893903907228e-16,5.551115123125783e-17,3.552713678800501e-15,0.06246381949892857,edge,1,1.2146029671112825e-16,0.0,True,0.062463819498928576,0.06252628331842751,True,True,True,9.429571021508705,9.429571021508709,0.0,True,False,redundant: Stage-2 optimum unique,-3.7676302248499067e-16,0,15,38,4,51,0
independent_generic,"Independent capacities, generic efficiencies and weights",independent,independent_generic_59,6.938893903907228e-18,0.0,0.0,3.552713678800501e-15,1.2373537829854238e-16,2.227085876826962e-11,5.551115123125783e-17,2.0605739337042905e-12,0.05574007294553213,edge,1,0.0,0.0,True,0.05574007294553214,0.05579581301847767,True,True,True,10.654543919761402,10.654543919763462,0.0,True,False,redundant: Stage-2 optimum unique,-1.9339860525446452e-13,0,13,22,4,46,0
