scenario,lambda_star,bottleneck_argmin,bottleneck_near_set,bottleneck_class,near_set_size,runner_up_margin,stage2_satisfaction,stage3_variation,feasibility_tolerance,draw
baseline,0.8499999999996504,source:23,source:18;source:19;source:20;source:21;source:22;source:23;source:24,source,7,0.058823529401056784,0.9020152785693696,5.417942221248455,1e-09,
demand,0.8287292817803573,edge:11:K6,edge:11:K6,edge,1,0.009293680288876664,0.9045114322160873,6.448791066685423,1e-09,1.0
demand,0.8317929759693082,edge:15:K5,edge:15:K5,edge,1,0.0002773236515136817,0.9091855061357221,8.13345669279742,1e-09,2.0
demand,0.8249312557275816,edge:15:K5,edge:15:K5,edge,1,0.0009174312050915988,0.9008952175933409,7.524960420354833,1e-09,3.0
demand,0.8226691042101185,edge:12:K5,edge:11:K6;edge:12:K5,edge,2,0.011936259915284686,0.9097861460659192,7.341951758069584,1e-09,4.0
demand,0.8312555873197733,source:22,source:22,source,1,0.005533667394868117,0.9045398969814048,9.615909451679771,1e-09,5.0
demand,0.8211678832090443,edge:13:K8,edge:13:K8,edge,1,0.0009132424349755885,0.9034504635085386,7.7227660188884455,1e-09,6.0
demand,0.8211678832107318,edge:16:K5,edge:16:K5,edge,1,0.005589218794971798,0.9133728645081214,7.86615276148704,1e-09,7.0
demand,0.8189262966322034,edge:15:K5,edge:15:K5,edge,1,0.02141362202259681,0.9159163338398426,9.412084406188544,1e-09,8.0
demand,0.8181818181871542,edge:12:K5,edge:12:K5,edge,1,0.011029412185015613,0.9109063135809996,6.982096148625967,1e-09,9.0
demand,0.8226691042138659,edge:14:K12,edge:14:K12,edge,1,0.004591368231637279,0.9098055628012347,8.192529841523331,1e-09,10.0
demand,0.8226745015008602,source:20,source:20,source,1,0.005508109021378826,0.9038649585098513,8.978060224720883,1e-09,11.0
demand,0.8204193254420867,edge:14:K12,edge:14:K12,edge,1,0.011059907838031945,0.9042053159913811,7.129978501187838,1e-09,12.0
demand,0.8394087252543259,source:23,source:23,source,1,0.0016947690658669593,0.9064948745687621,8.190227718768647,1e-09,13.0
demand,0.8365930426043572,source:23,source:23,source,1,0.0034158652157982665,0.9119000975890998,7.052567671170853,1e-09,14.0
demand,0.821167883558414,edge:25:K6,edge:25:K6,edge,1,0.021364242539750927,0.9156746132616306,7.541292426550089,1e-09,15.0
demand,0.8325209809584422,source:21,source:21,source,1,0.0028328719827744,0.9012397211170915,6.522649923903246,1e-09,16.0
demand,0.8416156145378201,source:22,source:22,source,1,0.005628044260002765,0.9068823077657024,5.063874720592155,1e-09,17.0
demand,0.8351071639458453,source:20,source:20,source,1,0.0032797909533693287,0.9061249880212274,7.750499100219763,1e-09,18.0
demand,0.8225409699495834,source:18,source:18,source,1,0.019085036552497055,0.9074814490193115,8.33593011050375,1e-09,19.0
demand,0.827205882358336,edge:12:K5,edge:12:K5,edge,1,0.007407407826211382,0.9168293099618153,6.86889693496437,1e-09,20.0
demand,0.8364312267648346,edge:16:K5,edge:16:K5,edge,1,0.0068518948397389935,0.9072817032386099,6.457274333127854,1e-09,21.0
demand,0.8280995931840415,source:18,source:18,source,1,0.006320181996947837,0.9053741563561186,7.114667335009538,1e-09,22.0
demand,0.8241758241849535,edge:14:K12,edge:14:K12,edge,1,0.012048193187207644,0.9100880820470063,7.594617423708492,1e-09,23.0
demand,0.8272058823518305,edge:15:K5,edge:15:K5;edge:16:K5,edge,2,0.0009199631922819018,0.9022501010588456,7.517504414541385,1e-09,24.0
demand,0.8240894279065197,source:19,source:19,source,1,0.00010483847445198733,0.8995473246263458,8.542422466183044,1e-09,25.0
demand,0.8254028886373689,source:19,source:19,source,1,0.000392802253136366,0.900469717461914,7.415121121687206,1e-09,26.0
demand,0.8231286433296774,source:24,source:24,source,1,0.000651724249808914,0.9055821122583987,10.021739968903217,1e-09,27.0
demand,0.8195848549625613,source:19,source:19,source,1,0.018025475343227387,0.9048602052496043,8.599771713344106,1e-09,28.0
demand,0.8287292821178838,edge:26:K6,edge:26:K6,edge,1,0.0058645298999452184,0.9037661340909284,8.01732639193233,1e-09,29.0
demand,0.8135001791219303,source:20,source:20,source,1,0.0075869096653133,0.9021778181663922,10.570883557246558,1e-09,30.0
demand,0.8325624421804927,edge:13:K8,edge:13:K8,edge,1,0.0009259259277931673,0.9107921203839231,6.524254572628485,1e-09,31.0
demand,0.8226691045521223,edge:25:K6,edge:25:K6,edge,1,0.013615582847263618,0.9067130930678582,7.343780534867468,1e-09,32.0
demand,0.8256880733933867,edge:15:K5,edge:15:K5,edge,1,0.01679104520682102,0.9079959891608566,6.567830141842184,1e-09,33.0
demand,0.8189262966322034,edge:15:K5,edge:15:K5,edge,1,0.0018231544808791553,0.9046838621933347,8.45568419731405,1e-09,34.0
demand,0.8226691042021138,edge:13:K8,edge:13:K8,edge,1,0.00736648251440582,0.9146989503827861,8.41235007159351,1e-09,35.0
demand,0.8293103254695874,source:22,source:22,source,1,0.011560185527717447,0.909754717001488,9.080202806846689,1e-09,36.0
demand,0.8263845822475647,source:19,source:19,source,1,0.002573371311505457,0.9138749906302974,10.0164012891586,1e-09,37.0
demand,0.8211678832030366,edge:17:K8,edge:17:K8,edge,1,0.011070110710390244,0.9094705864411833,7.815646949811672,1e-09,38.0
demand,0.8181818181732073,edge:17:K8,edge:17:K8,edge,1,0.006404391608451687,0.9097020392467065,8.416974458306422,1e-09,39.0
demand,0.8241758245238294,edge:25:K6,edge:25:K6,edge,1,0.004599815581822163,0.9182856099720277,8.910741224108174,1e-09,40.0
demand,0.8302583025884406,edge:12:K5,edge:12:K5,edge,1,0.009907495767831904,0.91086409371761,6.957484754818553,1e-09,41.0
demand,0.8382625514319093,source:23,source:23,source,1,0.0009999552098901518,0.9061924708781881,5.7486616902046705,1e-09,42.0
demand,0.8256880733918464,edge:13:K8,edge:13:K8,edge,1,0.00967960586478995,0.9061357703648848,7.301029585367003,1e-09,43.0
demand,0.8264462809906258,edge:15:K5,edge:15:K5,edge,1,0.0018399268273123664,0.9129380620854151,6.838549284914952,1e-09,44.0
demand,0.8181818185272924,edge:25:K6,edge:25:K6,edge,1,0.005484460268976596,0.9094800820068887,8.185183866538933,1e-09,45.0
demand,0.8264462810041029,edge:11:K6,edge:11:K6,edge,1,0.007359746105749479,0.9080422289794823,8.406209905491574,1e-09,46.0
demand,0.8256880737431392,edge:26:K6,edge:26:K6,edge,1,0.011560438189385415,0.9119715800053981,7.870406349475924,1e-09,47.0
demand,0.821167883558414,edge:25:K6,edge:25:K6,edge,1,0.02193841387782971,0.913796553355642,9.356909112693202,1e-09,48.0
demand,0.8167157069320609,source:23,source:23,source,1,0.016799873843594045,0.9040138022118422,8.910479326587978,1e-09,49.0
demand,0.8310249310988197,edge:25:K6,edge:25:K6,edge,1,0.005165846505715211,0.9096764339254363,7.3169461297268,1e-09,50.0
demand,0.8395403824330481,source:21,source:21,source,1,0.003456961717225949,0.9091434560616979,6.5655171158859815,1e-09,51.0
demand,0.8399302677127967,source:20,source:20,source,1,0.0016789956567953438,0.9139447275535701,7.146997707742172,1e-09,52.0
demand,0.8287292817733606,edge:12:K5,edge:12:K5,edge,1,0.019718309849232975,0.9148965868391838,7.953679798526645,1e-09,53.0
demand,0.8396137351670568,source:19,source:19,source,1,0.0036718008211697856,0.9121880265736498,7.3145408145011,1e-09,54.0
demand,0.8256880733998804,edge:12:K5,edge:12:K5,edge,1,0.006450074601257427,0.9040418965704663,8.098174208120037,1e-09,55.0
demand,0.8356545960991565,edge:15:K5,edge:15:K5,edge,1,0.004664179095253194,0.9099082426769464,8.011742552170615,1e-09,56.0
demand,0.8279668813301468,edge:12:K5,edge:12:K5,edge,1,0.0018433179644711556,0.9086310449103026,8.86068765176735,1e-09,57.0
demand,0.8189262966455578,edge:11:K6,edge:11:K6,edge,1,0.007332722256717108,0.9095296744714991,8.257722252726701,1e-09,58.0
demand,0.8181818181808745,edge:16:K5,edge:16:K5,edge,1,0.005484460692632098,0.9109133267860303,8.03317753997941,1e-09,59.0
demand,0.8308288576689128,source:18,source:18,source,1,0.0018751990131153273,0.8980329509824592,7.758259380064179,1e-09,60.0
demand,0.8256880737431392,edge:26:K6,edge:26:K6,edge,1,0.0073937149277498075,0.9113564807872871,7.728464569834612,1e-09,61.0
demand,0.8219178085662299,edge:25:K6,edge:25:K6,edge,1,0.003960683499830284,0.9104224611059517,8.084494778552097,1e-09,62.0
demand,0.8378298241824684,source:18,source:18,source,1,0.002055804873914361,0.9027619020445417,7.484554949319794,1e-09,63.0
demand,0.8398876010736833,source:23,source:23,source,1,0.004481528361296032,0.9063344613583798,7.2494723629126145,1e-09,64.0
demand,0.8272774481343295,source:21,source:21,source,1,0.011792414085819408,0.9067392639982956,7.4144569866798795,1e-09,65.0
demand,0.8287292817733606,edge:12:K5,edge:12:K5,edge,1,0.007458493088338892,0.9120055477008634,9.034693834432739,1e-09,66.0
demand,0.8370420130265724,source:22,source:22,source,1,0.003935431406040265,0.9087905928201571,7.505717436420763,1e-09,67.0
demand,0.8204193254318974,edge:15:K5,edge:15:K5,edge,1,0.016343708397020908,0.9099077456159789,6.9197055851786065,1e-09,68.0
demand,0.8234217749367517,edge:12:K5,edge:12:K5,edge,1,0.006445672609932703,0.9087812688295414,6.781013354992982,1e-09,69.0
demand,0.8276517251707045,source:23,source:23,source,1,0.008741884114514615,0.9088140734801472,8.097525697981656,1e-09,70.0
demand,0.8226691042101185,edge:12:K5,edge:12:K5,edge,1,0.0021157704101435653,0.9020997920200838,7.598034243561163,1e-09,71.0
demand,0.8264462810041029,edge:11:K6,edge:11:K6,edge,1,0.003686635928333122,0.9089603455240917,9.027429209162268,1e-09,72.0
demand,0.8434864104878427,edge:17:K8,edge:17:K8,edge,1,0.0075542965155797216,0.9150682137025234,7.585846075311129,1e-09,73.0
demand,0.8260167841039626,source:19,source:19,source,1,0.02022764549965376,0.91045985700156,8.0805650807594,1e-09,74.0
demand,0.8219178085662299,edge:26:K6,edge:26:K6,edge,1,0.01860465073132086,0.9122577715537417,8.370044027183827,1e-09,75.0
demand,0.827205882358336,edge:12:K5,edge:12:K5,edge,1,0.005545286924499346,0.9068858035768282,8.897993816879023,1e-09,76.0
demand,0.8395522388050018,edge:16:K5,edge:16:K5,edge,1,0.013232514190085781,0.9147399638637781,7.860464576232909,1e-07,77.0
demand,0.8347933600521725,source:22,source:22,source,1,0.001971644213272341,0.8998133161117655,7.686199189841568,1e-09,78.0
demand,0.8239737122562946,source:21,source:21,source,1,0.0020806017279562904,0.9101666060701554,7.573226983262897,1e-09,79.0
demand,0.8254741191477888,source:19,source:19,source,1,0.0011777011691808709,0.9062552041681813,7.215771069726365,1e-09,80.0
demand,0.8219178082180745,edge:15:K5,edge:15:K5,edge,1,0.004587155979684776,0.9119910224094875,8.190096471871309,1e-09,81.0
demand,0.8234217749287398,edge:13:K8,edge:13:K8,edge,1,0.014775598652095932,0.909379720493018,6.9012312380746135,1e-09,82.0
demand,0.8249312557200074,edge:17:K8,edge:17:K8,edge,1,0.009887073541605769,0.9047845901580867,6.884773657924587,1e-09,83.0
demand,0.8226691045521223,edge:25:K6,edge:25:K6,edge,1,0.010687017450575875,0.9060832712241522,7.053918374622029,1e-09,84.0
demand,0.8204193254243647,edge:17:K8,edge:17:K8,edge,1,0.006880757370891088,0.9172702125472203,9.523143742327612,1e-09,85.0
demand,0.8302583025922226,edge:14:K12,edge:14:K12,edge,1,0.003168400321651502,0.9029890011767506,7.1497196491080945,1e-09,86.0
demand,0.8332081319177443,source:22,source:22,source,1,0.004332693868545336,0.9057809045186337,7.642373617751225,1e-09,87.0
demand,0.8312866514281388,source:18,source:18,source,1,0.003729622725733851,0.9053530914740741,7.704213919567618,1e-09,88.0
demand,0.8378240512018935,source:19,source:19,source,1,0.0036739501467262232,0.9089492145267672,7.118355275344623,1e-09,89.0
demand,0.8219178082245385,edge:12:K5,edge:12:K5,edge,1,0.003527928833200472,0.9005864064109478,8.152778053532069,1e-09,90.0
demand,0.8234217752790683,edge:25:K6,edge:25:K6,edge,1,0.0014624796649045813,0.9098344803680304,7.483890586660752,1e-09,91.0
demand,0.8211678832207748,edge:14:K12,edge:14:K12,edge,1,0.008279668800724985,0.9099856908601021,7.7959681147248805,1e-09,92.0
demand,0.8329559685225275,source:21,source:21,source,1,0.010707262061540832,0.9082963213579326,7.867950384051609,1e-09,93.0
demand,0.8288968118997483,source:24,source:24,source,1,0.0007193605382254388,0.9034429856339031,6.972712297544195,1e-09,94.0
demand,0.8204193254320529,edge:16:K5,edge:14:K12;edge:16:K5,edge,2,0.0018264840180750226,0.9085021391564431,7.799940271627294,1e-08,95.0
demand,0.8256880733933867,edge:15:K5,edge:12:K5;edge:15:K5,edge,2,0.013835660500777322,0.9143859826525741,7.935504300602691,1e-08,96.0
demand,0.8108472530670022,source:24,source:24,source,1,0.010883527123675223,0.9052473795257948,10.461814291007567,1e-09,97.0
demand,0.8240758361186679,source:22,source:22,source,1,0.01779746384137817,0.9093673668564535,8.00479573036476,1e-09,98.0
demand,0.8387698042843547,edge:13:K8,edge:13:K8,edge,1,0.0037421644670186274,0.9059180855222585,6.356815264521378,1e-09,99.0
demand,0.8387698042963366,edge:14:K12,edge:14:K12,edge,1,0.004422723280156632,0.9081808961967616,6.6884759406882495,1e-09,100.0
demand,0.8296428382199507,source:22,source:22,source,1,0.004380960087215409,0.9030539130068272,6.816312499692207,1e-09,101.0
demand,0.8189262966423742,edge:14:K12,edge:11:K6;edge:14:K12,edge,2,0.000910747223930085,0.9057238932750494,7.832562799271209,1e-09,102.0
demand,0.8241758241671503,edge:17:K8,edge:17:K8,edge,1,0.0012574729499505418,0.9111693342504781,8.517854640891757,1e-09,103.0
demand,0.8249312557200074,edge:17:K8,edge:17:K8,edge,1,0.016050640745561548,0.9156249794646719,6.210430628141762,1e-09,104.0
demand,0.8196721311528867,edge:12:K5,edge:12:K5,edge,1,0.0018248175228115636,0.9064683847720432,8.170809464338513,1e-09,105.0
demand,0.8241758241748737,edge:16:K5,edge:16:K5,edge,1,0.0036764705788297773,0.9090942452290667,6.857960650223852,1e-09,106.0
demand,0.8426053476355468,source:19,source:19,source,1,0.0024680135427418387,0.9089547577125853,7.840541926437035,1e-09,107.0
demand,0.8333333336852053,edge:26:K6,edge:26:K6,edge,1,0.01657588111714336,0.9121341523666062,7.4731813642514755,1e-09,108.0
demand,0.8292020374668143,source:22,source:22,source,1,0.005913656374948081,0.9108128215021273,7.8170510384043785,1e-09,109.0
demand,0.8310249307533423,edge:12:K5,edge:12:K5,edge,1,0.00343031498671575,0.9066171039679316,6.396860520337705,1e-09,110.0
demand,0.8181818185272924,edge:25:K6,edge:25:K6,edge,1,0.016635859086876075,0.9113406250102863,8.83237276515847,1e-09,111.0
demand,0.8219178085662299,edge:25:K6,edge:25:K6,edge,1,0.0064338231032880465,0.9090715849286035,8.845152528159417,1e-09,112.0
demand,0.837988826814676,edge:16:K5,edge:16:K5,edge,1,0.0009319664653405983,0.9136703395318624,6.720862300946713,1e-09,113.0
demand,0.8226691045521223,edge:25:K6,edge:25:K6,edge,1,0.017339127839120245,0.9123091413765574,7.885433830742453,1e-09,114.0
demand,0.821917808210528,edge:17:K8,edge:17:K8,edge,1,0.004587155972716803,0.9118488805874483,8.408049140812855,1e-09,115.0
demand,0.8377963872682899,source:20,source:20,source,1,0.008488800744410135,0.9125213765700911,7.125902040054293,1e-09,116.0
demand,0.8320508990226025,source:23,source:23,source,1,0.0067999872855314565,0.9063292660472205,8.683738033004413,1e-09,117.0
demand,0.8219178082165411,edge:13:K8,edge:13:K8,edge,1,0.014828545380790375,0.9141483232997418,7.223372526800297,1e-09,118.0
demand,0.8249312557260426,edge:13:K8,edge:13:K8,edge,1,0.0036798527985447637,0.9082903893032233,8.30521485475091,1e-09,119.0
demand,0.8386727563079721,source:23,source:23,source,1,0.0010486603337011141,0.9139699380033124,7.337927366973476,1e-09,120.0
demand,0.8196721311465957,edge:16:K5,edge:16:K5,edge,1,0.004574565428571584,0.9084481954442024,7.6919882719928045,1e-09,121.0
demand,0.827180597898179,source:23,source:23,source,1,9.548739703072691e-05,0.9093422755616,9.989313681120564,1e-09,122.0
demand,0.8264462809890841,edge:13:K8,edge:13:K8,edge,1,0.0020861583195024955,0.8998839061566999,6.77017448772963,1e-09,123.0
demand,0.8196721311528867,edge:12:K5,edge:12:K5,edge,1,0.0054945059125142285,0.9092003190581414,9.060124498427983,1e-09,124.0
demand,0.8268848860766567,source:20,source:20,source,1,0.014373123040244098,0.9110119928106174,6.719317098374787,1e-09,125.0
demand,0.8249312557260426,edge:13:K8,edge:13:K8;edge:16:K5,edge,2,0.011810788929230048,0.9068311743441082,8.287871150302022,1e-07,126.0
demand,0.8323214542148589,source:23,source:23,source,1,0.010934173311005616,0.9089717367482161,8.918321436898742,1e-09,127.0
demand,0.8241758241881575,edge:11:K6,edge:11:K6,edge,1,0.0009165902586308125,0.9034243698023715,7.9117505260811365,1e-09,128.0
demand,0.8211678832239672,edge:11:K6,edge:11:K6,edge,1,0.006427915510327699,0.9078151794443345,7.468077208874332,1e-09,129.0
demand,0.838927488823388,source:19,source:19,source,1,0.014775717793792612,0.9117635520694842,7.837898694076696,1e-09,130.0
demand,0.8310249307533423,edge:12:K5,edge:12:K5,edge,1,0.0008970812180207566,0.9050118516671376,6.811090561393278,1e-09,131.0
demand,0.8211678832239672,edge:11:K6,edge:11:K6,edge,1,0.0027447392315486582,0.9143198694121841,6.563921466568873,1e-09,132.0
demand,0.8416658779012236,source:22,source:22,source,1,0.001224656183240116,0.9117948311617156,7.072758030841608,1e-09,133.0
demand,0.827966881674353,edge:26:K6,edge:26:K6,edge,1,0.012104283054003724,0.9125869747210337,7.045245235120032,1e-09,134.0
demand,0.8241758245238294,edge:26:K6,edge:26:K6,edge,1,0.010154656840666614,0.9093199598888694,7.569979483066088,1e-09,135.0
demand,0.8325624421822035,edge:16:K5,edge:16:K5,edge,1,0.0032698473348867657,0.9077338716473555,7.480362691907935,1e-09,136.0
demand,0.8309161650368099,source:24,source:24,source,1,0.0026814378449264223,0.9049836565882756,9.527340505092878,1e-09,137.0
demand,0.8151323052202483,source:24,source:24,source,1,0.006970711383536603,0.9022892783802697,10.243293296817567,1e-09,138.0
demand,0.8181818181807196,edge:15:K5,edge:15:K5,edge,1,0.006404391580922172,0.9063400435132487,7.884504145986918,1e-09,139.0
demand,0.8181818181808745,edge:16:K5,edge:16:K5,edge,1,0.013824884808967302,0.9107239542100357,8.897794022760866,1e-09,140.0
demand,0.8196721314936446,edge:25:K6,edge:25:K6,edge,1,0.005494505084985791,0.9119499060841407,8.263518061213173,1e-09,141.0
demand,0.8181818181807196,edge:15:K5,edge:15:K5,edge,1,0.005432850184872256,0.9069191024009189,8.614774045372123,1e-09,142.0
demand,0.8219178082180745,edge:15:K5,edge:15:K5,edge,1,0.012950971335429714,0.9127696963549379,9.06636782711805,1e-09,143.0
demand,0.8264462809971255,edge:12:K5,edge:12:K5,edge,1,0.016207955756332052,0.9141708114639757,6.348128077117449,1e-09,144.0
demand,0.8356545961057286,edge:12:K5,edge:12:K5,edge,1,0.0009684547457030169,0.9086395168922831,7.001857727584643,1e-09,145.0
demand,0.8368902930339884,source:22,source:22,source,1,0.00038118412069559107,0.9081894847032964,9.130140445636744,1e-09,146.0
demand,0.8226691042101185,edge:12:K5,edge:12:K5,edge,1,0.01428836423332509,0.9052412303223963,7.184944538465324,1e-09,147.0
demand,0.8430072193964707,source:20,source:20,source,1,0.0045556120455562355,0.9152479606217838,6.057458574080236,1e-09,148.0
demand,0.8310249307603583,edge:11:K6,edge:11:K6,edge,1,6.802376351745206e-05,0.9010893896072079,8.93128241466452,1e-09,149.0
demand,0.8399523220562175,source:18,source:18,source,1,0.013689776365741662,0.9161727640694808,8.261469901310319,1e-09,150.0
demand,0.8310249307533423,edge:12:K5,edge:12:K5,edge,1,0.01579780768908921,0.9107447603633091,6.399474475363581,1e-09,151.0
demand,0.8249312560770135,edge:25:K6,edge:25:K6,edge,1,0.016270094042425777,0.908046325219615,6.512881325535731,1e-09,152.0
demand,0.8196721311389145,edge:17:K8,edge:17:K8,edge,1,0.002109425291345871,0.9072673816843144,10.707661711333163,1e-09,153.0
demand,0.8361694624033889,source:22,source:22,source,1,0.0031341898134871877,0.909279655780696,6.929903063565753,1e-09,154.0
demand,0.8149023523135305,source:23,source:23,source,1,0.006770103743380765,0.9075107708285479,8.349638660871097,1e-09,155.0
demand,0.8319051553825848,source:18,source:18,source,1,0.006375903438020252,0.913085773442657,9.660245128854642,1e-09,156.0
demand,0.8406307126956877,source:20,source:20,source,1,0.0007431534184932628,0.9031696258801427,7.733953202768793,1e-09,157.0
demand,0.8333333333387681,edge:12:K5,edge:12:K5,edge,1,0.0027790536582765744,0.908464754827888,8.672089278453269,1e-09,158.0
demand,0.8234217752790683,edge:25:K6,edge:25:K6,edge,1,0.0027522931611129223,0.9106555194051292,7.242890505032354,1e-09,159.0
demand,0.8294930879078541,edge:25:K6,edge:25:K6,edge,1,0.00742804042748915,0.9074263927598604,7.52390658965121,1e-09,160.0
demand,0.8196721311528867,edge:12:K5,edge:12:K5,edge,1,0.01760889711915916,0.9117942164538477,7.22480228625586,1e-09,161.0
demand,0.8351887310122403,source:18,source:18,source,1,0.009153176766694606,0.9112246499679858,8.040417888167381,1e-09,162.0
demand,0.8294930879078541,edge:25:K6,edge:25:K6,edge,1,0.006916381166996982,0.909726580408402,7.121247596625388,1e-09,163.0
demand,0.8204193254318974,edge:15:K5,edge:15:K5,edge,1,0.010128913434555978,0.9171400114990054,8.03111228255698,1e-09,164.0
demand,0.8356545960914838,edge:17:K8,edge:17:K8,edge,1,0.007372114082362571,0.9085010995679167,7.4400920816910245,1e-09,165.0
demand,0.8177237326302073,source:19,source:19,source,1,0.0014706242474048553,0.9103315600182733,9.173895362339053,1e-09,166.0
demand,0.8196721314936446,edge:26:K6,edge:26:K6,edge,1,0.010119594779041185,0.9119798796144613,11.378583780939879,1e-09,167.0
demand,0.836034128593368,source:23,source:23,source,1,0.002338060318897216,0.9154547960126431,6.963338004056027,1e-09,168.0
demand,0.8312934614934264,source:23,source:23,source,1,0.01109468988490636,0.9035361165070966,7.349082485870307,1e-09,169.0
demand,0.8329427926051591,source:21,source:21,source,1,0.0023956317035921304,0.9051702933128348,6.572768196862933,1e-09,170.0
demand,0.8211678832107318,edge:16:K5,edge:16:K5,edge,1,0.00735294119270685,0.9142527579507479,7.822562461267861,1e-09,171.0
demand,0.8270946513397206,source:22,source:22,source,1,0.003501956696365013,0.9027324512244959,8.211165664928249,1e-09,172.0
demand,0.8182120011501854,source:24,source:24,source,1,0.010992028471024545,0.8987613048312445,7.666820263482125,1e-09,173.0
demand,0.8436904539305033,source:21,source:21,source,1,0.001504957922244869,0.9045794847197199,4.9393157210440615,1e-09,174.0
demand,0.8189262969790917,edge:25:K6,edge:25:K6,edge,1,0.022755152319499733,0.9127163341717127,8.016526423325661,1e-09,175.0
demand,0.8273629824134817,source:20,source:20,source,1,0.017057209106870176,0.9107496649419413,7.305316714169712,1e-09,176.0
demand,0.8263894389961878,source:24,source:24,source,1,0.013335670464012695,0.9051943488105398,7.394564449443041,1e-09,177.0
demand,0.8272058823442354,edge:17:K8,edge:17:K8,edge,1,0.00282045622746385,0.909078810255845,6.905246140947468,1e-09,178.0
demand,0.8251374820020247,source:19,source:19,source,1,0.008065921270641213,0.906554854064877,7.2231028347939334,1e-09,179.0
demand,0.8211678832107318,edge:16:K5,edge:16:K5,edge,1,0.001828153581046666,0.9170932734260056,8.195123959290939,1e-09,180.0
demand,0.8370502109539698,source:24,source:24,source,1,0.0029891012634870465,0.9121841097114046,8.327579972837636,1e-09,181.0
demand,0.8376184315197286,source:20,source:20,source,1,0.0020061431220945417,0.9078252394864846,6.290013402595015,1e-09,182.0
demand,0.8329161519565312,source:21,source:21,source,1,0.002345299465846737,0.9035759317874377,8.903234283042133,1e-09,183.0
demand,0.827205882358336,edge:12:K5,edge:12:K5,edge,1,0.011407906594768643,0.9069178872907893,6.81529182906099,1e-09,184.0
demand,0.8265751240386746,source:19,source:19,source,1,0.0156998612738941,0.908764667900892,8.262435065636328,1e-09,185.0
demand,0.832587084494254,source:22,source:22,source,1,0.02259194714764153,0.909706898769927,7.102658567607184,1e-09,186.0
demand,0.8270172549893243,source:23,source:23,source,1,0.007637178432234189,0.9064005534063265,9.09342465911928,1e-09,187.0
demand,0.8219178082165411,edge:13:K8,edge:13:K8,edge,1,0.0053257881161691825,0.9078704480273766,6.8845276426448745,1e-09,188.0
demand,0.8310249307468066,edge:15:K5,edge:15:K5,edge,1,0.0049107521034914255,0.9081492164738904,6.35808697977142,1e-09,189.0
demand,0.8211678832090443,edge:13:K8,edge:13:K8,edge,1,0.006149030318698646,0.9037523589912976,8.40898636413975,1e-09,190.0
demand,0.8189262966322034,edge:15:K5,edge:15:K5,edge,1,0.006410256422755677,0.904070460018706,7.216948868101762,1e-09,191.0
demand,0.8294930875564899,edge:15:K5,edge:15:K5,edge,1,0.008209602691746863,0.9096989668197014,8.308909689941457,1e-09,192.0
demand,0.8371659771545519,source:19,source:19,source,1,0.01251548266895601,0.9067195138805709,6.300508887988358,1e-09,193.0
demand,0.8226691042101185,edge:12:K5,edge:12:K5,edge,1,0.002749771269296645,0.9066937298403913,7.944037547730165,1e-09,194.0
demand,0.8294930875549424,edge:13:K8,edge:13:K8,edge,1,0.01118359739257191,0.9145949845445913,6.5562168149453806,1e-09,195.0
demand,0.8364312267631158,edge:13:K8,edge:13:K8,edge,1,0.004668534507739661,0.9078566026245612,6.168015634287721,1e-09,196.0
demand,0.8196721311389145,edge:17:K8,edge:17:K8,edge,1,0.0018248175274465225,0.9044213954122156,6.970932429527791,1e-09,197.0
demand,0.8196721311566204,edge:14:K12,edge:14:K12,edge,1,0.005438993481315983,0.9065024772556954,7.005295476402106,1e-09,198.0
demand,0.8222875178020543,source:24,source:24,source,1,0.008119605112906506,0.9053034590814691,9.117084709480519,1e-09,199.0
demand,0.8288181835629351,source:23,source:23,source,1,0.006379529226225143,0.9007459680095713,8.687074357322022,1e-09,200.0
efficiency,0.8505484487512122,source:21,source:21,source,1,0.0007971960592667189,0.903288150621159,5.758891353946719,1e-09,1.0
efficiency,0.8706764182078885,source:24,source:24,source,1,0.0004809040795758164,0.9185175272567936,5.237158407315869,1e-09,2.0
efficiency,0.8159411299848698,source:22,source:22,source,1,0.00015565608994728739,0.8812958454873168,6.467453446970012,1e-09,3.0
efficiency,0.8788235294105846,edge:15:K5,edge:12:K5;edge:15:K5;edge:16:K5,edge,3,0.006330909823505603,0.9277872472024711,4.837988508025951,1e-08,4.0
efficiency,0.8195750333085036,source:24,source:24,source,1,0.0005049251320434096,0.8841254221101317,6.370196047411088,1e-08,5.0
efficiency,0.866209046979498,source:23,source:23,source,1,0.00023292907162647398,0.9140579181858013,5.406189948020951,1e-09,6.0
efficiency,0.8420719494229123,source:20,source:20,source,1,0.00015498447616007328,0.8978334456385076,5.466949132744057,1e-09,7.0
efficiency,0.8220153702964288,source:20,source:20,source,1,0.0006011196433942903,0.8879636902967967,6.0021377350014,1e-09,8.0
efficiency,0.8628111851596976,source:19,source:19,source,1,0.0004917506433798665,0.9112270106359952,5.351255905975468,1e-09,9.0
efficiency,0.8530264499654155,source:24,source:24,source,1,0.0006220825497013965,0.9062858521672336,5.553993796738258,1e-09,10.0
efficiency,0.8508603629485225,source:21,source:21,source,1,0.00024926170806795553,0.9033061682259131,5.868469573992938,1e-09,11.0
efficiency,0.8457338257457289,source:20,source:20,source,1,0.0002808232228189251,0.9025812504164231,5.523815233194456,1e-09,12.0
efficiency,0.8339594695212688,source:19,source:19,source,1,0.0004886253965918281,0.8937873360900431,5.708330709602316,1e-09,13.0
efficiency,0.8417481119663415,source:20,source:20,source,1,9.500763160401467e-05,0.8976040045860582,5.558388796272797,1e-09,14.0
efficiency,0.8590831580209105,source:20,source:20,source,1,4.075424997904404e-05,0.9097604631770739,5.296509274575179,1e-09,15.0
efficiency,0.8666343391243145,source:23,source:23,source,1,0.00013158770024778246,0.9137876615755703,5.201382983161089,1e-09,16.0
efficiency,0.8451836659984596,source:24,source:24,source,1,0.0007069979885403269,0.8996496886090546,5.307714844976609,1e-09,17.0
efficiency,0.8788235294249158,edge:11:K6,edge:11:K6;edge:25:K6;edge:26:K6,edge,3,0.007228915636977533,0.932109739133995,4.583125225994002,1e-08,18.0
efficiency,0.8798823529509229,edge:14:K12,edge:14:K12,edge,1,0.003610108307150698,0.9288322221208033,4.688770904121961,1e-09,19.0
efficiency,0.8695171621751966,source:24,source:24,source,1,6.34541468147056e-05,0.9158297282486478,5.1311326180258,1e-09,20.0
efficiency,0.825129848010277,source:19,source:19,source,1,0.00018191923443544944,0.8874225463151894,5.875671322081195,1e-09,21.0
efficiency,0.8644400929766289,source:24,source:24,source,1,0.00010162698559447526,0.9123604880224497,5.283293412578316,1e-09,22.0
efficiency,0.8382742505151848,source:20,source:20,source,1,0.0005389622520097435,0.8958312794363965,5.51661785223652,1e-09,23.0
efficiency,0.844167115289375,source:23,source:23,source,1,7.781268383039133e-05,0.8999927536417486,6.016660864627637,1e-09,24.0
efficiency,0.8428509170111377,source:18,source:18,source,1,1.3819489380014986e-05,0.8988562745351538,5.575646974896945,1e-09,25.0
efficiency,0.824933929410142,source:18,source:18,source,1,0.0005956971021817018,0.8868021346096071,5.85099345776237,1e-08,26.0
efficiency,0.8493537833027384,source:18,source:18,source,1,0.0006923736686879135,0.9025585414008599,5.399652837550031,1e-09,27.0
efficiency,0.78996761221715,source:19,source:19,source,1,0.000678814788255481,0.8630615294033417,6.444786228832139,1e-09,28.0
efficiency,0.8625687948764368,source:24,source:24,source,1,0.0007733117427737907,0.911527448809692,5.395283591777891,1e-09,29.0
efficiency,0.7997622973749979,source:20,source:20,source,1,0.0003462587193465399,0.8724791184227865,6.373809556654214,1e-09,30.0
efficiency,0.8171244009916157,source:24,source:24,source,1,0.0009347091211432035,0.8832478519509257,6.2315277592522,1e-09,31.0
efficiency,0.8339098700721885,source:20,source:20,source,1,5.2282862777023685e-05,0.8937214772224427,5.45016251618072,1e-09,32.0
efficiency,0.8324386391473105,source:24,source:24,source,1,0.0006189332274517391,0.892319071698274,5.843925341802703,1e-09,33.0
efficiency,0.8482317244103283,source:24,source:24,source,1,0.000495842517315474,0.9025163097713874,5.392857476626741,1e-09,34.0
efficiency,0.8788235294214993,edge:14:K12,edge:14:K12,edge,1,0.004819277086728386,0.9290369680059005,4.647348451736755,1e-09,35.0
efficiency,0.8180135513503405,source:19,source:19,source,1,0.0002865822071311104,0.8847666851412023,6.071001672370113,1e-09,36.0
efficiency,0.8727441645628454,source:23,source:23,source,1,3.12137875064652e-05,0.9178983345990106,5.092766457238661,1e-09,37.0
efficiency,0.8491238978260937,source:24,source:24,source,1,0.00038019374056415207,0.9021358992511848,5.405149856547449,1e-09,38.0
efficiency,0.8872941176568873,edge:14:K12,edge:14:K12,edge,1,0.0015270759103828174,0.9304900998027138,4.544770935445054,1e-09,39.0
efficiency,0.8597174249048813,source:20,source:20,source,1,0.0006005596707784427,0.9100249645706752,5.096856382594683,1e-09,40.0
efficiency,0.8596649533492018,source:24,source:24,source,1,0.00011363717149586019,0.9089499635874899,5.275274154329958,1e-09,41.0
efficiency,0.8768774142923135,source:23,source:23,source,1,0.00013125150986352202,0.9203388559390228,4.864908546877476,1e-09,42.0
efficiency,0.8397710449496583,source:24,source:24,source,1,0.0004273352836162028,0.8967555245970504,5.628602315804361,1e-09,43.0
efficiency,0.855403605282628,source:24,source:24,source,1,0.00021661994219471524,0.9073731415593289,5.677602316331839,1e-09,44.0
efficiency,0.8182547791432642,source:19,source:19,source,1,0.000354512845556552,0.8824429183527732,5.9688929929743,1e-09,45.0
efficiency,0.8589598564563051,source:20,source:20,source,1,3.547438612187013e-05,0.9076933713107743,5.583054618772097,1e-09,46.0
efficiency,0.8262304662775293,source:20,source:20,source,1,0.00046536997842983025,0.8878125365104166,5.7152373979553905,1e-09,47.0
efficiency,0.809343514454494,source:19,source:19,source,1,0.0002868090816503824,0.8777220270089333,6.321344376838705,1e-08,48.0
efficiency,0.839070210319109,source:24,source:24,source,1,0.00045140584308878443,0.8974075974025799,5.959431804775222,1e-09,49.0
efficiency,0.8641981798506102,source:20,source:20,source,1,0.0004888388834822196,0.9118843967670236,5.372004072138664,1e-09,50.0
efficiency,0.8809411764694054,edge:15:K5,edge:12:K5;edge:15:K5;edge:16:K5,edge,3,0.016826923089551717,0.9370400746143955,4.5559959937624495,1e-08,51.0
efficiency,0.8765173879013356,source:24,source:24,source,1,0.0008190884565715085,0.923020754931122,4.941930954795228,1e-09,52.0
efficiency,0.8540672409800713,source:23,source:23,source,1,0.00010852865028668565,0.9061008532617276,5.548576927272069,1e-09,53.0
efficiency,0.8424000092042657,source:20,source:20,source,1,0.0005081442737925047,0.8983804949411524,5.5674775134609344,1e-09,54.0
efficiency,0.8314380977541903,source:19,source:19,source,1,0.0008217465581316554,0.8916257343027711,5.799668908137717,1e-09,55.0
efficiency,0.8476650786374267,source:18,source:18,source,1,0.0002005629923553233,0.9013609508460996,5.536904424480908,1e-09,56.0
efficiency,0.8281020401328681,source:20,source:20,source,1,0.000226483113380792,0.8913413091738082,5.82176221049046,1e-09,57.0
efficiency,0.8490380406505972,source:20,source:20,source,1,0.0001486963538703578,0.9019824443081327,5.626225170499341,1e-09,58.0
efficiency,0.8097964289607696,source:18,source:18,source,1,0.0006751567384369311,0.8779318835511968,6.295930930240221,1e-09,59.0
efficiency,0.8841176470495188,edge:17:K8,edge:13:K8;edge:17:K8,edge,2,0.010778443123053011,0.9459150272270135,5.0431949779967296,1e-08,60.0
efficiency,0.8754966487597612,source:19,source:19,source,1,0.00022554632552048464,0.9187842838296415,4.756006986083562,1e-09,61.0
efficiency,0.8807031436499949,source:21,source:21,source,1,0.00027027588254531867,0.9226919652254368,4.921132798801611,1e-09,62.0
efficiency,0.8582134059960073,source:19,source:19,source,1,0.00029651907261309373,0.909722111170187,5.587357982559707,1e-09,63.0
efficiency,0.84424868428547,source:20,source:20,source,1,3.132902556244447e-05,0.8986766824570156,5.488400878599361,1e-09,64.0
efficiency,0.8644826998936684,source:21,source:21,source,1,0.000568569813987961,0.912703222474483,5.246682833199882,1e-09,65.0
efficiency,0.8517770021043788,source:23,source:23,source,1,3.249728163098718e-05,0.9038759657668786,5.739595318904231,1e-09,66.0
efficiency,0.8006523591583522,source:22,source:22,source,1,0.00026958200893400163,0.8699437008790133,6.609013549930491,1e-09,67.0
efficiency,0.8471574238893094,source:22,source:22,source,1,0.0002348318008992485,0.9005230156884932,5.534339674186123,1e-09,68.0
efficiency,0.8657393522253913,source:24,source:24,source,1,0.0006063564288722446,0.9135470832261218,5.146421724988496,1e-09,69.0
efficiency,0.8762316108382455,source:24,source:24,source,1,4.639276823275587e-05,0.9213818488870373,5.026597990059557,1e-09,70.0
efficiency,0.8504766605540481,source:24,source:24,source,1,0.0007203565142040616,0.9057838211984527,5.703520463722563,1e-09,71.0
efficiency,0.8514101729576743,source:23,source:23,source,1,7.603213561598468e-05,0.9037768550101047,5.716104939139307,1e-09,72.0
efficiency,0.844273899224994,source:22,source:22,source,1,6.664459485658658e-05,0.89876255067158,5.777881437515759,1e-09,73.0
efficiency,0.8386660336316929,source:18,source:18,source,1,7.211443228043438e-05,0.8966247299367839,5.355963491388676,1e-09,74.0
efficiency,0.8788235294214993,edge:14:K12,edge:14:K12,edge,1,0.0015386914912284605,0.9230119785545587,4.921948903032983,1e-09,75.0
efficiency,0.8495869039114939,source:24,source:24,source,1,0.0007288234437278368,0.9035446454856491,5.643192927055553,1e-09,76.0
efficiency,0.857255686348865,source:19,source:19,source,1,0.000654643664454034,0.9081007381035434,5.333675252826056,1e-09,77.0
efficiency,0.8337135907563012,source:20,source:20,source,1,7.957109803143952e-05,0.8921840012918083,5.884915483948632,1e-09,78.0
efficiency,0.8147508714778976,source:24,source:24,source,1,0.0005496131013701199,0.8801274285771487,6.216624779519722,1e-09,79.0
efficiency,0.8228569405957309,source:24,source:24,source,1,0.0005801100798841599,0.8853675920965755,6.028536021913039,1e-09,80.0
efficiency,0.853056649625514,source:22,source:22,source,1,4.3240385090407986e-05,0.9055736356726187,5.6603732414208,1e-09,81.0
efficiency,0.8357528306821119,source:20,source:20,source,1,0.0001860763923434869,0.8945297729830615,5.761690565854737,1e-09,82.0
efficiency,0.8061665946234465,source:19,source:19,source,1,0.00028049869600901085,0.8754824078391423,6.173628671692641,1e-09,83.0
efficiency,0.8798823529509229,edge:14:K12,edge:14:K12,edge,1,0.016847172069200233,0.9387631754521072,4.693797160842836,1e-09,84.0
efficiency,0.8902803643290139,source:23,source:23,source,1,1.8240312813556492e-05,0.9290659513185346,4.444746164730421,1e-09,85.0
efficiency,0.8737482469086578,source:24,source:24,source,1,0.0001361566008028483,0.9194280394812201,5.044085078070613,1e-09,86.0
efficiency,0.865722919116377,source:24,source:24,source,1,0.00029329647398939967,0.9136164752253784,5.2221074908149365,1e-09,87.0
efficiency,0.8467975349073232,source:24,source:24,source,1,0.0003502348356714523,0.9013120997991201,5.528715740525046,1e-09,88.0
efficiency,0.8642974403008679,source:19,source:19,source,1,0.0001357358975562859,0.9127205367638013,5.032428071348863,1e-09,89.0
efficiency,0.8116168741831729,source:24,source:24,source,1,0.0003636557402140591,0.8778635249222242,6.198764800206164,1e-09,90.0
efficiency,0.8211131429954852,source:19,source:19,source,1,0.0002839836792629724,0.8859804103836235,5.932804826391902,1e-09,91.0
efficiency,0.8382531411670814,source:18,source:18,source,1,0.0001360483113057066,0.8949273763396706,5.547244172045729,1e-09,92.0
efficiency,0.8297424587975878,source:19,source:19,source,1,0.0005826997187963206,0.8911796118417289,5.703061636904815,1e-08,93.0
efficiency,0.8720284416291693,source:20,source:20,source,1,0.00032216666477862194,0.917796550805783,4.913862985794078,1e-09,94.0
efficiency,0.8314677329685661,source:20,source:20,source,1,0.00048555168135576995,0.8909453645374703,5.8059139850211166,1e-09,95.0
efficiency,0.8628199007279315,source:24,source:24,source,1,0.00013551425665647352,0.9116817373469015,5.441472039189483,1e-09,96.0
efficiency,0.848294511163033,source:19,source:19,source,1,5.8269779675334115e-05,0.9016789578929334,5.51628292766625,1e-09,97.0
efficiency,0.8578477975222839,source:21,source:21,source,1,0.00046626086399764244,0.9083600918382181,5.605120715653263,1e-09,98.0
efficiency,0.7863472980326613,source:19,source:19,source,1,0.0005863107250592985,0.860086068002244,6.259774723776827,1e-09,99.0
efficiency,0.81570480523194,source:24,source:24,source,1,0.0002203659534493463,0.8804670796206711,6.351713498663254,1e-09,100.0
efficiency,0.8750416349903446,source:20,source:20,source,1,0.00019021276064100452,0.920028816850785,4.892616412605854,1e-09,101.0
efficiency,0.843340317852644,source:23,source:23,source,1,0.00012955798963777747,0.8986990428073233,5.958933674606794,1e-09,102.0
efficiency,0.846679319445346,source:22,source:22,source,1,1.9329288486666522e-05,0.9007048044869634,5.9133036540534505,1e-09,103.0
efficiency,0.8820000000131987,edge:11:K6,edge:11:K6;edge:25:K6;edge:26:K6,edge,3,0.012004801894973506,0.9477595584655821,4.722978776944679,1e-08,104.0
efficiency,0.870181799461217,source:19,source:19,source,1,0.00016008600295229798,0.916005180786498,4.908235630294105,1e-09,105.0
efficiency,0.8716712313133534,source:24,source:24,source,1,0.00028493882357307,0.9172561730058925,5.072241190948348,1e-09,106.0
efficiency,0.8551792722588608,source:24,source:24,source,1,0.00048806227336346673,0.9060302701780212,5.362248859789111,1e-09,107.0
efficiency,0.8589044790840095,source:24,source:24,source,1,0.00037390611045911106,0.9087890222230282,5.3474065330153735,1e-09,108.0
efficiency,0.8895638621341935,source:24,source:24,source,1,0.0002114931766667332,0.929177652719071,4.553885330680849,1e-09,109.0
efficiency,0.8119367473695569,source:19,source:19,source,1,7.755106996542233e-05,0.877633299499305,6.310952613121785,1e-09,110.0
efficiency,0.8593860557399182,source:24,source:24,source,1,0.0003679670837280195,0.909770350330068,5.466617309350872,1e-09,111.0
efficiency,0.8334124139403891,source:22,source:22,source,1,5.402755152753051e-05,0.8924783251778182,6.1086039118217945,1e-09,112.0
efficiency,0.8620201183707991,source:24,source:24,source,1,0.00025536724830210636,0.9110236331009275,5.133338096299191,1e-09,113.0
efficiency,0.8592457410124871,source:19,source:19,source,1,5.07897412849467e-05,0.9091564318983972,5.293175851868889,1e-09,114.0
efficiency,0.8569393898991307,source:19,source:19,source,1,0.00032739558660608035,0.9091508074187564,5.658698114837915,1e-09,115.0
efficiency,0.8763394579103889,source:23,source:23,source,1,0.00021576829306471033,0.9194589344254689,4.8969577193447265,1e-09,116.0
efficiency,0.8378992589068185,source:20,source:20,source,1,4.004082290007759e-06,0.8948161714775219,5.657726679692426,1e-09,117.0
efficiency,0.8469668670471674,source:23,source:23,source,1,8.128315569650257e-05,0.9009180236254032,5.775514067637917,1e-09,118.0
efficiency,0.8798823529319163,edge:17:K8,edge:13:K8;edge:17:K8,edge,2,0.011740621321141623,0.9332987839432132,4.589930471694392,1e-07,119.0
efficiency,0.7831456638181169,source:19,source:19,source,1,0.0003607011762687412,0.854608375904258,6.2715785170166125,1e-09,120.0
efficiency,0.8360399755747638,source:21,source:21,source,1,0.0006810544054654993,0.8937385900554152,5.8444943947922186,1e-09,121.0
efficiency,0.859960637140846,source:24,source:24,source,1,0.0005301908114426601,0.9099556452212463,5.240881318390089,1e-09,122.0
efficiency,0.8094144716555856,source:20,source:20,source,1,0.0009422998709976553,0.879709979480747,5.81903209524487,1e-09,123.0
efficiency,0.8621977634025901,source:24,source:24,source,1,0.00037605615006731046,0.9110008350419236,5.2845850462432065,1e-09,124.0
efficiency,0.8535345788702472,source:20,source:20,source,1,0.00019266295641557382,0.9054560321965208,5.535151876447516,1e-09,125.0
efficiency,0.8519843716888638,source:24,source:24,source,1,0.00038425293903830915,0.9044252377977056,5.510408232424114,1e-09,126.0
efficiency,0.8215462745837777,source:18,source:18,source,1,0.0003849247737358665,0.8841128060383243,6.105415627081334,1e-09,127.0
efficiency,0.8390278143447683,source:20,source:20,source,1,0.0005728274446808414,0.8973036283546177,5.842646755826,1e-09,128.0
efficiency,0.8430973857371618,source:24,source:24,source,1,0.00032801611778733255,0.8999816861839766,5.931608739394163,1e-09,129.0
efficiency,0.8023347463594155,source:19,source:19,source,1,0.0001658804419157268,0.8709892722444195,6.5460110427692495,1e-09,130.0
efficiency,0.8676451608464216,source:24,source:24,source,1,0.0006264559289066527,0.9171248115744028,5.2270333119501355,1e-09,131.0
efficiency,0.8697240235938635,source:22,source:22,source,1,0.00013159437708727773,0.9154744975851671,5.089823322429676,1e-09,132.0
efficiency,0.8713461237908587,source:24,source:24,source,1,0.0003273524781199498,0.9179905457523234,5.208439906497166,1e-09,133.0
efficiency,0.8688912832224641,source:19,source:19,source,1,0.00033148292494149625,0.9162385187711919,5.121882318128792,1e-09,134.0
efficiency,0.8256380241330835,source:22,source:22,source,1,0.00024899239571286554,0.8875841864140341,6.055983870384041,1e-09,135.0
efficiency,0.8601046506481788,source:19,source:19,source,1,7.689328080252653e-05,0.9098038331377756,5.341531009438945,1e-09,136.0
efficiency,0.8437861887909649,source:20,source:20,source,1,0.000472132754059743,0.8998196800019296,5.520591088564424,1e-09,137.0
efficiency,0.8209287081445433,source:19,source:19,source,1,0.00018286199383265824,0.8856374729738207,5.869193876777315,1e-09,138.0
efficiency,0.8418565565159514,source:24,source:24,source,1,0.0002505107384602017,0.8977554798767526,5.83217135824074,1e-09,139.0
efficiency,0.8382438888619511,source:24,source:24,source,1,6.691038877155394e-05,0.8958223089150114,6.093120274282011,1e-09,140.0
efficiency,0.8412544091950678,source:21,source:21,source,1,1.3658068238609506e-05,0.8966782922391827,5.61783918722273,1e-09,141.0
efficiency,0.8732056922471562,source:22,source:22,source,1,0.00016536603226513627,0.9178562881286014,5.00180792074279,1e-09,142.0
efficiency,0.8428407693209576,source:20,source:20,source,1,0.00036459170682015914,0.8988299118424353,5.444804935764984,1e-09,143.0
efficiency,0.8292727292396959,source:20,source:20,source,1,4.299707079178623e-05,0.8906726729709198,5.542104583435851,1e-09,144.0
efficiency,0.8540876025909644,source:24,source:24,source,1,0.0007400509776214918,0.9059306042333962,5.301352687914824,1e-09,145.0
efficiency,0.8395580271845586,source:20,source:20,source,1,0.00027993227913351425,0.896900645050651,5.452095440651552,1e-09,146.0
efficiency,0.8210559234440655,source:19,source:19,source,1,0.0013093304572238324,0.8844820175813412,6.144390210224275,1e-09,147.0
efficiency,0.8617804222812446,source:21,source:21,source,1,0.00013359165320313624,0.9099750231915552,5.343475641078015,1e-09,148.0
efficiency,0.847000402784478,source:23,source:23,source,1,2.2956311872475485e-05,0.9003113305363293,5.758544848097502,1e-09,149.0
efficiency,0.8484705664438866,source:24,source:24,source,1,0.0010085204838873468,0.9056788625210556,5.854807337309217,1e-09,150.0
efficiency,0.843467404027912,source:23,source:23,source,1,0.00020412432943810326,0.8985840364336206,5.926655009242071,1e-09,151.0
efficiency,0.8283376076930218,source:19,source:19,source,1,0.0003980954559753036,0.889358681742938,5.905588881479799,1e-09,152.0
efficiency,0.8857417873762731,source:22,source:22,source,1,0.00010425922909631301,0.9258042123919908,4.523659794583338,1e-09,153.0
efficiency,0.8894117647191919,edge:11:K6,edge:11:K6;edge:25:K6;edge:26:K6,edge,3,0.003571428545848727,0.938787879549862,4.224539472279836,1e-08,154.0
efficiency,0.8508090419936635,source:24,source:24,source,1,0.0007603575409719197,0.904823440046624,5.7150215205640515,1e-08,155.0
efficiency,0.8603362857206176,source:24,source:24,source,1,0.0003679474769792776,0.911193009919078,5.45487355647159,1e-09,156.0
efficiency,0.8462332144448476,source:24,source:24,source,1,0.0001286500035664947,0.9024975579353445,6.055606441436905,1e-09,157.0
efficiency,0.8546509997308736,source:20,source:20,source,1,1.975928534894546e-05,0.9062377690777821,5.462516260088948,1e-08,158.0
efficiency,0.8691385306663777,source:20,source:20,source,1,0.000339591199184846,0.9174725261603601,5.011447697349778,1e-09,159.0
efficiency,0.8606599844673809,source:20,source:20,source,1,0.0011442295890356027,0.910607818607669,5.177162686902908,1e-09,160.0
efficiency,0.8839503708780997,source:24,source:24,source,1,0.00012091684229944561,0.9246071682189531,4.658593019026492,1e-09,161.0
efficiency,0.8573738531754758,source:21,source:21,source,1,0.0006161180947500989,0.9075814518266221,5.580758100766137,1e-09,162.0
efficiency,0.8304969086135154,source:19,source:19,source,1,0.0002180190085067048,0.8900017868585043,5.64195150874745,1e-09,163.0
efficiency,0.8121636255559043,source:24,source:24,source,1,0.0002343211324637226,0.8784424729146565,6.274503618027684,1e-08,164.0
efficiency,0.8821433388718177,source:24,source:24,source,1,0.00015957337186296792,0.9237138293251056,4.670125582366154,1e-09,165.0
efficiency,0.8256797700871864,source:20,source:20,source,1,0.00033004776659403107,0.8874861976095486,5.80262685998458,1e-09,166.0
efficiency,0.8335076899723285,source:22,source:22,source,1,6.041103124409232e-05,0.8918971602969009,5.899176278337084,1e-09,167.0
efficiency,0.8831156255401101,source:24,source:24,source,1,3.379854583311212e-05,0.924409120049342,4.823291294726564,1e-09,168.0
efficiency,0.8577037315215723,source:19,source:19,source,1,0.0004251828364400967,0.907526589703147,5.305264109177022,1e-09,169.0
efficiency,0.7871108216000589,source:18,source:18,source,1,0.00047679635702407315,0.8568371112870706,6.278204852131391,1e-08,170.0
efficiency,0.8300344195317791,source:24,source:24,source,1,0.000721611008792319,0.8916442648302295,5.950018910062743,1e-09,171.0
efficiency,0.848371251126649,source:19,source:19,source,1,0.0001573760061842956,0.9038741109387362,5.6587242526574375,1e-09,172.0
efficiency,0.8185986142172027,source:19,source:19,source,1,0.0002733339398999085,0.8826473986265612,6.1560235336555476,1e-09,173.0
efficiency,0.7957643730200339,source:18,source:18,source,1,0.00010523889418641008,0.8670682656289534,6.227292102240156,1e-09,174.0
efficiency,0.8227354494511511,source:20,source:20,source,1,4.68826192776075e-05,0.8879856262478626,6.019508136904771,1e-09,175.0
efficiency,0.8788235294105846,edge:15:K5,edge:11:K6;edge:12:K5;edge:15:K5;edge:16:K5;edge:25:K6;edge:26:K6,edge,6,0.00205329718363362,0.9233415449970592,4.8923526878334656,1e-08,176.0
efficiency,0.8612569803438679,source:24,source:24,source,1,0.00010341939877914394,0.9108231428090784,5.362766155680431,1e-09,177.0
efficiency,0.8249772676454065,source:20,source:20,source,1,0.0004189378439212906,0.8872971994489212,5.801850890435956,1e-09,178.0
efficiency,0.8481462838824342,source:24,source:24,source,1,4.349908356374169e-05,0.9016605464181757,5.667808938451458,1e-09,179.0
efficiency,0.8503209813437894,source:24,source:24,source,1,0.0006477925741332815,0.9063883282598835,5.8719171317293615,1e-09,180.0
efficiency,0.8209336810730234,source:19,source:19,source,1,6.318205361797565e-05,0.8838383093820024,6.09659645414335,1e-09,181.0
efficiency,0.8730345615500198,source:24,source:24,source,1,0.0005537975533900949,0.9207529239692858,5.079832105751072,1e-09,182.0
efficiency,0.8205096150767363,source:24,source:24,source,1,0.0002835187791010334,0.8837844795985573,6.042162113096297,1e-09,183.0
efficiency,0.8512602495610169,source:24,source:24,source,1,0.0009744403838529851,0.9047222934569755,5.542117404341117,1e-08,184.0
efficiency,0.8798823529509229,edge:14:K12,edge:14:K12,edge,1,0.005263790100362831,0.9281304854960848,4.757837433678429,1e-09,185.0
efficiency,0.8102347921821844,source:20,source:20,source,1,0.00020150533299944078,0.8778631031143381,6.136987408802339,1e-09,186.0
efficiency,0.8582274437625151,source:23,source:23,source,1,0.0001511800176614496,0.9079966924354739,5.464652141197308,1e-09,187.0
efficiency,0.878894234102682,source:20,source:20,source,1,0.0005031484900757167,0.9232095039818465,4.822397227172013,1e-09,188.0
efficiency,0.8052140520260409,source:20,source:20,source,1,0.0007657544091241218,0.8749475739942976,6.113793600886347,1e-09,189.0
efficiency,0.8715159552433134,source:22,source:22,source,1,0.00023108314532798186,0.9166014591024652,4.978296209314471,1e-09,190.0
efficiency,0.8476837165123966,source:20,source:20,source,1,6.912509101280939e-05,0.9028669622410809,5.414523086118353,1e-09,191.0
efficiency,0.8656968878484386,source:24,source:24,source,1,0.00032416948787596843,0.9137996560607001,5.296962320403354,1e-09,192.0
efficiency,0.8482443455348139,source:20,source:20,source,1,0.00014200053078282574,0.9023835224171843,5.513403939037742,1e-09,193.0
efficiency,0.8621067109499262,source:24,source:24,source,1,0.00010766195928802057,0.9121011505164665,5.348074877277762,1e-09,194.0
efficiency,0.8300806085109169,source:24,source:24,source,1,0.0001919043711982518,0.8898759536208254,5.948430120617912,1e-09,195.0
efficiency,0.8600866062800986,source:20,source:20,source,1,0.000561209496205445,0.9098063124485102,5.257040991798175,1e-09,196.0
efficiency,0.8483519785062702,source:19,source:19,source,1,0.00011914845507170371,0.9019370771407473,5.513102212453251,1e-09,197.0
efficiency,0.8573894155206268,source:23,source:23,source,1,9.157509247655081e-05,0.9075170934476304,5.326289025540502,1e-09,198.0
efficiency,0.8373236918463252,source:22,source:22,source,1,1.7626081337163662e-05,0.8943122260451872,5.991485776651793,1e-09,199.0
efficiency,0.8389660451753173,source:24,source:24,source,1,0.0012901190803729834,0.8985336994664936,5.771209853575672,1e-09,200.0
capacity,0.7752000000000635,source:19,source:19,source,1,0.029605263157833888,0.9052404392886954,11.917160729343253,1e-09,1.0
capacity,0.7837000000000641,source:19,source:19,source,1,0.03470715835157948,0.9178650945240945,12.137897930231686,1e-09,2.0
capacity,0.7658500000000626,source:19,source:19,source,1,0.00443951165365873,0.8903130113188691,16.734940505386838,1e-09,3.0
capacity,0.8007000000000182,source:21,source:21,source,1,0.00743099787701335,0.9110539238418399,11.514237411341892,1e-09,4.0
capacity,0.7845499999999579,source:18,source:18,source,1,0.014084507042190194,0.9058197772645171,18.267856867650377,1e-09,5.0
capacity,0.8040999999999067,source:24,source:24,source,1,0.006342494714727479,0.9252945393044616,12.69294144802957,1e-09,6.0
capacity,0.7896499999999577,source:18,source:18,source,1,0.004305705059504063,0.8894860816343303,13.7422854219496,1e-09,7.0
capacity,0.7701000000001892,source:20,source:20,source,1,0.022075055187268204,0.9009540390291009,19.32753461824915,1e-09,8.0
capacity,0.77350000000019,source:20,source:20,source,1,0.03186813186775856,0.9019067771685644,14.76727919887175,1e-09,9.0
capacity,0.7777500000000637,source:19,source:19,source,1,0.0415300546446676,0.9171470426160938,15.384420952498738,1e-09,10.0
capacity,0.765849999999685,source:23,source:23,source,1,0.026637069922754178,0.9035315412502866,12.22568766020286,1e-09,11.0
capacity,0.765000000000188,source:20,source:20,source,1,0.033333333333024025,0.8988323204937338,17.456146456615247,1e-09,12.0
capacity,0.7905000000001942,source:20,source:20,source,1,0.04629981024521559,0.9100095108670054,13.723087541441096,1e-09,13.0
capacity,0.7752000000000635,source:19,source:19,source,1,0.03399122806966551,0.9053808403760538,14.207296303683993,1e-09,14.0
capacity,0.7768999999999583,source:18,source:18,source,1,0.0339168490154574,0.9089118917984303,14.189259962229983,1e-09,15.0
capacity,0.795600000000141,source:22,source:22,source,1,0.014957264957030638,0.9132562410522103,17.802227871121293,1e-09,16.0
capacity,0.7794500000001915,source:20,source:20,source,1,0.002181025081488458,0.8907107146043486,13.378747048836875,1e-09,17.0
capacity,0.7870999999999087,source:24,source:24,source,1,0.018358531317558196,0.9125341861040871,17.53804232545185,1e-09,18.0
capacity,0.7650000000001356,source:22,source:22,source,1,0.0022222222220674263,0.8981054991797814,11.998311997004679,1e-09,19.0
capacity,0.766699999999911,source:24,source:24,source,1,0.02549889135269229,0.901904896261417,14.218606988619397,1e-09,20.0
capacity,0.8007000000000656,source:19,source:19,source,1,0.006369426751455981,0.9059521963716977,10.59252921142541,1e-09,21.0
capacity,0.77519999999991,source:24,source:24,source,1,0.04721362230274313,0.9019670592743104,11.07041197780742,1e-09,22.0
capacity,0.772650000000137,source:22,source:22,source,1,0.042904290429114304,0.9147907232054976,15.591536297134997,1e-09,23.0
capacity,0.7726500000000632,source:19,source:19,source,1,0.04730473047298541,0.911019324614121,12.440353614643344,1e-09,24.0
capacity,0.7820000000001386,source:22,source:22,source,1,0.00869565217381686,0.9019930293085258,15.794513370270703,1e-09,25.0
capacity,0.7726500000001898,source:20,source:20,source,1,0.03520352035186562,0.9028769932102757,14.166553044061805,1e-09,26.0
capacity,0.7684000000001888,source:20,source:20,source,1,0.025442477875432495,0.8879328554269672,11.113248105946127,1e-09,27.0
capacity,0.7743499999999585,source:18,source:18,source,1,0.027442371020934712,0.9026325018883514,15.45578318100787,1e-09,28.0
capacity,0.7769000000001377,source:22,source:22,source,1,0.008752735229603495,0.9136997386279618,15.71281334018856,1e-09,29.0
capacity,0.7870999999999087,source:24,source:20;source:24,source,2,0.03239740820703864,0.8943677098481688,12.928278404512199,1e-09,30.0
capacity,0.8057999999999065,source:24,source:24,source,1,0.011913626637371987,0.9430414335526861,11.638254514365357,1e-09,31.0
capacity,0.7667000000000628,source:19,source:19,source,1,0.006651884700465911,0.8822132329099333,14.06660430693623,1e-09,32.0
capacity,0.7735000000000176,source:21,source:21,source,1,0.003296703296563978,0.891797332224347,16.879988469947897,1e-09,33.0
capacity,0.7870999999999577,source:18,source:18,source,1,0.009719222461841892,0.9294792237414555,17.05888858727566,1e-09,34.0
capacity,0.7794500000000177,source:21,source:21,source,1,0.0458015267171033,0.9153824993986152,11.991424837578792,1e-09,35.0
capacity,0.7853999999999579,source:18,source:18,source,1,0.002164502164143735,0.9156230026702594,15.548042702288088,1e-09,36.0
capacity,0.7734999999996819,source:23,source:23,source,1,0.029670329670776617,0.9214635129676249,17.97962049656924,1e-09,37.0
capacity,0.7743500000000634,source:19,source:19,source,1,0.0010976948406985869,0.8925766791388469,15.162685587455963,1e-09,38.0
capacity,0.7701000000000631,source:19,source:19,source,1,0.004415011037391483,0.8958769750378967,19.551336760289562,1e-09,39.0
capacity,0.7752000000001373,source:22,source:22,source,1,0.026315789473586346,0.9155344700447627,13.760271041732782,1e-09,40.0
capacity,0.7938999999996734,source:23,source:23,source,1,0.009635974304566442,0.9141347242975473,16.049298366226434,1e-09,41.0
capacity,0.7828500000000178,source:21,source:21,source,1,0.03800217155282047,0.9101339227565014,11.501210314879987,1e-09,42.0
capacity,0.792200000000018,source:21,source:21,source,1,0.0032188841203266236,0.8996612451841342,11.592200517436826,1e-09,43.0
capacity,0.7743499999999585,source:18,source:18,source,1,0.009879253567147044,0.8940495079635509,20.080147068563164,1e-09,44.0
capacity,0.7820000000001921,source:20,source:20,source,1,0.0021739130431782804,0.8995236830360087,17.47704203474147,1e-09,45.0
capacity,0.7811499999999093,source:24,source:24,source,1,0.03917301414618661,0.9044539045501108,15.839028168324734,1e-09,46.0
capacity,0.7658500000001357,source:22,source:22,source,1,0.0022197558265650806,0.9007890851898098,17.883896033255247,1e-09,47.0
capacity,0.7760500000000635,source:19,source:19,source,1,0.03285870755760122,0.9001899198907067,14.554442954405639,1e-09,48.0
capacity,0.7692500000000629,source:19,source:19,source,1,0.00441988950262632,0.8948385209279515,12.977470948598121,1e-09,49.0
capacity,0.7794500000000177,source:21,source:21,source,1,0.0021810250813534254,0.9060130473304175,15.444995490853085,1e-09,50.0
capacity,0.8066499999999064,source:24,source:18;source:24,source,2,0.007376185458517125,0.9149425655507231,15.518915468628501,1e-09,51.0
capacity,0.7726500000001898,source:20,source:20,source,1,0.055329062324619906,0.9313972244177762,11.912883131394322,1e-09,52.0
capacity,0.7811500000001919,source:20,source:20,source,1,0.018498367790850217,0.8985894238142449,18.293742569425977,1e-09,53.0
capacity,0.7930499999999079,source:24,source:24,source,1,0.015005359057173208,0.9123172264792596,15.965142259723226,1e-09,54.0
capacity,0.8091999999996672,source:23,source:23,source,1,0.027681660889260995,0.9221818353687823,11.177545284583013,1e-09,55.0
capacity,0.807500000000066,source:19,source:19,source,1,0.051578947368278553,0.9270252779613536,10.496025637527607,1e-09,56.0
capacity,0.7658500000001357,source:22,source:22,source,1,0.009988901220934852,0.8837016781812947,19.58032045923442,1e-09,57.0
capacity,0.772650000000137,source:22,source:22,source,1,0.0880088008801625,0.9188273806315911,10.914749388419024,1e-09,58.0
capacity,0.7760500000001376,source:22,source:22,source,1,0.056504091677152875,0.9016289103535902,10.989152437269656,1e-09,59.0
capacity,0.7973000000001413,source:22,source:22,source,1,0.030603286087915012,0.9264490797001391,12.36533231124071,1e-09,60.0
capacity,0.7955999999999076,source:24,source:24,source,1,0.022624434388079623,0.9349672864875556,15.993781830031523,1e-09,61.0
capacity,0.7947499999996731,source:23,source:23,source,1,0.031645171436793525,0.922551080243248,13.604537230693774,1e-09,62.0
capacity,0.778600000000138,source:22,source:22,source,1,0.03056768558928173,0.902087553207315,18.007822949238406,1e-09,63.0
capacity,0.7777499999999583,source:18,source:18,source,1,0.03606557377057097,0.908605982619916,16.61712044373642,1e-09,64.0
capacity,0.7700999999996833,source:23,source:23,source,1,0.009933774834798294,0.8864353478403239,15.068402581309218,1e-09,65.0
capacity,0.7735000000001371,source:22,source:22,source,1,0.0010989010986699793,0.914303426839625,16.12490136353093,1e-09,66.0
capacity,0.7862500000000644,source:19,source:19,source,1,0.038918918919089114,0.910604772479797,12.595508660992126,1e-09,67.0
capacity,0.7786000000000637,source:19,source:19,source,1,0.03384279475968523,0.8984961463694119,14.769424412060959,1e-09,68.0
capacity,0.7828500000000178,source:21,source:21,source,1,0.06572140256628833,0.9356370039950748,12.0940959364025,1e-09,69.0
capacity,0.7760499999996808,source:23,source:23,source,1,0.050383351588480944,0.9009012418118422,9.30239238346919,1e-09,70.0
capacity,0.8007000000000182,source:21,source:21,source,1,0.01698513800440336,0.9239256512590013,10.388695645574082,1e-09,71.0
capacity,0.7981499999999572,source:18,source:18,source,1,0.01710204848581533,0.9290202902806831,14.373064784676314,1e-09,72.0
capacity,0.7845499999999089,source:24,source:24,source,1,0.006500541712104538,0.8954849099818543,12.682973465457756,1e-09,73.0
capacity,0.8226000000053648,edge:12:K5,edge:12:K5,edge,1,0.007658643316234776,0.9227223285216809,8.99033916938553,1e-09,74.0
capacity,0.818100000009062,edge:14:K12,edge:14:K12,edge,1,0.00158904778275125,0.9137874396968725,14.844717087222003,1e-09,75.0
capacity,0.7726499999999585,source:18,source:18,source,1,0.0286028602861072,0.9136874417901386,17.957549564653814,1e-09,76.0
capacity,0.781150000000064,source:19,source:19,source,1,0.014145810663931096,0.8987642974889466,10.399077611385245,1e-09,77.0
capacity,0.7981500000001961,source:20,source:20,source,1,0.015974440894499134,0.8892957391736084,11.354051477264434,1e-09,78.0
capacity,0.8162999999980531,source:25,source:25,source,1,0.012127894159153364,0.939179825924426,14.317696698359633,1e-09,79.0
capacity,0.7828500000001923,source:20,source:20,source,1,0.038129909942981495,0.9268849649038966,15.176790463464533,1e-09,80.0
capacity,0.7777500000001378,source:22,source:22,source,1,0.017486338797883867,0.9288852454935516,15.869434170828566,1e-09,81.0
capacity,0.8151500000001445,source:22,source:22,source,1,0.022388517452460635,0.9251571937028353,10.75076896372094,1e-09,82.0
capacity,0.7956000000000181,source:21,source:21,source,1,0.0192307692306277,0.9142114746678554,15.43227391010694,1e-09,83.0
capacity,0.766699999999911,source:24,source:24,source,1,0.04323725055462972,0.9129415490443626,14.201009083350465,1e-09,84.0
capacity,0.8235000003477199,edge:25:K6,edge:25:K6,edge,1,0.01772920418480138,0.925661461555966,12.585247883438669,1e-09,85.0
capacity,0.7768999999996804,source:23,source:23,source,1,0.027352297593301093,0.9197422761545339,10.431527532648797,1e-09,86.0
capacity,0.7701000000001365,source:22,source:22,source,1,0.04746136865317981,0.9102983470377765,18.818912446875068,1e-09,87.0
capacity,0.8208000000122828,edge:11:K6,edge:11:K6,edge,1,0.004507797256005473,0.9290747963052172,11.036820491920404,1e-09,88.0
capacity,0.7785999999999096,source:24,source:24,source,1,0.010917030567982105,0.8859808800705067,11.860359381483663,1e-09,89.0
capacity,0.7973000000001959,source:20,source:20,source,1,0.006396588486071823,0.9076397809062694,14.717842106327982,1e-09,90.0
capacity,0.7683999999996839,source:23,source:23,source,1,0.024336283186443552,0.9173306715927264,10.97965476607435,1e-09,91.0
capacity,0.8015500000001421,source:22,source:22,source,1,0.011664899256342212,0.913197522665669,10.224192275439913,1e-09,92.0
capacity,0.8049499999996689,source:23,source:23,source,1,0.009503695882169979,0.9158696409530942,17.464087799226174,1e-09,93.0
capacity,0.7956000000001955,source:20,source:20,source,1,0.013888888888222779,0.9053570893120015,14.466783583838895,1e-09,94.0
capacity,0.7871000000001934,source:20,source:20,source,1,0.004319654427577029,0.9037861822753409,12.00425188701827,1e-09,95.0
capacity,0.7658500000000175,source:21,source:21,source,1,0.034406215315866205,0.929062727170796,16.275361113311167,1e-09,96.0
capacity,0.7981499999996717,source:23,source:23,source,1,0.023867694044762928,0.9226821073756305,14.382409230857604,1e-09,97.0
capacity,0.7692500000000629,source:19,source:19,source,1,0.00220994475147678,0.9048318685215437,15.41640344533928,1e-09,98.0
capacity,0.7683999999999108,source:24,source:24,source,1,0.055309734510011144,0.9232603648974775,14.244780113842227,1e-09,99.0
capacity,0.7650000000000174,source:21,source:21,source,1,0.024444444444366165,0.9195828789877594,14.095310154336481,1e-09,100.0
capacity,0.7743500000001372,source:22,source:22,source,1,0.008781558726441091,0.8950169280637497,14.056990804602513,1e-09,101.0
capacity,0.7904999999999576,source:18,source:18,source,1,0.008602150537273676,0.9123469171152623,17.52463628044104,1e-09,102.0
capacity,0.7786000000000637,source:19,source:19,source,1,0.040393013099923596,0.9268112972611534,14.953385254054757,1e-09,103.0
capacity,0.7718000000000632,source:19,source:19,source,1,0.01651982378804494,0.9124026524647015,14.743181249776454,1e-09,104.0
capacity,0.8117500000001995,source:20,source:20,source,1,0.012565445025811688,0.9074053849020127,13.118246292689767,1e-09,105.0
capacity,0.7658500000001357,source:22,source:22,source,1,0.05216426193056835,0.9117010635478467,12.99577709772344,1e-09,106.0
capacity,0.7709499999999105,source:24,source:21;source:24,source,2,0.030871003307909865,0.8872601968227372,16.784581741607635,1e-09,107.0
capacity,0.7786000000000177,source:21,source:21,source,1,0.01855895196498767,0.9086704303123513,13.041144482502824,1e-09,108.0
capacity,0.7947499999999573,source:18,source:18,source,1,0.011764705881991078,0.9173831504829777,14.441151568436094,1e-09,109.0
capacity,0.8280000000054001,edge:12:K5,edge:12:K5,edge,1,0.0010869565140556815,0.9406291927376188,10.596026249048284,1e-09,110.0
capacity,0.7717999999999586,source:18,source:18,source,1,0.002202643171743582,0.8945334220134459,15.492938057604254,1e-09,111.0
capacity,0.7692500000001363,source:22,source:22,source,1,0.002209944751149839,0.9005770531598909,14.35402092696067,1e-09,112.0
capacity,0.7684000000000629,source:19,source:19,source,1,0.054138469548948416,0.9207586888186113,14.99924324547137,1e-09,113.0
capacity,0.8154000000090321,edge:14:K12,edge:14:K12,edge,1,0.0007358351617200302,0.9254038553511965,14.537579870373808,1e-09,114.0
capacity,0.8032500000000182,source:21,source:21,source,1,0.0633053221307679,0.9348904317868724,12.043369180256311,1e-09,115.0
capacity,0.782000000000064,source:19,source:19,source,1,0.01195652173929621,0.9257999562288212,13.325192028295268,1e-09,116.0
capacity,0.8136000000090121,edge:14:K12,edge:14:K12,edge,1,0.011061946890097828,0.925424007932817,12.794086967133,1e-09,117.0
capacity,0.7879499999996759,source:23,source:23,source,1,0.002157497303486798,0.901458203226346,18.99248777589956,1e-09,118.0
capacity,0.7820000000000178,source:21,source:21,source,1,0.00543478260891978,0.9059085765194489,16.354806785172578,1e-09,119.0
capacity,0.7709499999999105,source:24,source:24,source,1,0.06394707828025473,0.9062273663572636,13.945007015079433,1e-09,120.0
capacity,0.7684000000000629,source:19,source:19,source,1,0.013274336283351833,0.8913741745187768,15.179471586315172,1e-09,121.0
capacity,0.7751999999996811,source:23,source:23,source,1,0.015350877193483195,0.9010460067638413,14.026916213694324,1e-09,122.0
capacity,0.7964500000000181,source:21,source:21,source,1,0.045263356154438536,0.9361265621631363,11.781780225339228,1e-09,123.0
capacity,0.7726500000000176,source:21,source:21,source,1,0.027502750275186203,0.9041974199828423,15.01704841212254,1e-09,124.0
capacity,0.77519999999991,source:24,source:24,source,1,0.020833333333702648,0.9015666733748819,13.316515282308085,1e-09,125.0
capacity,0.7777500000000177,source:21,source:21,source,1,0.03169398907126823,0.9185920231468016,10.313307777271415,1e-09,126.0
capacity,0.7760499999999584,source:18,source:18,source,1,0.03176341730589482,0.8971002987456537,12.822655492528582,1e-09,127.0
capacity,0.7752000000000177,source:21,source:21,source,1,0.0010964912282247976,0.8897438192427447,13.150318930759473,1e-09,128.0
capacity,0.7922000000001946,source:20,source:20,source,1,0.039699570815280326,0.908819935742602,13.690964021551395,1e-09,129.0
capacity,0.7828500000000178,source:21,source:21,source,1,0.0032573289902873047,0.892058237245213,11.201764399214621,1e-09,130.0
capacity,0.7675500000001886,source:20,source:20,source,1,0.02990033222560534,0.9141746063332045,19.069254039062834,1e-09,131.0
capacity,0.8074999999999567,source:18,source:18,source,1,0.016842105263462265,0.9184045641691574,14.420915637272469,1e-09,132.0
capacity,0.7905000000000647,source:19,source:19,source,1,0.002150537634272798,0.9109913347259331,14.453979756306602,1e-09,133.0
capacity,0.7955999999999573,source:18,source:18,source,1,0.024886877826733114,0.9118560556593679,12.355061545508121,1e-09,134.0
capacity,0.7751999999999584,source:18,source:18,source,1,0.0076754385961308276,0.8856863358438911,18.414768055445652,1e-09,135.0
capacity,0.7692500000000175,source:21,source:21,source,1,0.08573285667596886,0.9240050828893219,12.655213560665906,1e-09,136.0
capacity,0.7718000000001368,source:22,source:22,source,1,0.002202643171874782,0.9077904836661995,20.18214007805132,1e-09,137.0
capacity,0.782000000000064,source:19,source:19,source,1,0.07282608695662404,0.9216679760508923,15.833064851217985,1e-09,138.0
capacity,0.7769000000001377,source:22,source:22,source,1,0.0503282275708079,0.9161033646129451,16.446966295270766,1e-09,139.0
capacity,0.7692499999999587,source:18,source:18,source,1,0.008839779005461863,0.8850560467393466,17.84354882106194,1e-09,140.0
capacity,0.8057999999999065,source:24,source:24,source,1,0.00949367088627579,0.9036249779094425,12.425089889887484,1e-09,141.0
capacity,0.7786000000000177,source:21,source:21,source,1,0.0010917030566920624,0.9049657312588516,14.946361248929316,1e-09,142.0
capacity,0.765849999999959,source:18,source:18,source,1,0.01442841287422098,0.890651815717627,14.634161389063863,1e-09,143.0
capacity,0.7820000000001921,source:20,source:20,source,1,0.056521739130118535,0.9136172545922568,11.192934498205338,1e-09,144.0
capacity,0.8134499999996654,source:23,source:23,source,1,0.02507836990640107,0.9153050862798259,13.299095217967098,1e-09,145.0
capacity,0.766699999999911,source:24,source:24,source,1,0.07427937915757711,0.915393801471318,16.433950528964935,1e-09,146.0
capacity,0.7828500000001387,source:22,source:22,source,1,0.001085776329486844,0.8848553373626324,12.178762411601625,1e-09,147.0
capacity,0.8024000000000182,source:21,source:21,source,1,0.03975573324060462,0.9266227543061514,10.253452186520505,1e-09,148.0
capacity,0.7785999999996798,source:23,source:23,source,1,0.0098253275112782,0.8962942592277487,14.293642874590073,1e-09,149.0
capacity,0.8100500000000185,source:21,source:21,source,1,0.006604531009544003,0.9187315182375343,18.25140974761106,1e-09,150.0
capacity,0.7743500000001903,source:20,source:20,source,1,0.043907793633298456,0.9074934166645531,12.11886347217861,1e-09,151.0
capacity,0.780299999999679,source:23,source:23,source,1,0.0010893246190944283,0.9073182760379607,17.71397451454468,1e-09,152.0
capacity,0.7837000000001926,source:20,source:20,source,1,0.04389434733333484,0.9309770791594406,14.625881478183242,1e-09,153.0
capacity,0.794750000000018,source:21,source:21,source,1,0.028247876679938222,0.917721227658902,10.516343637213867,1e-09,154.0
capacity,0.780299999999679,source:23,source:23,source,1,0.008714596950188848,0.9025756281472361,16.59406661166805,1e-09,155.0
capacity,0.7879500000000179,source:21,source:21,source,1,0.0021574973033517686,0.8933568778760487,15.713582677730992,1e-09,156.0
capacity,0.789650000000194,source:20,source:20,source,1,0.02583423035499199,0.9018770164238565,14.144921541903289,1e-09,157.0
capacity,0.7658500000001357,source:22,source:22,source,1,0.03995560488315779,0.901312092242149,17.4092915316952,1e-09,158.0
capacity,0.8058000000000659,source:19,source:19,source,1,0.009679821310633517,0.912776282131088,12.798163438556687,1e-09,159.0
capacity,0.7921999999996742,source:23,source:23,source,1,0.04519060843143858,0.9413703144517848,11.400942990388433,1e-09,160.0
capacity,0.7692500000001363,source:22,source:22,source,1,0.020994475137885833,0.8933195839835967,15.857902739531184,1e-09,161.0
capacity,0.7786000000000637,source:19,source:19,source,1,0.006550218340551867,0.9054054530210648,12.878626006309807,1e-09,162.0
capacity,0.8108999999989112,edge:15:K5,edge:15:K5,edge,1,0.022012578617905627,0.9334047580054917,9.892876512762632,1e-09,163.0
capacity,0.77350000000019,source:20,source:20,source,1,0.03736263736246743,0.9129539491826498,13.626182678590247,1e-09,164.0
capacity,0.7692499999996836,source:23,source:23,source,1,0.04309392265224163,0.9110746031864272,11.663602006649507,1e-09,165.0
capacity,0.8168500000001447,source:22,source:22,source,1,0.00483564913741439,0.9284148350225937,8.66813487810893,1e-09,166.0
capacity,0.8083499999999062,source:24,source:24,source,1,0.035751840168387776,0.9195462504638496,13.653660685343635,1e-09,167.0
capacity,0.780299999999679,source:23,source:23,source,1,0.007625272331651612,0.8914875059302023,14.666260654592609,1e-09,168.0
capacity,0.7794499999999581,source:18,source:18,source,1,0.011995637949913754,0.9060624745026566,18.02077700159782,1e-09,169.0
capacity,0.7743500000001372,source:22,source:22,source,1,0.02305159165758925,0.900975908188805,16.555157874282234,1e-09,170.0
capacity,0.8040999999999067,source:24,source:24,source,1,0.0010570824526294593,0.9173166701261143,13.536840692764189,1e-09,171.0
capacity,0.766699999999911,source:24,source:24,source,1,0.03658536585386374,0.9047201620781067,15.719689510304168,1e-09,172.0
capacity,0.7734999999999584,source:18,source:18,source,1,0.0010989010992007574,0.9206639845009568,18.367278894745148,1e-09,173.0
capacity,0.7998500000001417,source:22,source:22,source,1,0.008501594048290642,0.9037538003055517,13.099537988839192,1e-09,174.0
capacity,0.766699999999911,source:24,source:24,source,1,0.06704056344265685,0.9218511246523196,14.865398206891733,1e-09,175.0
capacity,0.8091999999999566,source:18,source:18,source,1,0.03571428571452483,0.915587809882136,12.838458254579315,1e-09,176.0
capacity,0.7684000000000175,source:21,source:21,source,1,0.029867256637025132,0.9013142106904569,18.091765025373526,1e-09,177.0
capacity,0.7658500000000626,source:19,source:19,source,1,0.05771365149781355,0.9077079967432482,15.50539120247461,1e-09,178.0
capacity,0.8092000000001434,source:22,source:22,source,1,0.0009886307612180841,0.9066203624045489,8.208892449703466,1e-09,179.0
capacity,0.7709499999996829,source:23,source:23,source,1,0.029768467475561246,0.8996538631504639,14.615604956303114,1e-09,180.0
capacity,0.765000000000188,source:20,source:20,source,1,0.06470588235962342,0.9207926854050963,15.73840329925513,1e-09,181.0
capacity,0.7726499999996822,source:23,source:23,source,1,0.01870187018746089,0.8952598465116914,14.517054956705696,1e-09,182.0
capacity,0.8083500000000662,source:19,source:19,source,1,0.0020411950162788047,0.9005096746562292,14.29064534791992,1e-09,183.0
capacity,0.7718000000000176,source:21,source:21,source,1,0.050660792951603945,0.911688814626774,18.16532516884962,1e-09,184.0
capacity,0.7768999999996804,source:23,source:23,source,1,0.03282275711210673,0.9256551318299417,15.116994568383971,1e-09,185.0
capacity,0.7964500000001956,source:20,source:20,source,1,0.04526335614013431,0.936209509606708,10.266101495279905,1e-09,186.0
capacity,0.8006999999996707,source:23,source:23,source,1,0.013800424628890164,0.9043924045262318,11.22546258673244,1e-09,187.0
capacity,0.7726499999999585,source:18,source:18,source,1,0.011001100109947867,0.8947750947693622,18.867099211533095,1e-09,188.0
capacity,0.7735000000000176,source:21,source:21,source,1,0.02087912087904287,0.9006051294918735,13.885205185980638,1e-09,189.0
capacity,0.7845499999996773,source:23,source:23,source,1,0.0032502708564950927,0.9004950288607141,11.540214350722763,1e-09,190.0
capacity,0.7769000000001909,source:20,source:20,source,1,0.020787746170450788,0.914919736009469,12.490571295956627,1e-09,191.0
capacity,0.7896499999999577,source:18,source:18,source,1,0.031469638446279175,0.9238641789478611,12.351986830602678,1e-09,192.0
capacity,0.8235000000053707,edge:12:K5,edge:12:K5,edge,1,0.003278688533060487,0.9262751212793651,12.00032933810884,1e-09,193.0
capacity,0.7938999999999078,source:24,source:24,source,1,0.013918629550521915,0.9001917902048702,12.171865874156058,1e-07,194.0
capacity,0.7658499999999111,source:24,source:24,source,1,0.05882352941191173,0.9070832986753617,16.242987557749633,1e-09,195.0
capacity,0.8100000003420196,edge:26:K6,edge:26:K6,edge,1,0.03469135758767657,0.9224346084451922,9.212769742187046,1e-09,196.0
capacity,0.7828499999999091,source:24,source:24,source,1,0.013029315960612999,0.9022650691194608,13.320979818932463,1e-09,197.0
capacity,0.7964500000001411,source:22,source:22,source,1,0.005336179295392235,0.9040341865630536,13.336483637668957,1e-09,198.0
capacity,0.7811500000001385,source:22,source:22,source,1,0.006528835690673215,0.8846279204831902,14.945317249049156,1e-09,199.0
capacity,0.7709500000001894,source:20,source:20,source,1,0.06349309293448747,0.9161281491477409,10.895452207420735,1e-09,200.0
combined,0.798209885284747,source:21,source:21,source,1,0.0020479796022534265,0.9161613162563861,14.990419015317075,1e-09,1.0
combined,0.7827513812072316,edge:17:K8,edge:17:K8,edge,1,0.02212276171757114,0.9250832498367204,12.655282884800343,1e-09,2.0
combined,0.8020986289226809,edge:13:K8,edge:13:K8,edge,1,0.02170245824251041,0.928410405803454,9.453734022834084,1e-09,3.0
combined,0.8069842722498146,source:20,source:20,source,1,0.04789758048112484,0.9436196202213432,15.097293891573848,1e-09,4.0
combined,0.7945398239675816,edge:14:K12,edge:14:K12,edge,1,0.0009359372559440312,0.9115334181638175,18.50369288539011,1e-09,5.0
combined,0.8170393696560346,source:23,source:23,source,1,0.003704243402064777,0.9096369805464063,13.819293964408308,1e-09,6.0
combined,0.7445266348491338,source:20,source:20,source,1,0.01432742012024078,0.8902388141740902,17.06465898242996,1e-09,7.0
combined,0.7818833415770222,edge:12:K5,edge:12:K5,edge,1,0.0028864596222071795,0.9255478704168745,18.48068813555866,1e-09,8.0
combined,0.7979950800172606,source:21,source:21,source,1,0.008517252818339899,0.9369827908542786,17.244853376441966,1e-08,9.0
combined,0.7668660269370235,source:20,source:20,source,1,0.012123536964184917,0.9119250703002656,16.26540909265615,1e-09,10.0
combined,0.7634768702797117,source:20,source:20,source,1,0.03303134942731161,0.9127107058677926,20.658700864332666,1e-09,11.0
combined,0.8400664695815453,source:25,source:25,source,1,0.02179750747326803,0.9314000266376146,10.637662846460772,1e-09,12.0
combined,0.807156133837937,edge:14:K12,edge:14:K12,edge,1,0.03229552619642621,0.9396701852863804,11.903950455958912,1e-09,13.0
combined,0.7458115142502676,source:18,source:18,source,1,0.017896477549224313,0.8823230367387034,12.976320132868292,1e-09,14.0
combined,0.776770094729231,edge:15:K5,edge:15:K5,edge,1,0.024317145117277495,0.9069789525312132,14.347481819722626,1e-09,15.0
combined,0.7039338368419501,source:20,source:20,source,1,0.015375604073228513,0.8516948538288557,17.18469365627358,1e-09,16.0
combined,0.792041808450585,edge:17:K8,edge:17:K8,edge,1,0.023821829608005645,0.9436637873184563,9.307410836105987,1e-09,17.0
combined,0.7657445941508106,source:22,source:22,source,1,0.02136454447760787,0.8850973256347325,13.903119071569856,1e-09,18.0
combined,0.7718075553075815,edge:17:K8,edge:17:K8,edge,1,0.0007888704487738634,0.8860064098353421,14.044868988760504,1e-09,19.0
combined,0.780918110226866,source:18,source:18,source,1,0.004594125475009653,0.9096634736364465,15.609051807916812,1e-09,20.0
combined,0.7560741807067239,source:24,source:24,source,1,0.031858442928225435,0.9268105313609596,16.602206551175392,1e-09,21.0
combined,0.7720904699504256,source:22,source:22,source,1,0.03909801268232005,0.9084253686113569,14.034687484278496,1e-09,22.0
combined,0.7811387961376239,source:18,source:18,source,1,0.0019569181509435014,0.9243766353363462,14.1116692524885,1e-08,23.0
combined,0.7118518320484135,source:23,source:23,source,1,0.027766198170894436,0.861595045105114,24.296097247747856,1e-09,24.0
combined,0.7895113122290092,edge:11:K6,edge:11:K6,edge,1,0.06320174753056633,0.9423435322865432,12.079153996928484,1e-09,25.0
combined,0.744858662361218,edge:17:K8,edge:17:K8,edge,1,0.03704775019634047,0.9222855582395639,17.240796195015445,1e-09,26.0
combined,0.7847723052734679,source:23,source:23,source,1,0.039855573537260755,0.9095561467454064,11.738905750065802,1e-09,27.0
combined,0.7368922352400352,source:21,source:21,source,1,0.03829632632175182,0.8909692527801211,14.365698659672239,1e-09,28.0
combined,0.7796889499716132,edge:16:K5,edge:16:K5,edge,1,0.025921111231883856,0.9284468589538502,13.632786588904965,1e-09,29.0
combined,0.7842749504287055,edge:16:K5,edge:16:K5,edge,1,0.0018555839999752596,0.9145064822476938,15.686875554460586,1e-09,30.0
combined,0.7837485474081093,edge:11:K6,edge:11:K6,edge,1,0.018725747239477238,0.9203871059505617,13.972766665357256,1e-09,31.0
combined,0.7742147058909289,edge:14:K12,edge:14:K12,edge,1,0.0017037959671772566,0.9037560513108165,14.48840259091208,1e-09,32.0
combined,0.7778633314551247,source:18,source:18,source,1,0.02887515443691579,0.9103382902375157,13.80606551557953,1e-09,33.0
combined,0.7707369341778411,edge:15:K5,edge:15:K5,edge,1,0.021400117155083047,0.9165819731791665,10.891821824481816,1e-09,34.0
combined,0.7466834157478319,source:22,source:22,source,1,0.016158146198407625,0.8978562831517586,14.083396618101737,1e-09,35.0
combined,0.7501816330323159,source:23,source:23,source,1,0.008288386686100206,0.8753917298792868,17.062503478440348,1e-09,36.0
combined,0.7645275869461611,edge:15:K5,edge:15:K5,edge,1,0.018903467685542394,0.9192638688373882,13.016877043794278,1e-09,37.0
combined,0.7904594436977166,source:19,source:19,source,1,0.002682463219003263,0.9137016430725977,12.409149082531789,1e-09,38.0
combined,0.8022589967078421,edge:14:K12,edge:14:K12,edge,1,0.00817781721686212,0.932455384405026,16.677911827305383,1e-09,39.0
combined,0.79170738119095,source:23,source:23,source,1,0.0049503835143580414,0.9199812648011968,12.871888708750129,1e-09,40.0
combined,0.7949561940451693,source:19,source:19,source,1,0.009407193940202119,0.9075395731187522,16.767874590793156,1e-09,41.0
combined,0.7918086858381435,source:19,source:19,source,1,0.011330259838962001,0.9300398397245054,13.734888094726342,1e-09,42.0
combined,0.8157520550194547,source:23,source:23,source,1,0.01567866359382298,0.9438960343340066,13.171897119704985,1e-09,43.0
combined,0.7522658450017624,source:19,source:19,source,1,0.02635086310633024,0.8780097243651523,11.186919512158541,1e-09,44.0
combined,0.7503597285059219,edge:16:K5,edge:16:K5,edge,1,0.046382733316268694,0.9093980757087892,17.212556830826312,1e-09,45.0
combined,0.779877543766485,source:21,source:21,source,1,0.020462918855785953,0.8921136182142476,16.936348552357025,1e-09,46.0
combined,0.7287771532620022,source:24,source:24,source,1,0.01568244138046758,0.880125290022301,10.695282228467809,1e-09,47.0
combined,0.7675476113086867,edge:15:K5,edge:15:K5,edge,1,0.011338360037385073,0.8818172602665325,15.62076204986814,1e-09,48.0
combined,0.7955954148797075,edge:26:K6,edge:26:K6,edge,1,0.014349768981414693,0.9115110398196995,12.357374278421126,1e-09,49.0
combined,0.747300847751108,source:22,source:22,source,1,0.0431885651906205,0.8920231723678452,14.467148331583127,1e-09,50.0
combined,0.7796489631911521,source:19,source:19,source,1,0.0019172820823955875,0.8977002823171479,15.853166366254069,1e-09,51.0
combined,0.7529971070386687,edge:16:K5,edge:16:K5,edge,1,0.046590786978135026,0.907620784320783,14.002381456745818,1e-09,52.0
combined,0.759877127348496,source:18,source:18,source,1,0.04255507187062042,0.9005630354768293,17.522477361708003,1e-09,53.0
combined,0.8091000502854832,edge:14:K12,edge:14:K12,edge,1,0.004327835322240434,0.920202769522037,11.63237745502282,1e-09,54.0
combined,0.773778553650535,source:23,source:23,source,1,0.027646463055337644,0.8894879840610928,13.320951382060532,1e-09,55.0
combined,0.708334831360229,source:20,source:20,source,1,0.058977489877926795,0.8819662811724029,18.88057471210215,1e-09,56.0
combined,0.7702245598960632,edge:16:K5,edge:16:K5,edge,1,0.03840893085256907,0.9208453899311344,11.340733416758894,1e-09,57.0
combined,0.783317445191,edge:12:K5,edge:12:K5,edge,1,0.025502343218401054,0.9393844423188809,14.868856886343757,1e-09,58.0
combined,0.7681308148938794,edge:16:K5,edge:16:K5,edge,1,0.03934581958601557,0.9037623791972259,11.93526829777527,1e-09,59.0
combined,0.7485675687381,source:24,source:24,source,1,0.015931850451607454,0.8951497745503528,18.84108282991734,1e-09,60.0
combined,0.7737005265209895,source:22,source:22,source,1,0.047931755593400724,0.9068300678285948,12.865843671012609,1e-09,61.0
combined,0.7502092858793694,source:21,source:21,source,1,0.014680359294556062,0.9002861807535124,16.154272134394397,1e-09,62.0
combined,0.746652105510185,source:18,source:18,source,1,0.021240608791771667,0.8650422137391949,16.098591812285715,1e-09,63.0
combined,0.7539902585227792,edge:15:K5,edge:15:K5,edge,1,0.03652440626579186,0.9415015317869838,14.132259374413461,1e-09,64.0
combined,0.7754097984572862,edge:13:K8,edge:13:K8,edge,1,0.008622644178422787,0.9159243679829815,12.37933294560899,1e-09,65.0
combined,0.8062979201835039,source:22,source:22,source,1,0.023349979409068532,0.9299491534093483,15.733615200600877,1e-09,66.0
combined,0.737841176468221,edge:13:K8,edge:13:K8,edge,1,0.03561574698021994,0.8925723728277162,13.878356186409006,1e-09,67.0
combined,0.7866345271147416,source:20,source:20,source,1,0.011805082537264148,0.916538244814339,18.89608540094338,1e-08,68.0
combined,0.7816523186033673,edge:11:K6,edge:11:K6,edge,1,0.026119322780552644,0.9155373415275744,12.528780228788554,1e-09,69.0
combined,0.7746262312094268,source:22,source:22,source,1,0.0007844289089402303,0.9101302931543035,18.12713324090107,1e-09,70.0
combined,0.8156718588294835,source:21,source:21,source,1,0.0009011150413120427,0.9303077739427024,8.555347587055609,1e-09,71.0
combined,0.763482352940296,edge:16:K5,edge:16:K5,edge,1,0.03302875263182556,0.9333559970369358,18.027494036472575,1e-09,72.0
combined,0.7914942398174398,source:24,source:24,source,1,0.008322594619798878,0.9028863733434931,16.559211731539527,1e-09,73.0
combined,0.8209305688713004,source:18,source:18,source,1,0.004594987643139556,0.9251786253053196,18.15437282072899,1e-09,74.0
combined,0.7982320441978232,edge:15:K5,edge:15:K5,edge,1,0.0036043043173368604,0.9501493064001371,9.69138330556367,1e-09,75.0
combined,0.797134027719056,source:26,source:26,source,1,0.000664921464069672,0.9188737526563423,12.165253346465864,1e-09,76.0
combined,0.7601538461622663,edge:14:K12,edge:14:K12,edge,1,0.01929255881608267,0.8940383054863338,13.65983854773376,1e-09,77.0
combined,0.7636573820102834,source:19,source:19,source,1,0.012766473059115097,0.894867781275127,16.710297363035522,1e-09,78.0
combined,0.7546736112726127,source:19,source:19,source,1,0.007967662556349982,0.898690970602988,21.646331022523462,1e-09,79.0
combined,0.7821311180935842,edge:13:K8,edge:13:K8,edge,1,0.027752544610926366,0.9082887892603794,14.298958214569513,1e-09,80.0
combined,0.7759663868822708,edge:26:K6,edge:26:K6,edge,1,0.035039762830359325,0.9269801250337106,11.745062837254684,1e-09,81.0
combined,0.7804622275104135,source:22,source:22,source,1,0.007874781751221202,0.8945983107986772,15.768325569968562,1e-09,82.0
combined,0.7675130874410147,source:18,source:18,source,1,0.022557997699556537,0.896349266414344,17.06143966640656,1e-09,83.0
combined,0.8038919815977233,source:23,source:23,source,1,0.0020719266725101513,0.9326554542834522,11.417707506177768,1e-09,84.0
combined,0.7711784590007698,edge:11:K6,edge:11:K6,edge,1,0.03939268428724673,0.9265295747854924,12.173166536808873,1e-09,85.0
combined,0.764661588299717,source:22,source:22,source,1,0.0401543808161472,0.9090892175959107,16.842342480095297,1e-09,86.0
combined,0.7862030893888232,edge:25:K6,edge:25:K6,edge,1,0.015154008491666754,0.9494456475392152,15.500599753959506,1e-09,87.0
combined,0.7468833424543466,source:19,source:19,source,1,0.010006442810626483,0.8855284816858076,16.586691426935726,1e-09,88.0
combined,0.8031570818186916,edge:17:K8,edge:17:K8,edge,1,0.0018065817605598577,0.9332325401776271,11.187399032549482,1e-09,89.0
combined,0.8121552877687234,source:24,source:24,source,1,0.0032391789096443916,0.938863015086236,15.942497172502348,1e-09,90.0
combined,0.7600683602308975,source:21,source:21,source,1,0.02540375810827581,0.8988622182422474,17.99113182569832,1e-09,91.0
combined,0.75712927945805,edge:12:K5,edge:12:K5,edge,1,0.04506542109599145,0.9009511681647029,14.678903193898154,1e-09,92.0
combined,0.7648180298690329,edge:15:K5,edge:15:K5,edge,1,0.019540098913199525,0.9314502375180427,15.320692497395207,1e-09,93.0
combined,0.7717756101629213,source:23,source:23,source,1,0.04630787369515252,0.9092589445351981,12.709154105532365,1e-09,94.0
combined,0.8303415081691635,source:18,source:18,source,1,0.010473305785315863,0.9416720737855693,13.123590541676407,1e-09,95.0
combined,0.7510297192917544,source:18,source:18,source,1,0.017335548710441247,0.8816697423584426,13.431393022079574,1e-09,96.0
combined,0.7971080735793187,source:18,source:18,source,1,0.005090726614706967,0.8948016550304834,12.965779971295628,1e-09,97.0
combined,0.7889698581266565,source:21,source:21,source,1,0.040404259865734315,0.931790430235839,18.37574191345073,1e-09,98.0
combined,0.7237327160905742,source:20,source:20,source,1,0.005835481821863637,0.8411773878728952,20.007690963323828,1e-09,99.0
combined,0.7667673370406228,source:22,source:22,source,1,0.07651665529419618,0.9201867186480163,18.107914911458852,1e-09,100.0
combined,0.7201906864019818,source:21,source:21,source,1,0.06141659540690595,0.8836691864355997,17.402392284516104,1e-09,101.0
combined,0.7357768351928295,source:22,source:22,source,1,0.0028086193056095963,0.8524379574062125,14.741616514505857,1e-09,102.0
combined,0.7680377989514913,source:19,source:19,source,1,0.02289577248405553,0.9105302802630543,16.25666071878218,1e-09,103.0
combined,0.7521608677108631,source:20,source:20,source,1,0.04685491993438274,0.9051177218484289,20.664828374298803,1e-09,104.0
combined,0.7728012416081379,source:20,source:20,source,1,0.05316427579527938,0.9138536994323231,13.286998060530447,1e-09,105.0
combined,0.74649823847204,source:24,source:24,source,1,0.036446958197520606,0.9309998099125426,16.15927114189856,1e-09,106.0
combined,0.7595519383714645,source:24,source:24,source,1,0.003635149527615264,0.8995506778268704,17.982075339932262,1e-09,107.0
combined,0.7550308745469533,edge:26:K6,edge:26:K6,edge,1,0.09389198318720353,0.9444511021790144,8.241123857254514,1e-09,108.0
combined,0.8089401197725844,edge:11:K6,edge:11:K6,edge,1,0.0060317818083535455,0.9432560243515108,11.280832679375873,1e-09,109.0
combined,0.7748580021308625,source:26,source:26,source,1,0.0016168947286216277,0.9105183826227196,17.791663556740005,1e-09,110.0
combined,0.7379496738227858,edge:11:K6,edge:11:K6,edge,1,0.014792493639992087,0.9090994234715332,15.670389952021425,1e-09,111.0
combined,0.7449884293549863,edge:26:K6,edge:26:K6,edge,1,0.013776538003957142,0.9423267480824851,9.08819803911746,1e-09,112.0
combined,0.7831040978106611,edge:17:K8,edge:17:K8,edge,1,0.029885455587382967,0.9099308758694752,14.804082358797153,1e-09,113.0
combined,0.7920698765417499,edge:11:K6,edge:11:K6,edge,1,0.0030846794612478714,0.8900741733614487,13.144254403596547,1e-09,114.0
combined,0.768681680996842,edge:25:K6,edge:25:K6,edge,1,0.0020173354622975604,0.919767821774258,22.504032824772498,1e-09,115.0
combined,0.7655284483195479,edge:13:K8,edge:13:K8,edge,1,0.026213574989477812,0.9251849458321585,13.545924053342066,1e-09,116.0
combined,0.7545186620293399,source:19,source:19,source,1,0.013152901462727025,0.8971304247672517,18.690163542906383,1e-09,117.0
combined,0.8014923479314743,edge:15:K5,edge:15:K5,edge,1,0.0007636096462773399,0.929058082458171,14.2006639385564,1e-09,118.0
combined,0.7787036199145808,edge:12:K5,edge:12:K5,edge,1,0.019782579552692844,0.9034045769990119,16.264361705697862,1e-09,119.0
combined,0.7530103806149124,edge:17:K8,edge:17:K8,edge,1,0.008638313877728251,0.9090051274766512,15.89649990251234,1e-09,120.0
combined,0.760415149065325,edge:17:K8,edge:17:K8,edge,1,0.0030738762782948643,0.9015075550366283,12.247429756933373,1e-09,121.0
combined,0.7584505860894717,edge:12:K5,edge:12:K5,edge,1,0.041014632262139084,0.9100378539180005,16.622853060944653,1e-09,122.0
combined,0.7931506852664119,edge:25:K6,edge:25:K6,edge,1,0.011148415739659362,0.9059524869710218,14.438989817127718,1e-09,123.0
combined,0.7542036970834594,source:21,source:21,source,1,0.010491805633459446,0.8731923605288332,16.331957784384805,1e-09,124.0
combined,0.781760028508159,source:24,source:24,source,1,0.014155981411029169,0.8961034389321082,17.010139396981614,1e-09,125.0
combined,0.7812545808810906,source:20,source:20,source,1,0.0012980303770462158,0.9018830295460956,14.667194026529652,1e-09,126.0
combined,0.7564647830180052,source:22,source:22,source,1,0.04738346110509722,0.8935508829304512,16.720621838717506,1e-09,127.0
combined,0.7693927547651557,source:18,source:18,source,1,0.010046388174945858,0.9155870212976548,18.935227997650117,1e-09,128.0
combined,0.781321379176842,source:18,source:18,source,1,0.0004969433785414181,0.892857503670739,14.239173258903362,1e-09,129.0
combined,0.7673876958748977,source:19,source:19,source,1,0.0401311969402235,0.8962139987087643,10.135454576669659,1e-09,130.0
combined,0.7254170933678934,source:20,source:20,source,1,0.01999205484192363,0.8971818940729863,17.430043986136507,1e-09,131.0
combined,0.7183622428897947,source:18,source:18,source,1,0.025397095512733822,0.8806144214801237,21.619886595671392,1e-09,132.0
combined,0.7851479701857345,edge:11:K6,edge:11:K6,edge,1,0.017627340090173842,0.9292030924485702,13.400597928031404,1e-09,133.0
combined,0.7762962502896188,source:18,source:18,source,1,0.0005009228442838189,0.9129323950203414,19.463305152053536,1e-09,134.0
combined,0.7341609571496777,source:24,source:24,source,1,0.06905994022096279,0.9002940424845051,19.427818068993968,1e-09,135.0
combined,0.7533269118107314,source:21,source:21,source,1,0.01890054214882079,0.8974982618487095,17.80435316440441,1e-09,136.0
combined,0.7674560520767015,source:23,source:23,source,1,0.056607046203587086,0.9251994157770524,18.402639693881273,1e-09,137.0
combined,0.7901358744015691,edge:25:K6,edge:25:K6,edge,1,0.03261860874393999,0.9524149578639496,9.903716420051499,1e-09,138.0
combined,0.7748637339921948,source:23,source:23,source,1,0.01737388326423111,0.9083599823393174,16.413430818525296,1e-09,139.0
combined,0.7766567178043534,source:18,source:18,source,1,0.0036142680990340014,0.9206367748973674,15.971994130481503,1e-09,140.0
combined,0.7747393425839425,edge:17:K8,edge:17:K8,edge,1,0.0031627847050475846,0.9075856940718092,14.094171781303732,1e-09,141.0
combined,0.7729069237046523,edge:25:K6,edge:25:K6,edge,1,0.021159095966576714,0.9185694425401176,17.408328880957683,1e-09,142.0
combined,0.7744181994166829,edge:13:K8,edge:13:K8,edge,1,0.023055152129217063,0.9152791649724384,12.73914664056992,1e-09,143.0
combined,0.7277215515194763,source:23,source:23,source,1,0.004174947467057086,0.87553493527375,14.049880209633313,1e-09,144.0
combined,0.7523315110422113,edge:16:K5,edge:16:K5,edge,1,0.022648714344692,0.9048921514278272,20.277591896088882,1e-09,145.0
combined,0.7797440920807441,source:25,source:25,source,1,0.03298865690523982,0.8994664708756736,13.971576710281614,1e-09,146.0
combined,0.7547650392979576,source:19,source:19,source,1,0.013150985050873195,0.8776317394219354,18.677172075638577,1e-09,147.0
combined,0.743360986963628,source:20,source:20,source,1,0.02609228369690322,0.9005416476877387,16.332629444983056,1e-09,148.0
combined,0.8208081373436527,edge:16:K5,edge:16:K5,edge,1,0.006117155902119715,0.9176498728368658,11.540859468103816,1e-09,149.0
combined,0.7322363099157887,source:24,source:24,source,1,0.030425937684460315,0.8676057557538085,16.95600849912447,1e-09,150.0
combined,0.7621423464497812,edge:14:K12,edge:14:K12,edge,1,0.028543015766244476,0.9147747081513756,9.504170478694146,1e-09,151.0
combined,0.7646205596629209,source:19,source:19,source,1,0.03712754328530075,0.9067366054819825,19.20009586293003,1e-09,152.0
combined,0.7380038575922366,edge:26:K6,edge:26:K6,edge,1,0.001061009084494432,0.8923883302193593,17.672505886604693,1e-09,153.0
combined,0.7605344195144417,edge:25:K6,edge:25:K6,edge,1,0.00489757710265704,0.9171782253819835,22.312393817568818,1e-09,154.0
combined,0.7725129761047375,edge:26:K6,edge:26:K6,edge,1,0.01717517742267359,0.9123427358620878,12.39577392830336,1e-09,155.0
combined,0.7687717560924693,edge:13:K8,edge:13:K8,edge,1,0.02214630690196738,0.9197107795212868,17.01911600669854,1e-09,156.0
combined,0.7918465252124945,source:21,source:21,source,1,0.004383647780584385,0.9090843355766078,18.183128304303224,1e-09,157.0
combined,0.7674559958508117,source:23,source:23,source,1,0.005297442151785904,0.8967113131394575,14.533717365116539,1e-09,158.0
combined,0.805793495397387,source:19,source:19,source,1,0.007507020232740369,0.8982340417722902,13.595502559715522,1e-09,159.0
combined,0.7871411222604874,edge:12:K5,edge:12:K5,edge,1,0.008375233424765371,0.9113826861727709,17.931267367160395,1e-09,160.0
combined,0.7585262592561888,source:19,source:19,source,1,0.013025169757791772,0.900686643630397,15.476934107812559,1e-09,161.0
combined,0.7764613322908207,source:23,source:23,source,1,0.014837361099414073,0.8925849773634035,13.822628538650086,1e-09,162.0
combined,0.7155951464524334,source:19,source:19,source,1,0.004630971170796691,0.8625516638087022,17.94395185528822,1e-09,163.0
combined,0.7594877361546482,source:24,source:24,source,1,0.008799704811791716,0.8887496457081654,17.636064417458808,1e-09,164.0
combined,0.778141263544561,edge:14:K12,edge:14:K12,edge,1,0.008225715371504835,0.9122795359373451,12.540403011365562,1e-09,165.0
combined,0.7440722410091809,source:23,source:23,source,1,0.07574097388432975,0.9005313411978347,13.644772234393855,1e-09,166.0
combined,0.7875873278202765,source:24,source:24,source,1,0.042804416518286426,0.9178009829965378,13.63333120171588,1e-09,167.0
combined,0.7478073180097171,source:22,source:22,source,1,0.0014818497598828924,0.8853356051912091,18.05891623933582,1e-09,168.0
combined,0.7664648013321339,source:21,source:21,source,1,0.024501225504769655,0.8950942261670107,16.314435412342682,1e-09,169.0
combined,0.760918086860035,edge:16:K5,edge:16:K5,edge,1,0.04541258847745141,0.9393724383914265,7.329708263741167,1e-09,170.0
combined,0.78663651218251,source:23,source:23,source,1,0.013965041277841289,0.9133191779921196,13.722801396629778,1e-09,171.0
combined,0.8202077344958423,source:19,source:19,source,1,0.0015684862036522977,0.900407777951567,9.240199650339024,1e-09,172.0
combined,0.7679941176585514,edge:11:K6,edge:11:K6,edge,1,0.109187702634691,0.9677691317138689,9.226764801927464,1e-09,173.0
combined,0.7517562639771159,source:21,source:21,source,1,0.0036754779346206364,0.8790246156470701,21.36184111274262,1e-09,174.0
combined,0.7670149644830203,source:18,source:18,source,1,0.01492402506475809,0.883720070497357,20.19628407146267,1e-09,175.0
combined,0.7835326381676802,source:22,source:22,source,1,0.015792558632577718,0.8991719560587162,16.827534881349003,1e-09,176.0
combined,0.754106893225609,edge:11:K6,edge:11:K6,edge,1,0.01999764629354501,0.9094852741994872,12.021070492256708,1e-09,177.0
combined,0.7552823855279663,edge:13:K8,edge:13:K8,edge,1,0.005404870528810248,0.9014146084443053,11.487397086175646,1e-09,178.0
combined,0.7445812244178226,source:23,source:23,source,1,0.028938881831773185,0.8706304801747345,15.177326175676622,1e-09,179.0
combined,0.8014831225923671,source:20,source:20,source,1,0.01359899612141531,0.9154434229572496,16.97204065918162,1e-09,180.0
combined,0.7642739212121874,edge:11:K6,edge:11:K6,edge,1,0.011706487039029453,0.9259783260242571,17.227852104292612,1e-09,181.0
combined,0.7631458895473263,source:24,source:24,source,1,0.03870521974475636,0.9245310360087624,18.788373058889057,1e-09,182.0
combined,0.7624620702103387,source:18,source:18,source,1,0.018924283194726704,0.8779810370624683,18.017326599122796,1e-09,183.0
combined,0.7393235294228283,edge:11:K6,edge:11:K6,edge,1,0.05663697977405833,0.9399820526401806,11.597491803146395,1e-09,184.0
combined,0.7658092091992688,source:24,source:24,source,1,0.01567372468225999,0.8965821946320841,14.589637981431215,1e-09,185.0
combined,0.7822477292378521,edge:16:K5,edge:16:K5,edge,1,0.0001319635664788398,0.8997821122896951,15.766436712292041,1e-09,186.0
combined,0.7629614626253323,source:19,source:19,source,1,0.010549095461578457,0.8835962984272481,15.523163343373513,1e-09,187.0
combined,0.8291984448868339,source:21,source:21,source,1,0.002335720672805916,0.9377439705230832,12.01384457901812,1e-09,188.0
combined,0.773772002565722,source:22,source:22,source,1,0.03190700363213325,0.9018685806402637,15.002273067565865,1e-09,189.0
combined,0.8221294928811596,source:23,source:23,source,1,0.011713035600702764,0.9303613179337912,12.97994127260389,1e-09,190.0
combined,0.8463385583510937,edge:25:K6,edge:25:K6,edge,1,0.011750264667128842,0.9647989382577168,12.579526418089515,1e-09,191.0
combined,0.716601566517188,source:23,source:23,source,1,0.029298834347600666,0.8938655653008797,20.455351244370515,1e-09,192.0
combined,0.8112872938163253,source:22,source:22,source,1,0.005675322866758782,0.910375255280051,12.499909708816066,1e-09,193.0
combined,0.7479313140466838,source:23,source:23,source,1,0.03663555939216908,0.9097035220958698,15.678058508037772,1e-09,194.0
combined,0.7754376776724055,edge:16:K5,edge:16:K5,edge,1,0.006772639674495917,0.9215813662100264,14.152263252423671,1e-09,195.0
combined,0.7808080191566859,source:26,source:26,source,1,0.0013709682379017,0.893012821683838,13.200724554612046,1e-09,196.0
combined,0.7399580986202609,edge:26:K6,edge:26:K6,edge,1,0.06910857452172373,0.9142811977022149,13.531361075939644,1e-09,197.0
combined,0.8063056952523887,edge:11:K6,edge:11:K6,edge,1,0.0037515661216709073,0.9264923317550514,12.948635140737762,1e-09,198.0
combined,0.7351693893041256,source:18,source:18,source,1,0.01183592225606912,0.8933999001482233,23.45554851560711,1e-09,199.0
combined,0.7958360655856798,edge:11:K6,edge:11:K6,edge,1,0.010543431332725268,0.9283156779178146,14.896440778396723,1e-08,200.0
correlated,0.6583904717603092,source:23,source:23,source,1,0.015512895055850063,0.846894594731468,30.62471053722799,1e-09,1.0
correlated,0.651218499498309,source:18,source:18,source,1,0.00138152331107796,0.8278674792044374,41.16228767582822,1e-09,2.0
correlated,0.6728830514193401,source:21,source:21,source,1,0.028566201264621845,0.8633691815256693,19.010898995080776,1e-09,3.0
correlated,0.6633260935931067,source:24,source:24,source,1,0.049880021914133765,0.8790913444608809,36.035577654452666,1e-09,4.0
correlated,0.720337416339627,source:26,source:26,source,1,0.11354894844092332,0.9605751246524642,16.896133297892383,1e-09,5.0
correlated,0.6963428677861906,source:21,source:21,source,1,0.026607335930107043,0.8651289788430655,27.100940606972998,1e-08,6.0
correlated,0.6636394365907915,source:21,source:21,source,1,0.0028631966839338203,0.8523578229104626,43.07463794675339,1e-09,7.0
correlated,0.6511711262407246,source:22,source:22,source,1,0.06877911781478904,0.8651638351384753,26.236759447828916,1e-09,8.0
correlated,0.6477700748747803,source:23,source:23,source,1,0.009642540726632006,0.8651146463336451,38.143460793888465,1e-09,9.0
correlated,0.7004236289396716,source:24,source:24,source,1,0.007712136221935051,0.8829816501283476,18.291592382332695,1e-09,10.0
correlated,0.6390164596530776,source:19,source:19,source,1,0.0005968295206658762,0.8654326288035177,41.707963808175535,1e-09,11.0
correlated,0.6903546313166756,source:21,source:21,source,1,0.08030441662856243,0.9011032453201389,22.09073622269127,1e-09,12.0
correlated,0.6609666926426074,source:21,source:21,source,1,0.1883508435127755,0.9113908461617678,29.94215729507843,1e-09,13.0
correlated,0.650414436876163,source:22,source:22,source,1,0.027966133817227613,0.8488147453526133,22.321874496016168,1e-09,14.0
correlated,0.6551489573446926,source:23,source:23,source,1,0.15880105733746894,0.9114113758027497,34.44380426775585,1e-09,15.0
correlated,0.7237267135094155,source:20,source:20,source,1,0.013343567537795408,0.9080273702857071,31.581115658835028,1e-09,16.0
correlated,0.6362367057651223,source:19,source:19,source,1,0.30453621914722306,0.9228248490817368,25.74766460886933,1e-09,17.0
correlated,0.6470116035942536,source:20,source:20,source,1,0.07531494570183189,0.9102165274024498,35.00423784136366,1e-09,18.0
correlated,0.6543856704618324,source:20,source:20,source,1,0.1238332742485073,0.8911402156554924,30.70921904570686,1e-09,19.0
correlated,0.7094374162454948,source:24,source:24,source,1,0.021195342105636526,0.8798417108633408,27.856215618979927,1e-09,20.0
correlated,0.6697825849687672,source:25,source:25,source,1,0.04862350245099928,0.8866932172467534,36.84495967182697,1e-09,21.0
correlated,0.6815380282143877,source:26,source:26,source,1,0.1193824334261454,0.9102484252605946,29.80286780516068,1e-09,22.0
correlated,0.6815338766999472,source:24,source:24,source,1,0.010229787380766407,0.8739305147889352,35.18968704104598,1e-09,23.0
correlated,0.6360474876257187,source:24,source:24,source,1,0.016066118466233292,0.8252682418818703,38.67431497209704,1e-09,24.0
correlated,0.6693714142287616,source:23,source:23,source,1,0.0005401478075183908,0.9080590728063157,17.75696925482344,1e-09,25.0
correlated,0.6375610261095715,source:21,source:21,source,1,0.017198930103186853,0.8790738018381888,33.41085067453958,1e-09,26.0
correlated,0.6442370850354706,source:19,source:19,source,1,0.0666839317682186,0.9023135520364056,30.377747854186044,1e-09,27.0
correlated,0.7370256430836439,source:25,source:25,source,1,0.04007214290071005,0.9191983538301376,21.958296866625336,1e-09,28.0
correlated,0.6371281424255615,source:23,source:23,source,1,0.13848706058245475,0.8621464027827319,29.53894409494613,1e-09,29.0
correlated,0.6537646475503793,source:21,source:21,source,1,0.010647518109376128,0.9203807940118809,33.74252695183212,1e-09,30.0
correlated,0.6814844021845055,source:18,source:18,source,1,0.09494723603589622,0.9016845328585128,31.44933352535049,1e-09,31.0
correlated,0.6402811119863064,source:22,source:22,source,1,0.14502956589460766,0.8859528552660274,21.56614683395226,1e-09,32.0
correlated,0.6761990384824951,source:24,source:24,source,1,0.036715869647130195,0.9066092592135805,33.437029528573525,1e-09,33.0
correlated,0.6590422353064498,source:25,source:25,source,1,0.040897133808817876,0.8863400429422547,36.0454976191852,1e-09,34.0
correlated,0.6393545915295502,source:23,source:23,source,1,0.07075074599830114,0.890083624820266,35.52763453990455,1e-09,35.0
correlated,0.6999240452542148,source:23,source:23,source,1,0.13088857622398994,0.938700121562072,24.472404851314433,1e-09,36.0
correlated,0.6705604889038297,source:21,source:21,source,1,0.08147937732871006,0.8727204963047375,24.182103641311137,1e-09,37.0
correlated,0.6614935534754046,source:19,source:19,source,1,0.04814694812720936,0.9257796144941778,27.180037760693775,1e-09,38.0
correlated,0.6997213993344754,source:23,source:23,source,1,0.01087649334191607,0.9094412811861781,26.671533907066586,1e-09,39.0
correlated,0.6522072253136502,source:24,source:24,source,1,0.08543680315987644,0.887689604170773,34.86399008594856,1e-09,40.0
correlated,0.6593472762587869,source:20,source:20,source,1,0.10662234311766504,0.9038619014315329,28.064085559743944,1e-09,41.0
correlated,0.7120573014919057,source:26,source:26,source,1,0.021738299078198832,0.899144462827071,48.34945248345176,1e-09,42.0
correlated,0.6878508665826744,source:25,source:25,source,1,0.07925590888393659,0.9331245763857438,32.53720406263422,1e-09,43.0
correlated,0.6707880013009946,source:18,source:18,source,1,0.011289538685970628,0.8713708218390145,35.9060828524107,1e-09,44.0
correlated,0.6793104974594083,source:21,source:21,source,1,0.02213534056759389,0.8934969067075335,41.79549387373201,1e-09,45.0
correlated,0.7818997233841756,source:13,source:13,source,1,0.02342849846777284,0.9400186099018812,23.74349329913326,1e-09,46.0
correlated,0.7732731613630273,source:18,source:18,source,1,0.008652500472042446,0.9014976733483443,23.899164951571542,1e-09,47.0
correlated,0.6969425863048704,source:20,source:20,source,1,0.08113286035016931,0.9105461791747591,33.37437778973832,1e-09,48.0
correlated,0.7125357128205427,source:24,source:24,source,1,0.0865603027731397,0.9258227725335587,22.161123194471255,1e-07,49.0
correlated,0.7923723237121115,source:11,source:11,source,1,0.00867889856388731,0.9446108878553129,25.184026915873805,1e-09,50.0
correlated,0.6676260034436812,source:23,source:23,source,1,0.1227083106844664,0.911685336840063,27.47183807191058,1e-09,51.0
correlated,0.6703429742101404,source:23,source:23,source,1,0.001383182057431516,0.9044707304059978,41.622599376392266,1e-09,52.0
correlated,0.6716958072275764,source:25,source:25,source,1,0.10728096463152458,0.9405578297563273,24.713107759259927,1e-09,53.0
correlated,0.6909014092918122,source:20,source:20,source,1,0.030046078246752254,0.8873524007716017,27.13070985732214,1e-09,54.0
correlated,0.813092139522839,edge:11:K6,edge:11:K6,edge,1,0.0005812245878450374,0.9154539784666038,22.62076799872349,1e-09,55.0
correlated,0.6534462541478605,source:22,source:22,source,1,0.14410780333852224,0.9043458650937862,28.161505557402446,1e-09,56.0
correlated,0.7073004587623222,source:18,source:18,source,1,0.09353393689238076,0.8987580959644524,32.190671473387084,1e-09,57.0
correlated,0.6489306114324713,source:18,source:18,source,1,0.0417626622273814,0.8584903037571531,34.86708331709921,1e-09,58.0
correlated,0.7461893263320596,source:18,source:18,source,1,0.09512515256035022,0.9335699695281342,25.067734119827758,1e-09,59.0
correlated,0.6390164596530776,source:19,source:19,source,1,0.017195592809437013,0.9004066905546291,41.77446921837429,1e-09,60.0
correlated,0.7300501708146203,source:20,source:20,source,1,0.09756280996184935,0.9237772500194865,25.810458661031266,1e-09,61.0
correlated,0.6597421768182031,source:22,source:22,source,1,0.02050608287547166,0.8749150419740397,20.06646907924169,1e-09,62.0
correlated,0.713746034456358,source:19,source:19,source,1,0.06644396444978691,0.8799912544650105,31.40935441187181,1e-09,63.0
correlated,0.6801469117417084,source:24,source:24,source,1,0.043736662610634185,0.8660104950740312,30.072373440722906,1e-09,64.0
correlated,0.6555384728889926,source:22,source:22,source,1,0.009855772280066148,0.8595100987130287,27.253127696447834,1e-09,65.0
correlated,0.7886506375178358,source:24,source:24,source,1,0.035841276212579674,0.9217446226674656,25.337858546005595,1e-09,66.0
correlated,0.6674323381375286,source:23,source:23,source,1,0.18029365737670805,0.9218972117290218,29.725473117166008,1e-09,67.0
correlated,0.6719143684436698,source:21,source:21,source,1,0.019981436290455946,0.8657375425448082,33.65127974082538,1e-09,68.0
correlated,0.6883092151892819,source:24,source:24,source,1,0.04946199446165867,0.8803760546702889,20.614236046681444,1e-09,69.0
correlated,0.6365664775477955,source:22,source:22,source,1,0.05949389599575433,0.8719176317037173,24.75797620718145,1e-09,70.0
correlated,0.6609175203960242,source:19,source:19,source,1,0.09782556674167041,0.8735360659778455,36.03305485296901,1e-09,71.0
correlated,0.6859063884675811,source:20,source:20,source,1,0.14017937496888236,0.9305557724975818,27.46167849886264,1e-09,72.0
correlated,0.6937141986904007,source:20,source:20,source,1,0.0348715754074454,0.9350277563503838,31.67687860976896,1e-09,73.0
correlated,0.7553426261489622,source:22,source:22,source,1,0.00032406215882785784,0.8882216850947934,33.01942086559129,1e-09,74.0
correlated,0.6817751847645783,source:25,source:25,source,1,0.08776324247156439,0.9232014869600252,26.851447107085924,1e-09,75.0
correlated,0.6558415840952635,source:21,source:21,source,1,0.20110992779670464,0.9329225281460333,32.891468644987015,1e-09,76.0
correlated,0.6472808825738824,source:24,source:24,source,1,0.010100364464752707,0.869975622013257,27.80624296542737,1e-09,77.0
correlated,0.6647435000168557,source:22,source:22,source,1,0.1088228988030087,0.9144115941637464,37.67957954462026,1e-09,78.0
correlated,0.6863903777041238,source:21,source:21,source,1,0.03200548545121226,0.8922025574157503,30.559888858429822,1e-09,79.0
correlated,0.7473045216405039,source:22,source:22,source,1,0.013725270675771107,0.9049325623360152,28.5106934340559,1e-09,80.0
correlated,0.6479524411537131,source:20,source:20,source,1,0.00035098766604320576,0.8692373239254685,32.188512334860164,1e-09,81.0
correlated,0.7512745530070304,source:21,source:21,source,1,0.0015160784274504452,0.9209949617614333,21.195204104075952,1e-09,82.0
correlated,0.6707772051282063,source:19,source:19,source,1,0.026818228057565258,0.8646287233987171,41.68143729748506,1e-09,83.0
correlated,0.7653875319609885,source:19,source:19,source,1,0.062035728747656206,0.9362054599172352,25.332094746732327,1e-08,84.0
correlated,0.7048596338769731,source:22,source:22,source,1,0.04934037325566355,0.8977868737207372,30.16332144721391,1e-09,85.0
correlated,0.6752210721550169,source:23,source:23,source,1,0.15712710020183385,0.8965891888517381,25.41585864775778,1e-09,86.0
correlated,0.6900337107481797,source:25,source:25,source,1,0.17642253108913503,0.9480664333091289,26.308590565472578,1e-09,87.0
correlated,0.6981491906602095,source:21,source:21,source,1,0.11521028406938828,0.9085286586143893,32.60691455994125,1e-08,88.0
correlated,0.7270575389995417,source:25,source:25,source,1,0.04553174646708035,0.9361575171746799,22.086111855824722,1e-09,89.0
correlated,0.659444104382729,source:21,source:21,source,1,0.1468597615642377,0.9053520499484086,33.06168597694631,1e-09,90.0
correlated,0.7170411831384543,source:20,source:20,source,1,0.018756526666155682,0.9242076637854245,27.883590216989447,1e-09,91.0
correlated,0.6557289923978591,source:22,source:22,source,1,0.14307781291526783,0.8966507415675737,31.088644585400544,1e-09,92.0
correlated,0.6975777251186902,source:19,source:19,source,1,0.013982942696719819,0.853928375361743,19.041804264279275,1e-09,93.0
correlated,0.6375344644069443,source:24,source:24,source,1,0.04490904648698683,0.8565391763796997,36.321181820195044,1e-09,94.0
correlated,0.6346207095677882,source:18,source:18,source,1,0.22866888157708512,0.9020616279153535,32.76270488233648,1e-09,95.0
correlated,0.720337416339627,source:26,source:26,source,1,0.013716299625156162,0.910627023475359,29.646660701412166,1e-09,96.0
correlated,0.6464477415095801,source:20,source:20,source,1,0.19740776551841355,0.920482260675066,27.76984164003049,1e-09,97.0
correlated,0.683072631209797,source:25,source:25,source,1,0.11189805370415418,0.9362479273898123,24.10768400141047,1e-08,98.0
correlated,0.7032275039245899,source:22,source:22,source,1,0.07256928365020178,0.8685083159802397,32.38398981368587,1e-09,99.0
correlated,0.6479796293164888,source:18,source:18,source,1,0.04255177655542112,0.90016584685439,37.25540674159517,1e-09,100.0
correlated,0.679157878655334,source:24,source:24,source,1,0.15408071148827393,0.9044796278660386,31.506669367835656,1e-09,101.0
correlated,0.6460785648296502,source:23,source:23,source,1,0.09161373698330234,0.8760926137280332,34.246192194771346,1e-09,102.0
correlated,0.6395880741491179,source:21,source:21,source,1,0.018702213486152874,0.9096336796287026,23.18132740738412,1e-09,103.0
correlated,0.6813490867890514,source:22,source:22,source,1,0.026792685104109207,0.8553739084915742,28.613392104887104,1e-09,104.0
correlated,0.6510275434442252,source:18,source:18,source,1,0.03567841394543679,0.8940092016228008,29.487894848961705,1e-09,105.0
correlated,0.6699810666921063,source:21,source:21,source,1,0.04391953926888913,0.8891547438706134,33.887533371561695,1e-09,106.0
correlated,0.675538468921459,source:25,source:25,source,1,0.04310183734794956,0.9055625488764881,25.598935308748032,1e-09,107.0
correlated,0.6725320410426058,source:19,source:19,source,1,0.012459679779081616,0.9135912823588624,33.46474295413993,1e-09,108.0
correlated,0.646265767591095,source:21,source:21,source,1,0.030592993751662113,0.8383358781727502,27.21435730496932,1e-09,109.0
correlated,0.673851787037362,source:23,source:23,source,1,0.0653753829719295,0.9024185256046582,32.98237631820674,1e-09,110.0
correlated,0.7162596755269615,source:21,source:21,source,1,0.020241935286490015,0.9245686323040605,24.644783428830195,1e-09,111.0
correlated,0.6663945858856887,source:25,source:25,source,1,0.04979321469365376,0.8831077623090267,32.0900447561229,1e-09,112.0
correlated,0.7210266097543377,source:19,source:19,source,1,0.012732620009868223,0.8888428269778699,30.538009042199167,1e-09,113.0
correlated,0.6863903777041238,source:21,source:21,source,1,0.016179766643516245,0.8954641762969769,41.55810028119074,1e-09,114.0
correlated,0.7204589456653525,source:18,source:18,source,1,0.034687304138395714,0.9170635455803371,27.363415527237574,1e-09,115.0
correlated,0.6393879878150666,source:19,source:19,source,1,0.02662099316880055,0.8400734544696038,34.85672431827807,1e-09,116.0
correlated,0.687331789147914,source:19,source:19,source,1,0.0839065606897738,0.893365252962658,30.04393774878968,1e-09,117.0
correlated,0.6757525860737373,source:25,source:25,source,1,0.02305500266138441,0.8777714307252958,38.112627493114374,1e-09,118.0
correlated,0.717304416466355,source:18,source:18,source,1,0.05933162664860762,0.8866235182081705,19.178241146477085,1e-09,119.0
correlated,0.7300715955735422,source:19,source:19,source,1,0.12270166025654941,0.9369130212347028,21.559387067312965,1e-09,120.0
correlated,0.6859056607836527,source:26,source:26,source,1,0.012592596996602742,0.9151006755147008,26.96240912325369,1e-07,121.0
correlated,0.6686040140544985,source:20,source:20,source,1,0.03718682532918035,0.8818622046433123,30.029782679191495,1e-09,122.0
correlated,0.6486937127453152,source:21,source:21,source,1,0.028617606285590676,0.8648107723271821,40.70223554975196,1e-09,123.0
correlated,0.6774679403176018,source:25,source:25,source,1,0.00799320337150557,0.8499830690230854,32.24916806810963,1e-09,124.0
correlated,0.672559311701263,source:18,source:18,source,1,0.021930401298193035,0.8839500713433561,36.92453448837163,1e-09,125.0
correlated,0.6402811119863064,source:22,source:22,source,1,0.028880628702388392,0.844601823324008,28.57527615550497,1e-09,126.0
correlated,0.6731179854248892,source:19,source:19,source,1,0.11842626788235522,0.8820420781502056,26.43184937485624,1e-09,127.0
correlated,0.6406899974573685,source:19,source:19,source,1,0.033865883168534804,0.8892803672318264,39.60921242296757,1e-09,128.0
correlated,0.6715746890914651,source:18,source:18,source,1,0.01863208309656331,0.8540207602827016,25.91804762488135,1e-09,129.0
correlated,0.6740956713841673,source:19,source:19,source,1,0.08229954469224413,0.8811492418587158,27.147564089289812,1e-09,130.0
correlated,0.7380096829716366,source:24,source:24,source,1,0.015823323798343416,0.9016241256262714,31.40177243747994,1e-09,131.0
correlated,0.6639061065306934,source:24,source:24,source,1,0.02566732597253905,0.8854376927066191,35.22902606233069,1e-09,132.0
correlated,0.6583195625368834,source:24,source:24,source,1,0.08820594993230259,0.8865357138007866,35.36339698137947,1e-09,133.0
correlated,0.6463375883887181,source:24,source:24,source,1,0.011275848234027434,0.8470696904021581,26.77854024712547,1e-09,134.0
correlated,0.6519286582539864,source:22,source:22,source,1,0.03541845247602206,0.8464520744505383,27.42416307898072,1e-09,135.0
correlated,0.643261573465499,source:20,source:20,source,1,0.0035555695906719148,0.8394988538529509,32.794908845491946,1e-09,136.0
correlated,0.6733134113730421,source:19,source:19,source,1,0.01688539615451386,0.8878846523096251,29.162960005400272,1e-09,137.0
correlated,0.6382791942555099,source:24,source:24,source,1,0.025739086501615573,0.8467885996313241,40.63631680114275,1e-09,138.0
correlated,0.6789724062834804,source:25,source:25,source,1,0.01997753059496406,0.8551806470090131,29.39480785097852,1e-09,139.0
correlated,0.6731507596096666,source:18,source:18,source,1,0.024286471331676773,0.8518205538391139,34.38288768753915,1e-09,140.0
correlated,0.644776025854506,source:21,source:21,source,1,0.05569435679825007,0.9005206029006017,42.27948372912597,1e-09,141.0
correlated,0.6622264544174801,source:20,source:20,source,1,0.03891249279720626,0.885867969589074,32.12449986657743,1e-09,142.0
correlated,0.6388382855640482,source:24,source:24,source,1,0.050533773069724536,0.851739745329837,20.274157936211832,1e-09,143.0
correlated,0.6662819183548756,source:18,source:18,source,1,0.021309684452273322,0.9021058480022754,32.37052621323406,1e-09,144.0
correlated,0.6442182307166936,source:21,source:21,source,1,0.08615584901413682,0.8909514944216524,35.99813207965187,1e-09,145.0
correlated,0.6895006077591823,source:22,source:22,source,1,0.007794301174046369,0.8601765686266589,24.683008392488393,1e-09,146.0
correlated,0.7334279234940809,source:18,source:18,source,1,0.10571637247892647,0.9267983051336892,32.216656244743255,1e-09,147.0
correlated,0.6453240691350207,source:18,source:18,source,1,0.12416006039081588,0.925274691387543,30.528482654813637,1e-09,148.0
correlated,0.6937417758193304,source:21,source:21,source,1,0.011325886771489869,0.8595619963299892,30.7522868118576,1e-09,149.0
correlated,0.695801450770415,source:18,source:18,source,1,0.10884888750063552,0.8958026398588254,33.39179890053433,1e-09,150.0
correlated,0.6961625861799207,source:19,source:19,source,1,0.07684575379116815,0.9139305348597604,27.04544175827625,1e-09,151.0
correlated,0.6505939002794336,source:20,source:20,source,1,0.105812884410297,0.8701762355055088,26.064759900171744,1e-09,152.0
correlated,0.7825905621729209,source:18,source:18,source,1,0.0006458994661143036,0.9225387774501423,26.578497296333996,1e-09,153.0
correlated,0.6551466117932988,source:20,source:20,source,1,0.06383957208462847,0.8382250030521534,32.34129699853449,1e-09,154.0
correlated,0.6540055237908158,source:20,source:20,source,1,0.023562356430462644,0.8551108416771698,20.05069211389503,1e-09,155.0
correlated,0.6489000967835095,source:23,source:23,source,1,0.061967680882820474,0.878099296798776,41.406300983081536,1e-09,156.0
correlated,0.6981700228769624,source:25,source:25,source,1,0.09308348679943908,0.9504638768480296,26.021840523929562,1e-09,157.0
correlated,0.7027670208095195,source:23,source:23,source,1,0.16758881519204688,0.9292816520518975,22.68038232100215,1e-09,158.0
correlated,0.6920041316063591,source:25,source:25,source,1,0.09379219512628331,0.9152785662023537,41.06201087533637,1e-09,159.0
correlated,0.6831559568477443,source:19,source:19,source,1,0.0050238981344463704,0.8979304632334401,35.57246567271343,1e-09,160.0
correlated,0.7897101980194392,source:22,source:22,source,1,0.04768160082057681,0.9325737212322738,22.09466621624643,1e-09,161.0
correlated,0.7641268400040266,source:22,source:22,source,1,0.013152924286367872,0.8895090220488259,33.879540449020205,1e-09,162.0
correlated,0.8311665379070564,edge:13:K8,edge:13:K8,edge,1,0.016940366647148295,0.9723214564362096,12.290044533530107,1e-09,163.0
correlated,0.657053877789165,source:23,source:23,source,1,0.026902744815051168,0.8513112428871759,29.511400804454745,1e-09,164.0
correlated,0.7360685835311335,source:26,source:26,source,1,0.004475959959829554,0.9183397353257914,24.061407927005362,1e-09,165.0
correlated,0.6419917197062458,source:21,source:21,source,1,0.00495643787646248,0.8330734442252681,26.081374157636745,1e-09,166.0
correlated,0.6880639226893379,source:23,source:23,source,1,0.05009493317008238,0.8974469550149456,36.42924096707623,1e-09,167.0
correlated,0.6793992794733068,source:19,source:19,source,1,0.04501672947420975,0.9180378659119862,29.923264992186997,1e-09,168.0
correlated,0.6846825750602231,source:23,source:23,source,1,0.058494124100665894,0.9038688938117315,30.098565978491692,1e-09,169.0
correlated,0.6947252992074197,source:26,source:26,source,1,0.03764836985894144,0.9157834717370593,24.589438608578266,1e-09,170.0
correlated,0.7130114866437248,source:23,source:23,source,1,0.07568916407348385,0.9252890836581509,27.387333446883844,1e-07,171.0
correlated,0.837069922307422,edge:15:K5,edge:15:K5,edge,1,0.005699696559202314,0.9372176084289696,13.628905933988928,1e-09,172.0
correlated,0.6849135140347113,source:24,source:24,source,1,0.0513147950847316,0.9131084071758007,29.955015662069595,1e-08,173.0
correlated,0.7275957374199618,source:23,source:23,source,1,0.04148382014074719,0.9129719871275022,32.77509110916998,1e-09,174.0
correlated,0.6369351467148231,source:20,source:20,source,1,0.057408294741554004,0.8996685375032258,35.42683597149738,1e-09,175.0
correlated,0.6448310445635562,source:24,source:24,source,1,0.1534107544873663,0.9265714568185273,32.10731539543767,1e-09,176.0
correlated,0.6916616452222166,source:23,source:23,source,1,0.006535817797657425,0.8880668382259672,37.15127797086097,1e-09,177.0
correlated,0.6511997013766457,source:19,source:19,source,1,0.010048788634723206,0.8884037926942395,25.196314667055518,1e-09,178.0
correlated,0.6511997013766457,source:19,source:19,source,1,0.005201121769280433,0.8447341959576791,36.509150407042554,1e-09,179.0
correlated,0.6834317427982707,source:21,source:21,source,1,0.007290112479325812,0.9102333246340362,37.563752866944085,1e-09,180.0
correlated,0.7136951053834195,source:22,source:22,source,1,0.13264464589596126,0.9159661881340282,24.637762277221995,1e-09,181.0
correlated,0.6511657917972656,source:23,source:23,source,1,0.17382870670111267,0.9145897271016975,20.52063426068481,1e-09,182.0
correlated,0.7080763318758472,source:23,source:23,source,1,0.0018870337747353611,0.8775636503689276,32.44818026736261,1e-09,183.0
correlated,0.7195410972688351,source:20,source:20,source,1,0.1120670155172743,0.9336147859689771,22.821287905159686,1e-09,184.0
correlated,0.6519227014526237,source:23,source:23,source,1,0.028588952968928823,0.8503809686739467,26.40914162439418,1e-09,185.0
correlated,0.6917210604085577,source:24,source:24,source,1,0.015416497773435293,0.8781867915663202,30.278983497230968,1e-08,186.0
correlated,0.7021625097938687,source:25,source:25,source,1,0.06229013832688054,0.9295011664441698,28.33071000135748,1e-09,187.0
correlated,0.6637670411177575,source:20,source:20,source,1,0.004675328116511421,0.8731598527992926,36.47574274256448,1e-09,188.0
correlated,0.675433799459124,source:20,source:20,source,1,0.13848143537704993,0.9164096136604742,31.43625615812336,1e-09,189.0
correlated,0.7968736244733262,source:23,source:23,source,1,0.001403167146877393,0.9086779432807865,23.83052574173184,1e-09,190.0
correlated,0.7133641212905236,source:24,source:24,source,1,0.01131254922147277,0.8880057329259878,42.40877009562201,1e-09,191.0
correlated,0.6687891256987051,source:23,source:23,source,1,0.00381203895871768,0.8531975126815662,31.93988585999299,1e-09,192.0
correlated,0.6865075249927585,source:22,source:22,source,1,0.014060968804506543,0.8730354126046777,36.52923977309258,1e-09,193.0
correlated,0.6579363386831459,source:18,source:18,source,1,0.006538586603551033,0.8923535306922018,38.043360694635524,1e-09,194.0
correlated,0.7462246730875836,source:22,source:22,source,1,0.02360155581411574,0.9197293820449497,18.41467898731859,1e-09,195.0
correlated,0.6588953909515632,source:24,source:24,source,1,0.03171728367198475,0.8987753826121493,33.33940129358599,1e-09,196.0
correlated,0.686703203698429,source:20,source:20,source,1,0.025189196531694085,0.9282261086526917,20.503718123137826,1e-09,197.0
correlated,0.6921348579111262,source:19,source:19,source,1,0.020179483522648718,0.8865173108297668,28.351458755952457,1e-09,198.0
correlated,0.6421461897771148,source:22,source:22,source,1,0.14918386022569738,0.8897843430690908,30.18943825315579,1e-09,199.0
correlated,0.6759667703142385,source:25,source:25,source,1,0.0018259439141385793,0.8727494999357929,24.50727557271612,1e-09,200.0
